Тираж;Дата;№ 1;№ 2;№ 3;№ 4;№ 5;№ 6;№ 7;№ 8;№ 9;№ 10;№ 11;№ 12;№ 13;№ 14;№ 15;№ 16;№ 17;№ 18;№ 19;№ 20
5772;12.11.2025;41;10;45;46;30;56;20;58;28;22;47;3;9;6;7;25;1;26;35;11
5771;11.11.2025;13;25;19;5;47;21;26;18;36;35;57;32;41;54;33;58;55;51;48;52
5770;10.11.2025;35;29;1;54;6;17;30;10;3;8;11;53;7;56;41;45;20;13;48;32
5769;09.11.2025;39;38;59;31;36;8;42;27;44;58;35;16;32;60;54;43;29;55;47;15
5768;08.11.2025;47;16;5;21;49;3;60;23;12;41;59;24;48;44;35;54;28;38;6;50
5767;07.11.2025;1;45;27;47;30;31;34;56;16;5;17;22;9;53;3;33;41;21;7;52
5766;06.11.2025;21;5;54;7;6;16;23;19;38;4;32;37;45;28;50;44;33;35;11;57
5765;05.11.2025;30;19;32;53;33;16;31;2;5;18;27;39;49;14;56;58;50;41;25;46
5764;04.11.2025;32;29;15;37;7;21;13;33;47;51;6;18;4;14;58;49;43;54;12;27
5763;03.11.2025;55;50;20;42;27;6;7;36;8;1;30;41;46;57;18;49;31;35;52;4
5762;02.11.2025;20;37;25;7;52;15;16;27;33;41;47;51;26;17;54;56;22;45;12;46
5761;01.11.2025;2;52;59;12;51;32;48;42;29;5;10;58;6;37;24;28;40;43;22;20
5760;31.10.2025;21;2;44;53;48;36;5;57;11;46;26;33;9;15;39;59;3;8;55;42
5759;30.10.2025;21;19;13;23;53;57;46;25;18;59;6;48;42;33;1;47;29;45;31;11
5758;29.10.2025;42;53;43;19;27;37;45;59;33;49;26;60;16;56;51;7;9;8;28;14
5757;28.10.2025;44;3;4;43;12;7;41;40;45;19;17;20;57;25;47;1;14;51;26;55
5756;27.10.2025;45;22;8;52;42;21;30;25;32;19;3;55;1;33;41;11;26;34;57;29
5755;26.10.2025;9;7;52;5;38;59;15;8;10;17;19;30;48;39;42;44;16;29;58;25
5754;25.10.2025;44;38;59;20;46;16;5;14;18;45;27;35;55;24;56;40;6;29;21;8
5753;24.10.2025;41;40;47;36;49;52;6;53;39;1;17;58;37;34;29;11;35;7;9;16
5752;23.10.2025;56;55;31;10;42;23;28;9;38;44;52;60;39;7;40;26;25;43;17;33
5751;22.10.2025;17;30;10;31;25;39;26;37;32;20;47;56;8;1;36;22;2;52;59;49
5750;21.10.2025;36;9;26;60;38;35;22;41;27;59;58;39;56;20;18;2;54;21;11;1
5749;20.10.2025;22;24;11;59;7;23;47;57;54;33;35;18;46;27;53;29;17;8;31;43
5748;19.10.2025;43;59;18;29;49;12;40;13;48;3;19;9;53;36;15;20;27;42;56;5
5747;18.10.2025;49;50;6;10;19;21;26;52;58;51;59;29;17;11;47;22;34;43;13;36
5746;17.10.2025;8;31;48;44;4;52;56;50;6;10;54;28;57;15;18;29;12;27;25;5
5745;16.10.2025;48;8;57;44;10;35;26;3;53;36;50;47;46;9;34;11;56;17;12;24
5744;15.10.2025;4;58;19;26;47;24;2;16;37;31;12;54;36;27;42;52;6;55;34;28
5743;14.10.2025;33;22;3;30;39;2;34;6;32;16;31;53;11;36;15;56;47;20;7;45
5742;13.10.2025;8;44;14;19;29;43;25;11;3;13;6;40;52;17;55;27;38;49;30;41
5741;12.10.2025;13;33;36;27;17;30;14;53;11;41;7;35;6;19;31;1;39;38;58;20
5740;11.10.2025;9;13;19;23;38;52;35;39;60;41;7;17;22;28;18;3;50;26;36;57
5739;10.10.2025;45;33;39;21;31;56;41;35;15;51;12;5;48;13;16;53;40;37;25;17
5738;09.10.2025;4;52;16;54;41;20;11;55;7;14;31;46;3;43;47;26;38;23;37;19
5737;08.10.2025;18;31;48;51;19;13;20;30;36;43;25;39;17;50;3;32;45;24;52;33
5736;07.10.2025;44;31;3;19;48;12;16;32;15;34;20;9;41;25;26;7;29;52;37;5
5735;06.10.2025;18;7;49;10;8;3;30;27;25;13;58;46;57;20;47;12;52;11;39;60
5734;05.10.2025;59;7;45;54;53;22;49;43;58;10;35;16;18;11;56;21;30;2;26;13
5733;04.10.2025;9;33;52;15;40;37;50;31;21;17;39;26;30;25;28;13;45;24;38;4
5732;03.10.2025;39;41;42;5;23;48;52;54;58;7;9;27;28;6;20;24;53;34;45;11
5731;02.10.2025;39;14;48;2;12;43;49;15;16;59;5;41;53;23;22;31;9;20;60;42
5730;01.10.2025;55;41;4;13;49;29;53;3;40;39;35;19;25;58;24;57;54;12;21;34
5729;30.09.2025;6;56;15;25;17;36;44;39;23;33;32;22;50;19;49;58;40;42;16;48
5728;29.09.2025;41;23;6;28;5;56;39;38;50;30;40;42;32;15;20;14;22;12;37;10
5727;28.09.2025;29;41;14;42;7;17;34;44;1;19;30;13;22;39;50;59;26;33;38;8
5726;27.09.2025;24;8;59;25;9;32;35;41;57;29;5;7;42;56;51;44;12;4;19;2
5725;26.09.2025;55;46;11;53;14;31;54;43;32;34;15;12;40;2;3;13;51;48;35;38
5724;25.09.2025;24;36;17;30;58;4;47;28;16;20;12;51;50;33;31;32;1;25;27;38
5723;24.09.2025;41;14;19;12;30;58;6;8;38;24;4;26;35;49;5;13;59;20;21;34
5722;23.09.2025;5;47;26;7;4;35;39;6;58;21;32;3;28;24;30;55;54;46;15;22
5721;22.09.2025;40;27;32;6;14;24;30;49;55;57;43;42;36;44;47;3;26;12;22;8
5720;21.09.2025;31;3;35;44;5;55;24;7;45;28;10;4;27;33;49;6;39;48;26;50
5719;20.09.2025;60;53;46;52;10;27;30;8;59;34;39;7;48;24;41;54;19;38;2;49
5718;19.09.2025;28;7;30;1;42;57;31;11;23;52;3;49;27;9;45;54;13;22;56;38
5717;18.09.2025;12;1;47;51;31;54;32;11;34;28;58;33;30;55;48;36;15;41;17;20
5716;17.09.2025;42;7;21;22;54;36;3;23;37;20;44;56;19;16;50;52;53;60;10;45
5715;16.09.2025;34;13;44;43;46;1;22;24;57;52;49;35;59;54;41;27;19;28;53;55
5714;15.09.2025;34;42;60;29;14;44;24;38;22;37;50;41;46;11;21;20;45;4;58;27
5713;14.09.2025;47;8;54;40;12;39;16;32;30;51;13;43;28;5;49;41;2;20;4;19
5712;13.09.2025;16;8;58;34;54;45;6;37;2;49;31;51;5;48;46;7;60;20;14;25
5711;12.09.2025;3;28;2;52;33;27;35;43;18;15;42;12;11;17;7;4;45;20;38;37
5710;11.09.2025;58;48;45;2;20;28;1;3;56;55;43;24;26;14;57;53;40;34;12;9
5709;10.09.2025;14;28;45;40;1;19;23;52;8;30;10;26;16;18;47;9;27;7;37;36
5708;09.09.2025;32;47;10;13;57;46;24;42;34;30;11;36;38;35;31;49;33;2;41;12
5707;08.09.2025;8;36;51;31;5;43;28;38;22;24;29;13;32;55;3;27;11;54;45;49
5706;07.09.2025;60;43;1;35;53;24;29;54;20;38;9;31;47;51;14;26;28;12;37;45
5705;06.09.2025;37;33;43;51;56;49;14;44;39;47;5;54;35;48;20;60;12;17;36;7
5704;05.09.2025;31;5;57;15;51;27;37;22;36;26;23;38;11;56;58;24;32;9;44;53
5703;04.09.2025;57;11;1;41;12;38;23;2;32;33;25;16;18;28;3;30;43;40;48;42
5702;03.09.2025;45;50;59;13;60;32;19;36;57;46;47;43;18;58;16;28;41;10;20;12
5701;02.09.2025;28;12;41;40;19;10;43;22;3;48;14;38;29;33;1;25;2;32;39;44
5700;01.09.2025;23;3;25;29;34;5;56;27;35;53;4;47;45;1;8;6;59;36;2;57
5699;31.08.2025;7;48;25;21;59;28;6;35;36;31;40;37;19;60;3;24;33;9;12;22
5698;30.08.2025;34;52;53;28;18;57;12;50;36;26;13;1;54;21;24;6;14;7;60;9
5697;29.08.2025;16;23;17;13;31;6;21;32;48;59;11;33;50;42;22;57;26;27;29;54
5696;28.08.2025;9;60;56;21;10;51;23;8;28;44;50;19;54;4;37;41;6;33;48;43
5695;27.08.2025;41;11;8;55;7;10;37;12;35;30;44;1;9;59;56;3;43;45;36;50
5694;26.08.2025;31;24;18;20;50;32;30;12;41;46;38;25;33;40;22;54;11;37;51;53
5693;25.08.2025;8;4;27;13;24;58;25;55;21;11;20;36;14;9;37;51;6;17;41;29
5692;24.08.2025;26;37;8;17;4;28;24;57;3;33;18;43;44;36;39;14;34;48;19;42
5691;23.08.2025;15;6;3;23;41;4;26;60;10;29;8;43;31;21;55;35;5;24;2;20
5690;22.08.2025;57;10;30;13;59;26;34;1;41;50;7;60;16;51;8;38;46;39;49;4
5689;21.08.2025;9;16;47;30;28;25;51;43;7;49;20;11;10;8;50;34;33;14;13;52
5688;20.08.2025;50;47;30;37;60;54;33;43;32;17;40;49;46;6;12;4;57;13;55;59
5687;19.08.2025;36;8;3;46;6;51;16;19;11;27;47;42;34;52;14;54;37;43;40;7
5686;18.08.2025;26;16;6;11;41;29;20;49;38;4;17;44;39;35;58;23;1;47;34;8
5685;17.08.2025;32;47;20;10;2;56;59;37;54;29;30;21;60;35;52;27;49;18;53;51
5684;16.08.2025;38;41;5;48;33;1;17;45;44;37;47;10;14;29;43;49;6;32;57;9
5683;15.08.2025;5;60;2;18;15;44;30;51;50;7;10;43;45;53;37;56;40;17;19;55
5682;14.08.2025;3;10;9;23;6;1;37;47;20;44;11;17;28;18;7;36;54;16;58;2
5681;13.08.2025;10;18;54;5;1;43;56;17;57;48;15;30;7;29;8;46;20;12;41;34
5680;12.08.2025;42;54;6;4;32;56;44;57;51;33;35;17;47;41;19;46;37;58;38;50
5679;11.08.2025;2;12;5;34;53;16;31;8;55;6;11;38;23;29;46;9;18;59;25;48
5678;10.08.2025;51;18;34;40;24;10;19;9;23;56;26;31;29;59;25;21;44;27;42;33
5677;09.08.2025;3;42;2;57;55;16;22;24;52;53;51;9;48;10;50;1;25;41;58;23
5676;08.08.2025;12;59;41;21;38;25;28;56;29;3;39;8;46;35;2;36;23;16;51;30
5675;07.08.2025;20;4;27;51;28;30;50;49;33;19;31;47;29;26;13;41;2;40;12;38
5674;06.08.2025;52;51;49;10;50;27;43;41;18;15;46;39;5;9;16;29;60;21;1;17
5673;05.08.2025;47;38;20;35;43;51;24;42;6;34;54;45;52;27;33;25;26;57;3;46
5672;04.08.2025;18;53;22;58;40;23;50;60;2;38;35;1;32;15;20;37;55;3;26;54
5671;03.08.2025;7;50;48;3;49;47;16;41;35;43;36;59;55;27;15;56;23;51;28;54
5670;02.08.2025;1;46;30;31;21;34;37;57;26;50;32;43;39;28;18;42;2;23;44;38
5669;01.08.2025;1;37;17;12;11;15;44;8;60;59;34;16;52;2;57;21;23;43;47;29
5668;31.07.2025;43;41;55;13;37;16;30;3;26;31;46;7;57;36;34;27;28;51;42;12
5667;30.07.2025;51;15;28;37;10;22;6;53;18;52;48;35;40;56;12;5;30;26;50;54
5666;29.07.2025;12;25;3;8;44;41;13;53;60;22;39;20;17;23;35;42;15;32;28;19
5665;28.07.2025;32;26;14;25;41;22;6;57;27;20;54;49;46;44;58;34;33;8;30;36
5664;27.07.2025;44;46;13;18;37;34;35;47;4;25;36;11;45;48;16;8;60;26;5;6
5663;26.07.2025;42;26;11;56;46;8;10;15;37;34;13;31;60;59;50;2;6;54;17;3
5662;25.07.2025;52;54;17;24;43;9;38;26;59;14;42;50;41;13;3;34;11;28;58;16
5661;24.07.2025;23;45;36;11;22;35;4;43;29;10;30;50;60;52;6;7;34;28;8;20
5660;23.07.2025;38;33;47;58;54;42;34;5;18;1;13;14;8;4;59;11;30;2;22;6
5659;22.07.2025;57;28;40;11;52;49;6;59;4;21;9;29;39;30;2;10;41;42;31;55
5658;21.07.2025;24;10;15;41;27;34;45;17;21;54;4;32;3;49;22;20;55;11;53;16
5657;20.07.2025;35;46;14;53;31;43;25;34;7;19;26;30;28;38;3;55;39;40;59;52
5656;19.07.2025;55;32;3;40;37;56;12;50;27;59;19;53;5;31;4;13;33;43;28;23
5655;18.07.2025;19;42;32;16;22;6;3;43;33;52;49;59;53;60;15;54;35;27;30;1
5654;17.07.2025;58;56;38;53;12;10;2;7;11;16;37;18;15;8;21;28;35;22;50;26
5653;16.07.2025;29;16;21;55;35;3;14;49;24;41;46;39;2;4;38;30;59;54;50;48
5652;15.07.2025;41;16;24;9;45;1;13;59;7;54;43;50;36;15;25;48;8;19;20;40
5651;14.07.2025;8;2;48;16;14;35;57;46;54;44;38;30;17;1;43;26;41;36;58;24
5650;13.07.2025;8;22;13;47;52;59;9;55;26;21;23;40;38;5;10;19;60;34;44;7
5649;12.07.2025;23;7;25;4;33;8;30;29;16;1;44;17;32;11;10;39;13;26;27;2
5648;11.07.2025;10;31;36;3;11;57;33;25;48;47;46;28;55;58;52;4;39;35;42;20
5647;10.07.2025;49;28;29;52;13;34;48;2;21;7;6;24;40;10;50;44;1;51;55;20
5646;09.07.2025;6;59;46;19;32;15;45;5;35;40;8;51;17;47;43;31;11;7;10;37
5645;08.07.2025;30;47;59;20;4;58;29;54;2;13;6;10;34;27;11;45;40;26;28;16
5644;07.07.2025;60;57;14;39;6;46;21;40;22;17;16;48;1;3;43;51;45;33;18;30
5643;06.07.2025;31;15;30;17;55;52;60;50;28;36;37;13;26;18;25;16;24;11;22;56
5642;05.07.2025;10;41;1;40;21;54;6;30;13;59;33;9;19;8;16;56;57;42;18;55
5641;04.07.2025;55;56;54;49;30;27;31;44;12;39;38;33;1;26;52;59;58;9;6;60
5640;03.07.2025;31;29;4;38;60;12;15;25;9;43;54;18;26;33;58;42;49;48;32;57
5639;02.07.2025;22;29;2;19;33;44;53;11;28;45;20;14;13;27;15;7;16;4;52;5
5638;01.07.2025;25;17;1;9;3;46;33;15;59;13;29;42;2;53;22;4;20;57;44;40
5637;30.06.2025;19;18;48;30;42;36;12;52;33;14;38;51;13;47;17;60;41;2;1;26
5636;29.06.2025;13;49;23;55;6;8;32;21;10;47;57;37;36;3;29;11;28;22;40;54
5635;28.06.2025;60;33;23;45;4;29;34;3;20;40;8;50;26;6;1;48;47;12;43;53
5634;27.06.2025;40;12;54;20;17;8;46;1;22;38;10;24;37;50;5;45;56;44;32;7
5633;26.06.2025;41;36;50;20;4;55;23;19;49;60;52;10;1;44;38;16;9;48;33;46
5632;25.06.2025;32;29;40;33;7;36;58;50;57;6;59;8;44;26;47;23;12;19;49;56
5631;24.06.2025;7;51;16;24;60;33;44;18;47;27;48;38;41;39;2;25;49;58;9;11
5630;23.06.2025;50;26;29;4;32;8;42;20;47;12;39;33;9;56;37;30;38;59;35;57
5629;22.06.2025;57;10;5;58;30;8;2;59;34;43;26;29;54;28;6;1;46;53;22;27
5628;21.06.2025;1;31;23;18;47;44;30;7;29;17;19;16;58;2;46;34;37;4;15;33
5627;20.06.2025;47;56;8;30;31;21;10;6;4;16;18;13;40;19;50;59;14;52;9;25
5626;19.06.2025;46;16;24;33;57;51;11;55;58;37;36;27;44;42;10;5;14;53;54;22
5625;18.06.2025;40;25;39;17;21;52;58;1;20;24;42;23;22;6;16;38;5;29;30;46
5624;17.06.2025;2;20;39;1;32;8;49;9;43;41;11;10;19;28;50;47;44;22;27;17
5623;16.06.2025;29;13;21;10;38;24;20;59;35;46;18;52;31;16;25;7;42;55;15;53
5622;15.06.2025;28;25;59;49;43;51;42;14;33;5;4;27;45;3;8;36;21;58;47;22
5621;14.06.2025;56;59;57;15;37;44;53;38;18;26;46;50;10;1;48;19;21;27;40;11
5620;13.06.2025;54;1;39;16;15;52;9;53;58;24;56;60;35;59;25;6;32;33;28;5
5619;12.06.2025;47;31;29;36;38;28;6;7;39;14;11;54;27;20;21;42;45;34;60;5
5618;11.06.2025;10;48;16;36;29;59;13;38;30;7;5;53;45;60;28;50;27;17;20;51
5617;10.06.2025;11;33;60;49;59;31;37;43;41;20;6;12;2;19;34;55;46;3;50;44
5616;09.06.2025;15;21;34;38;49;36;14;24;2;54;33;60;32;29;39;43;55;26;31;50
5615;08.06.2025;14;36;26;22;42;6;31;3;19;45;16;30;24;43;9;20;34;28;54;12
5614;07.06.2025;49;3;58;20;33;10;14;23;35;56;31;45;4;36;6;42;44;54;1;18
5613;06.06.2025;53;47;44;19;6;48;60;55;1;39;42;12;16;25;35;24;23;40;30;2
5612;05.06.2025;55;39;20;17;54;38;13;28;9;22;50;30;53;15;43;37;3;44;1;19
5611;04.06.2025;19;14;44;59;35;51;52;28;27;42;38;23;41;45;56;34;30;11;36;25
5610;03.06.2025;46;50;51;52;14;29;18;1;54;36;56;53;11;39;27;42;55;26;28;25
5609;02.06.2025;33;14;10;25;9;30;43;2;22;57;18;8;55;59;40;5;37;56;3;29
5608;01.06.2025;55;28;36;4;50;49;48;18;14;17;42;29;8;22;34;38;3;41;25;21
5607;31.05.2025;32;33;48;56;27;31;36;34;49;26;10;1;20;29;44;52;38;47;16;53
5606;30.05.2025;51;42;22;11;32;23;46;35;20;12;4;50;29;30;15;56;7;3;38;37
5605;29.05.2025;17;60;26;20;23;22;7;29;25;14;40;6;19;49;16;8;39;12;24;2
5604;28.05.2025;26;38;50;5;56;4;35;24;17;18;54;9;51;28;53;34;46;21;33;48
5603;27.05.2025;33;1;43;45;17;49;44;25;58;12;21;30;35;2;9;52;23;32;60;15
5602;26.05.2025;7;34;38;28;33;40;2;30;24;50;36;37;51;55;44;9;8;21;26;31
5601;25.05.2025;12;27;51;7;25;28;58;55;48;44;2;37;20;36;34;38;15;8;29;46
5600;24.05.2025;55;30;5;11;6;60;10;53;47;52;31;38;36;59;33;58;2;22;15;48
5599;23.05.2025;8;39;27;18;40;17;49;60;7;21;10;6;22;57;28;31;56;48;45;58
5598;22.05.2025;14;33;39;59;26;18;36;51;6;31;17;7;21;27;46;37;56;34;35;15
5597;21.05.2025;26;31;41;19;22;48;16;18;45;51;34;47;25;60;24;57;6;38;42;52
5596;20.05.2025;55;10;52;31;43;27;12;40;51;60;33;39;48;37;30;29;54;59;24;1
5595;19.05.2025;25;11;27;28;50;14;58;40;39;32;48;9;6;15;35;31;45;37;10;20
5594;18.05.2025;55;50;2;17;14;56;7;12;5;58;41;54;36;33;26;20;21;13;30;48
5593;17.05.2025;53;18;32;29;8;52;44;60;11;27;5;34;39;48;13;36;28;38;12;33
5592;16.05.2025;59;37;21;44;10;22;38;25;8;51;43;40;41;45;49;17;31;18;3;42
5591;15.05.2025;24;30;52;41;56;6;40;33;39;27;28;11;42;38;32;2;19;13;25;34
5590;14.05.2025;11;34;17;54;1;14;7;39;2;30;47;29;10;16;46;3;31;18;9;50
5589;13.05.2025;45;2;50;1;35;15;10;58;25;39;43;41;60;31;55;34;18;21;3;53
5588;12.05.2025;26;11;14;27;30;31;52;42;4;6;56;1;41;23;38;17;13;33;20;21
5587;11.05.2025;33;56;35;40;26;9;36;22;30;58;55;13;10;41;39;28;11;12;3;27
5586;10.05.2025;43;35;27;25;49;58;54;60;2;55;24;40;18;44;32;16;11;15;38;50
5585;09.05.2025;17;37;12;59;6;34;42;57;24;10;53;8;28;41;18;56;44;20;58;22
5584;08.05.2025;45;6;51;32;58;55;42;30;17;2;31;22;21;26;20;40;37;48;28;52
5583;07.05.2025;44;58;14;35;9;52;18;19;15;4;39;53;27;37;43;54;48;30;60;50
5582;06.05.2025;36;32;31;17;57;39;22;33;3;6;60;37;4;41;19;26;23;28;46;50
5581;05.05.2025;49;4;47;51;20;35;13;32;55;7;39;44;14;16;27;40;56;25;18;59
5580;04.05.2025;35;3;45;54;28;1;41;59;40;31;53;20;36;39;21;14;60;29;10;23
5579;03.05.2025;20;13;8;47;14;19;40;9;30;48;11;51;53;2;23;39;15;52;12;32
5578;02.05.2025;23;52;19;53;54;28;6;60;2;11;44;30;26;42;12;34;48;9;32;58
5577;01.05.2025;54;43;56;30;4;52;9;3;48;59;55;38;53;57;6;2;10;37;42;12
5576;30.04.2025;8;36;14;52;4;2;37;30;21;32;57;34;15;35;5;41;26;39;1;17
5575;29.04.2025;45;42;6;21;20;37;43;55;3;35;32;12;59;5;49;58;7;57;47;26
5574;28.04.2025;28;11;12;25;4;52;60;45;37;14;32;13;40;35;22;8;3;50;41;19
5573;27.04.2025;48;49;31;52;8;33;39;6;55;38;20;56;37;10;60;30;51;2;43;22
5572;26.04.2025;57;29;48;39;52;4;28;58;30;50;55;21;31;16;10;41;2;24;25;60
5571;25.04.2025;33;7;36;51;26;57;3;4;48;8;40;45;28;5;20;44;55;31;46;38
5570;24.04.2025;39;2;8;35;40;20;25;32;29;17;22;56;48;28;42;37;54;36;58;34
5569;23.04.2025;9;32;27;40;7;58;56;17;57;43;8;21;48;12;3;51;42;44;10;4
5568;22.04.2025;48;59;38;21;53;31;16;36;50;30;23;22;40;54;58;3;52;1;12;19
5567;21.04.2025;28;55;50;39;22;19;4;17;60;52;56;20;42;34;36;37;3;16;31;8
5566;20.04.2025;45;20;36;15;8;28;21;52;10;26;47;27;58;24;33;44;16;23;30;3
5565;19.04.2025;52;33;57;26;24;43;47;40;13;2;5;39;22;19;15;4;28;46;11;10
5564;18.04.2025;23;20;41;19;17;12;26;55;2;53;54;25;44;7;1;27;45;58;47;22
5563;17.04.2025;56;27;8;58;1;5;34;39;26;51;52;22;29;2;30;20;32;57;54;14
5562;16.04.2025;57;59;15;58;45;37;3;54;18;1;7;55;32;44;10;16;56;47;43;17
5561;15.04.2025;8;60;24;21;41;37;44;32;52;36;5;31;10;54;18;46;25;9;16;45
5560;14.04.2025;10;43;37;15;23;60;8;14;50;57;25;34;40;56;20;21;48;38;32;53
5559;13.04.2025;8;25;48;50;47;1;46;27;53;41;35;29;55;36;18;7;57;37;15;52
5558;12.04.2025;38;20;57;47;58;26;3;37;36;53;25;29;27;49;17;14;39;23;60;21
5557;11.04.2025;7;16;38;9;22;53;36;51;44;31;56;20;27;41;6;4;26;11;33;14
5556;10.04.2025;18;15;21;11;25;7;23;51;8;24;27;16;6;1;9;14;50;37;42;19
5555;09.04.2025;33;11;53;36;49;10;55;14;54;57;13;59;8;7;21;50;1;15;51;39
5554;08.04.2025;7;6;54;20;15;17;44;10;52;37;28;23;3;13;35;40;2;24;45;43
5553;07.04.2025;39;44;26;52;60;40;38;58;51;7;16;55;11;50;59;49;31;35;22;54
5552;06.04.2025;36;30;56;54;42;1;4;40;41;22;53;25;12;18;47;45;34;60;9;8
5551;05.04.2025;2;55;58;27;12;20;11;30;24;23;32;33;54;37;29;45;25;19;38;50
5550;04.04.2025;36;37;35;14;6;40;7;52;30;39;4;57;33;13;58;21;5;31;43;2
5549;03.04.2025;23;19;24;52;55;16;6;57;17;58;18;3;2;1;14;46;26;31;7;4
5548;02.04.2025;51;7;40;11;16;2;23;24;58;14;35;41;60;34;3;44;26;42;37;50
5547;01.04.2025;30;57;40;27;60;35;50;15;23;9;3;21;18;47;44;49;46;55;53;2
5546;31.03.2025;12;56;44;21;24;59;41;51;34;8;13;35;36;29;50;43;5;3;53;40
5545;30.03.2025;57;17;22;30;1;6;27;2;40;49;48;18;8;23;3;41;50;58;55;14
5544;29.03.2025;3;1;50;30;26;28;29;59;39;21;19;51;45;8;47;56;23;2;31;52
5543;28.03.2025;29;41;31;37;19;21;39;20;6;28;50;1;2;35;49;17;8;33;56;32
5542;27.03.2025;43;51;23;46;12;16;33;50;14;18;11;7;24;9;42;44;8;4;28;19
5541;26.03.2025;28;51;33;32;30;27;40;53;7;13;6;9;17;23;55;52;1;3;49;42
5540;25.03.2025;55;6;39;2;54;12;14;46;45;49;44;36;17;33;20;37;9;8;22;30
5539;24.03.2025;22;24;15;53;13;57;30;18;52;7;49;4;3;47;2;16;41;10;39;20
5538;23.03.2025;5;45;39;1;12;54;34;17;11;27;20;44;16;59;51;9;32;26;53;47
5537;22.03.2025;50;55;26;36;54;17;1;42;11;59;30;52;8;35;24;44;18;3;9;48
5536;21.03.2025;14;3;30;57;53;1;55;36;6;19;16;24;59;45;46;50;43;7;8;33
5535;20.03.2025;33;13;12;5;6;23;7;55;59;20;3;4;52;36;45;44;60;16;27;29
5534;19.03.2025;26;19;12;15;4;43;16;48;33;57;11;35;45;8;24;27;1;56;50;25
5533;18.03.2025;30;39;48;15;1;56;11;20;60;9;22;37;34;2;17;29;23;19;26;6
5532;17.03.2025;51;37;47;46;7;38;30;43;48;1;2;39;42;56;45;50;41;20;3;5
5531;16.03.2025;6;60;33;17;3;9;59;54;47;4;1;18;14;15;51;2;16;52;31;35
5530;15.03.2025;26;18;49;20;22;46;28;25;14;30;58;54;5;17;7;48;55;8;3;37
5529;14.03.2025;32;22;39;49;30;18;23;12;59;11;3;55;1;46;58;60;29;51;17;43
5528;13.03.2025;8;53;3;4;33;6;31;57;50;47;25;48;45;21;42;10;11;43;30;52
5527;12.03.2025;15;51;55;53;49;14;10;16;27;23;2;38;50;31;4;36;29;20;3;44
5526;11.03.2025;22;57;35;19;20;30;40;53;25;31;34;43;15;45;33;4;10;32;46;51
5525;10.03.2025;56;2;15;6;39;18;9;25;50;22;4;26;29;13;41;23;60;12;38;19
5524;09.03.2025;13;46;54;50;35;29;11;34;42;49;39;56;17;44;22;53;59;26;21;28
5523;08.03.2025;47;21;17;36;3;42;27;60;28;12;53;44;46;34;54;49;1;10;13;52
5522;07.03.2025;6;11;21;55;46;24;10;37;3;48;29;57;40;18;25;36;52;44;34;26
5521;06.03.2025;17;8;52;60;27;32;50;49;58;3;4;7;44;14;19;26;10;6;43;34
5520;05.03.2025;49;19;6;54;12;27;56;51;37;47;39;30;24;60;10;52;20;44;45;9
5519;04.03.2025;29;20;39;17;28;11;15;40;44;43;24;18;5;51;7;35;37;16;21;36
5518;03.03.2025;34;59;7;8;47;21;2;42;13;41;51;9;37;5;39;3;23;57;1;54
5517;02.03.2025;23;14;26;40;46;21;12;39;32;43;56;59;3;51;6;7;57;45;42;60
5516;01.03.2025;23;7;10;55;58;34;13;18;27;21;25;24;50;15;4;56;31;43;6;2
5515;28.02.2025;53;37;27;33;3;5;48;23;60;10;9;34;25;17;36;20;52;46;24;6
5514;27.02.2025;54;22;55;41;58;1;53;60;35;57;32;11;6;38;37;24;12;50;2;23
5513;26.02.2025;17;28;38;13;5;11;43;19;56;10;59;50;15;4;57;27;45;7;18;51
5512;25.02.2025;40;27;55;3;33;24;49;48;53;38;21;42;16;32;13;17;28;14;29;47
5511;24.02.2025;48;30;26;25;24;5;10;16;28;50;43;11;18;45;22;35;51;46;4;52
5510;23.02.2025;32;39;12;27;6;13;7;24;23;25;35;9;11;48;22;58;50;33;3;19
5509;22.02.2025;43;44;6;21;53;7;20;35;33;17;15;31;29;11;36;5;3;42;2;48
5508;21.02.2025;32;31;24;34;57;20;56;3;4;47;44;52;11;21;15;39;45;6;8;50
5507;20.02.2025;14;43;18;10;2;34;5;58;44;20;59;52;17;49;4;55;41;11;42;57
5506;19.02.2025;52;23;18;58;14;60;5;49;7;48;47;51;42;17;30;53;25;50;12;54
5505;18.02.2025;18;34;11;33;38;28;16;10;5;46;14;24;32;37;12;7;19;53;13;35
5504;17.02.2025;16;22;51;32;45;59;34;4;33;23;15;13;44;56;17;5;36;58;54;6
5503;16.02.2025;18;5;8;13;6;53;25;4;35;46;34;57;54;39;21;43;30;44;23;12
5502;15.02.2025;10;44;22;4;32;58;12;28;52;1;47;29;25;59;57;49;31;45;54;5
5501;14.02.2025;6;13;15;38;60;52;49;28;1;16;46;11;41;7;9;19;3;58;40;27
5500;13.02.2025;52;54;47;2;42;30;59;8;44;56;55;17;20;50;49;39;11;31;34;7
5499;12.02.2025;51;35;57;7;36;11;60;19;5;17;41;9;6;22;47;10;13;43;12;14
5498;11.02.2025;59;51;24;50;17;13;15;52;34;35;57;31;42;49;45;27;55;47;33;60
5497;10.02.2025;23;10;20;12;5;39;50;25;41;18;2;60;15;27;44;26;1;32;17;36
5496;09.02.2025;1;45;25;23;37;19;46;9;40;42;44;43;48;16;12;51;20;29;39;35
5495;08.02.2025;36;23;39;54;28;21;6;56;60;25;5;18;31;58;22;38;13;15;33;52
5494;07.02.2025;19;36;17;40;43;60;51;53;18;20;9;25;32;49;15;58;56;46;39;24
5493;06.02.2025;38;48;30;57;4;26;14;40;9;11;24;22;19;56;36;13;41;33;23;53
5492;05.02.2025;9;38;53;20;54;34;58;15;49;39;56;10;45;25;11;51;23;36;12;40
5491;04.02.2025;24;26;2;7;11;27;58;57;39;25;46;13;29;56;31;60;43;48;35;19
5490;03.02.2025;28;30;1;47;48;10;24;51;52;27;31;44;25;11;54;4;16;57;36;12
5489;02.02.2025;50;16;21;58;33;52;48;7;18;3;29;53;47;23;5;37;42;4;59;14
5488;01.02.2025;30;49;4;52;58;10;16;1;60;41;47;17;39;43;38;21;53;23;44;15
5487;31.01.2025;22;25;58;40;11;56;24;47;59;35;49;15;44;8;18;43;23;45;14;42
5486;30.01.2025;31;46;30;39;52;42;25;10;53;40;21;34;59;16;14;51;4;26;3;13
5485;29.01.2025;35;37;60;5;17;32;46;59;41;1;22;19;15;27;24;34;44;31;25;2
5484;28.01.2025;52;1;27;44;39;24;25;15;28;33;8;31;3;17;42;43;56;35;34;14
5483;27.01.2025;53;14;32;8;1;51;57;46;37;54;9;36;2;38;49;12;55;15;22;5
5482;26.01.2025;21;42;2;34;29;8;24;22;33;39;13;17;10;36;41;31;6;3;19;16
5481;25.01.2025;40;20;24;32;17;7;28;33;30;46;23;18;52;14;53;8;57;58;50;48
5480;24.01.2025;36;39;50;42;25;26;32;21;4;41;29;51;30;59;1;7;57;34;13;20
5479;23.01.2025;1;31;37;51;10;15;5;3;18;55;44;16;46;6;21;30;36;42;25;2
5478;22.01.2025;57;54;18;25;43;45;29;46;12;37;34;59;58;14;44;21;55;16;32;28
5477;21.01.2025;52;21;9;6;46;15;47;44;23;32;17;58;33;7;37;10;49;48;26;30
5476;20.01.2025;14;6;55;9;21;4;2;47;46;5;44;38;43;26;19;27;29;18;7;8
5475;19.01.2025;42;30;32;18;46;3;54;27;59;31;39;56;7;19;11;36;13;22;58;17
5474;18.01.2025;16;52;41;30;34;36;19;35;4;15;13;45;54;14;33;51;47;2;3;37
5473;17.01.2025;51;2;6;26;28;15;19;47;17;50;21;54;8;23;18;34;10;24;29;4
5472;16.01.2025;6;36;15;11;59;12;21;37;1;56;51;48;35;60;53;25;31;27;40;43
5471;15.01.2025;18;8;24;37;10;1;56;28;26;35;40;52;33;29;2;12;53;13;54;22
5470;14.01.2025;13;19;36;41;18;31;23;1;48;44;4;8;5;32;22;38;9;26;54;7
5469;13.01.2025;29;48;19;24;40;41;47;8;39;7;32;54;25;13;26;60;51;44;57;12
5468;12.01.2025;28;17;7;23;8;42;34;29;57;43;44;53;39;30;33;46;55;47;26;50
5467;11.01.2025;47;10;20;2;1;45;48;26;18;13;38;41;42;35;60;56;46;44;28;53
5466;10.01.2025;12;10;56;4;37;6;60;9;47;2;53;34;18;8;43;25;36;19;15;32
5465;09.01.2025;11;50;18;30;34;38;40;35;9;55;25;29;48;52;19;20;41;33;21;10
5464;08.01.2025;22;11;41;6;51;2;19;57;4;1;8;43;17;56;27;53;34;52;47;20
5463;07.01.2025;8;59;39;1;19;27;52;43;22;41;17;11;54;24;50;6;36;4;48;42
5462;06.01.2025;58;50;12;38;8;28;27;56;59;51;32;11;3;44;49;31;41;16;6;54
5461;05.01.2025;30;46;9;20;4;57;58;50;22;38;45;29;3;16;31;8;1;43;54;11
5460;04.01.2025;43;28;25;9;37;15;51;54;19;58;10;36;47;38;11;14;20;49;39;57
5459;03.01.2025;51;16;37;22;40;4;44;57;2;60;20;3;18;15;14;47;56;27;35;1
5458;02.01.2025;37;16;4;33;58;9;43;6;52;28;35;51;50;14;8;32;49;46;60;18
5457;01.01.2025;36;52;25;15;13;48;17;47;45;18;16;58;2;7;14;56;42;50;10;3
5456;31.12.2024;8;57;12;14;40;24;15;17;11;25;55;38;58;35;37;56;52;50;5;3
5455;30.12.2024;28;58;29;57;1;32;44;38;2;47;7;39;3;56;45;30;42;16;51;5
5454;29.12.2024;36;51;43;8;11;40;48;42;1;53;3;14;19;60;57;4;22;30;54;56
5453;28.12.2024;35;55;18;51;17;6;9;13;3;30;57;41;42;24;1;21;54;36;2;8
5452;27.12.2024;49;36;15;24;52;43;6;7;47;25;21;30;55;23;54;11;19;59;5;31
5451;26.12.2024;18;25;22;33;12;54;28;36;23;14;29;47;27;30;9;21;53;10;48;17
5450;25.12.2024;54;23;12;42;34;32;24;16;31;44;15;10;55;57;51;5;46;49;18;2
5449;24.12.2024;38;24;42;40;57;18;33;5;21;23;8;17;37;4;44;35;54;56;55;51
5448;23.12.2024;2;56;28;54;47;12;53;6;36;40;24;1;33;51;59;50;34;26;45;30
5447;22.12.2024;2;47;31;50;5;34;1;10;22;52;33;49;14;46;43;26;32;16;3;9
5446;21.12.2024;28;45;32;51;19;5;4;1;46;56;6;36;24;53;55;22;40;49;41;58
5445;20.12.2024;40;18;44;49;31;14;6;37;34;42;59;19;30;1;39;41;23;55;25;36
5444;19.12.2024;21;42;29;37;35;30;10;34;19;24;50;41;53;43;18;12;1;7;56;23
5443;18.12.2024;7;3;2;20;25;15;21;57;17;28;39;18;54;24;12;6;30;31;14;50
5442;17.12.2024;49;40;35;39;2;53;41;52;33;21;1;27;44;8;46;14;6;60;12;47
5441;16.12.2024;47;54;48;15;3;51;10;16;21;41;18;5;29;19;33;60;25;36;7;57
5440;15.12.2024;22;32;21;28;47;2;34;36;45;37;39;48;16;17;57;18;44;14;50;42
5439;14.12.2024;58;59;55;4;60;7;48;38;40;29;39;19;23;6;27;11;16;2;57;25
5438;13.12.2024;59;40;11;7;30;19;42;57;6;15;35;17;27;49;41;28;56;34;43;26
5437;12.12.2024;5;24;4;40;22;54;20;18;9;15;41;48;1;51;46;60;56;58;17;7
5436;11.12.2024;44;8;13;39;10;11;58;54;20;34;36;48;57;52;46;7;55;24;53;28
5435;10.12.2024;5;59;42;49;11;44;7;17;45;30;47;39;36;20;25;26;6;19;28;38
5434;09.12.2024;4;2;49;51;57;15;24;55;36;45;25;27;17;39;21;1;53;10;8;14
5433;08.12.2024;56;28;47;15;42;30;8;14;27;29;55;39;13;37;54;32;53;2;40;10
5432;07.12.2024;56;60;40;54;15;32;22;17;23;8;36;13;3;10;24;42;30;18;21;27
5431;06.12.2024;5;41;12;10;51;37;26;34;52;33;25;35;47;49;23;28;21;8;17;58
5430;05.12.2024;37;52;14;45;44;30;42;58;26;1;29;34;56;59;57;10;8;47;4;21
5429;04.12.2024;9;1;13;47;22;23;5;42;57;34;30;12;53;55;45;25;49;2;3;44
5428;03.12.2024;51;25;10;26;14;36;42;45;23;3;27;37;52;28;17;6;32;49;1;38
5427;02.12.2024;49;45;44;11;27;34;59;43;47;2;15;4;30;38;48;51;9;24;1;58
5426;01.12.2024;6;59;60;15;5;18;45;53;40;19;30;22;38;36;10;21;35;24;25;48
5425;30.11.2024;59;15;56;10;43;41;32;2;60;28;49;57;9;53;14;58;36;8;35;27
5424;29.11.2024;31;32;30;4;17;54;28;41;53;15;22;44;29;51;52;35;6;8;40;12
5423;28.11.2024;11;43;6;3;7;49;38;2;59;19;52;56;58;4;25;53;33;27;1;17
5422;27.11.2024;28;36;1;59;21;57;40;14;23;9;51;58;43;52;33;4;2;25;20;37
5421;26.11.2024;52;44;31;9;28;10;14;34;12;56;50;49;41;35;57;3;38;11;51;58
5420;25.11.2024;15;22;51;13;6;32;4;18;44;19;2;55;30;58;35;14;16;21;10;49
5419;24.11.2024;24;5;23;33;19;31;59;41;26;4;12;47;13;54;9;17;44;29;42;20
5418;23.11.2024;48;26;29;27;44;3;40;49;39;36;1;20;50;34;46;45;37;16;12;51
5417;22.11.2024;29;5;12;31;25;59;60;15;16;10;56;36;2;33;44;23;51;32;6;50
5416;21.11.2024;10;9;27;14;26;28;59;55;44;49;52;2;40;48;22;15;41;36;30;42
5415;20.11.2024;9;49;2;50;56;27;5;32;48;30;40;39;16;25;11;54;22;46;47;59
5414;19.11.2024;42;4;11;43;2;13;54;56;3;40;36;32;59;26;12;1;23;5;10;39
5413;18.11.2024;46;52;9;1;6;44;24;43;53;22;40;20;14;58;18;29;47;38;4;23
5412;17.11.2024;30;54;44;9;42;56;47;26;24;59;10;60;16;15;29;11;39;4;8;21
5411;16.11.2024;44;23;45;57;51;19;30;49;39;13;29;2;31;59;26;6;14;20;12;42
5410;15.11.2024;52;41;19;13;6;32;28;31;54;38;39;25;33;51;30;12;20;1;8;5
5409;14.11.2024;7;6;48;43;33;31;41;54;28;59;2;50;16;40;15;53;38;21;34;51
5408;13.11.2024;49;10;8;53;26;3;48;16;33;35;4;5;14;13;54;17;25;58;50;51
5407;12.11.2024;19;60;51;59;32;9;3;1;26;28;46;14;50;35;41;55;36;15;30;22
5406;11.11.2024;21;29;9;46;15;5;36;50;39;52;14;8;60;16;11;57;47;55;24;23
5405;10.11.2024;29;32;19;3;14;1;33;15;10;60;57;50;58;30;8;36;28;51;23;27
5404;09.11.2024;15;37;53;25;20;16;33;51;46;29;54;4;42;6;22;48;7;27;13;28
5403;08.11.2024;39;49;12;41;33;60;42;4;8;11;34;54;25;15;32;48;9;40;57;30
5402;07.11.2024;27;30;41;60;49;34;15;8;39;45;26;43;40;16;57;37;53;48;9;28
5401;06.11.2024;50;36;5;6;10;28;7;31;52;35;41;34;43;60;20;29;15;26;33;17
5400;05.11.2024;15;13;12;35;24;8;48;3;49;27;2;34;17;31;59;29;20;21;38;44
5399;04.11.2024;29;56;50;59;58;10;32;54;24;57;4;43;13;18;19;20;37;16;7;34
5398;03.11.2024;19;8;45;16;36;59;32;34;58;29;46;9;54;49;37;57;38;51;53;35
5397;02.11.2024;16;18;2;53;21;54;14;20;36;6;26;9;4;28;35;5;7;30;24;57
5396;01.11.2024;56;49;13;38;58;4;21;28;59;41;52;6;46;20;39;55;47;42;51;19
5395;31.10.2024;18;26;22;34;31;55;33;42;29;1;59;49;45;41;60;44;17;39;47;50
5394;30.10.2024;29;3;54;5;38;20;31;46;34;6;48;16;40;32;17;50;47;2;51;53
5393;29.10.2024;9;38;60;2;42;19;50;37;59;51;13;43;47;30;23;33;40;56;1;29
5392;28.10.2024;10;16;27;4;22;55;9;52;39;40;32;35;29;51;53;42;19;3;20;37
5391;27.10.2024;43;14;55;8;25;26;38;47;21;32;51;20;15;44;7;37;27;34;17;36
5390;26.10.2024;57;48;33;55;27;2;12;28;7;4;24;13;51;11;49;41;37;39;17;31
5389;25.10.2024;15;38;54;60;30;9;21;25;47;2;3;6;24;16;4;49;36;12;11;20
5388;24.10.2024;15;44;45;29;11;25;22;20;8;14;54;4;51;12;18;30;36;5;33;9
5387;23.10.2024;15;16;22;25;36;35;57;10;47;39;21;6;4;60;48;46;8;17;59;40
5386;22.10.2024;46;57;9;21;42;3;30;14;7;26;39;47;59;15;20;10;11;16;17;32
5385;21.10.2024;53;27;17;58;35;51;43;45;3;13;11;10;59;40;42;24;49;57;6;39
5384;20.10.2024;14;4;12;10;53;45;20;52;3;29;5;34;21;57;37;40;32;43;31;8
5383;19.10.2024;35;13;44;53;58;32;6;42;4;23;48;39;33;26;12;60;7;45;40;2
5382;18.10.2024;15;56;46;14;19;4;31;39;13;25;49;52;60;6;59;57;12;40;51;37
5381;17.10.2024;34;36;8;12;4;10;38;13;15;9;31;17;5;24;53;51;54;44;55;7
5380;16.10.2024;1;38;5;8;10;33;22;41;27;16;13;28;30;60;56;54;21;46;35;53
5379;15.10.2024;27;12;37;53;26;55;39;15;42;41;4;57;59;25;33;10;45;44;8;1
5378;14.10.2024;15;24;47;55;10;38;3;36;30;19;56;28;35;26;58;6;2;48;4;41
5377;13.10.2024;2;7;43;37;51;57;58;39;50;14;21;44;45;25;46;3;35;11;22;8
5376;12.10.2024;31;27;20;6;45;55;17;50;14;49;13;41;12;36;44;3;51;57;34;37
5375;11.10.2024;19;44;52;41;6;24;21;27;26;45;36;55;25;11;40;57;4;3;42;14
5374;10.10.2024;7;40;60;42;24;21;6;3;35;26;46;48;54;12;9;57;17;37;27;11
5373;09.10.2024;33;31;8;16;48;27;3;32;18;7;56;29;15;21;46;4;22;34;30;10
5372;08.10.2024;28;40;47;9;57;60;56;18;16;5;53;8;10;41;49;2;51;45;52;32
5371;07.10.2024;29;60;42;22;8;7;9;59;15;50;4;36;37;33;49;39;46;52;45;26
5370;06.10.2024;11;39;37;51;27;32;8;24;15;18;36;49;21;44;5;12;47;14;3;53
5369;05.10.2024;16;59;29;30;20;41;58;50;2;55;51;6;36;45;21;23;26;17;31;38
5368;04.10.2024;34;33;10;56;50;58;13;2;43;52;27;59;49;46;44;28;3;8;25;39
5367;03.10.2024;55;13;15;51;10;58;6;20;21;52;8;57;18;11;48;29;31;38;30;40
5366;02.10.2024;53;17;39;27;33;7;15;56;12;55;20;5;47;29;54;40;58;44;3;18
5365;01.10.2024;24;6;13;30;51;26;1;8;42;20;41;17;39;58;37;27;21;22;10;15
5364;30.09.2024;14;17;31;51;47;23;27;34;60;41;16;40;37;49;38;45;4;32;29;33
5363;29.09.2024;12;42;14;5;36;15;29;49;28;11;31;46;54;32;50;37;27;23;30;34
5362;28.09.2024;33;25;1;23;9;30;28;8;27;54;4;13;11;15;52;60;42;55;32;6
5361;27.09.2024;8;41;46;17;11;27;19;34;15;48;13;14;30;54;16;31;7;43;32;57
5360;26.09.2024;46;49;28;30;35;16;5;7;48;32;10;17;51;43;33;55;22;23;52;18
5359;25.09.2024;3;47;36;1;29;9;5;32;26;22;48;24;7;21;2;57;54;16;38;42
5358;24.09.2024;26;51;37;30;7;38;11;46;6;21;47;33;50;18;4;35;22;55;29;41
5357;23.09.2024;47;56;55;59;23;26;13;25;60;57;40;44;10;22;28;3;54;5;35;50
5356;22.09.2024;36;14;31;12;37;44;42;1;34;52;55;13;24;3;2;53;17;59;48;38
5355;21.09.2024;49;19;38;1;58;53;18;5;15;44;33;3;50;46;13;21;29;4;54;52
5354;20.09.2024;19;32;3;51;15;18;22;9;14;7;34;8;56;12;24;53;29;35;6;21
5353;19.09.2024;40;38;60;1;7;51;55;16;42;13;10;15;32;34;23;22;59;24;37;56
5352;18.09.2024;27;46;8;5;42;54;6;15;39;14;13;28;11;51;3;35;57;60;53;32
5351;17.09.2024;49;14;53;46;35;50;30;42;56;39;17;13;3;22;20;25;60;10;51;23
5350;16.09.2024;13;45;8;34;30;60;47;50;7;55;39;31;29;56;35;19;40;20;21;26
5349;15.09.2024;56;45;40;52;28;31;27;54;49;29;8;39;36;7;16;55;11;9;23;35
5348;14.09.2024;54;52;11;23;3;39;49;27;18;9;46;48;59;38;29;35;5;57;22;60
5347;13.09.2024;4;28;34;19;25;29;36;13;17;45;56;47;39;3;43;60;18;22;40;54
5346;12.09.2024;48;54;58;26;14;2;12;59;35;44;16;36;11;7;18;56;60;29;4;5
5345;11.09.2024;54;27;47;12;35;5;50;41;18;20;31;59;36;13;9;53;1;43;39;38
5344;10.09.2024;7;36;31;20;5;60;46;29;52;40;32;16;3;11;48;43;44;14;39;45
5343;09.09.2024;17;1;56;38;21;23;42;30;4;3;5;24;14;6;22;46;19;47;58;36
5342;08.09.2024;57;53;23;9;31;2;27;49;47;30;33;58;35;18;39;25;56;3;10;21
5341;07.09.2024;15;38;46;3;42;55;1;50;40;34;44;60;23;45;9;39;7;47;11;41
5340;06.09.2024;49;45;37;11;50;44;12;3;30;46;54;17;34;33;6;10;23;39;38;8
5339;05.09.2024;35;40;42;9;12;52;31;56;44;50;6;25;33;13;20;28;34;4;23;7
5338;04.09.2024;46;13;10;9;59;4;54;51;15;17;6;40;14;22;31;21;36;56;16;30
5337;03.09.2024;9;15;3;12;26;42;21;14;2;46;59;4;38;23;53;45;33;16;41;11
5336;02.09.2024;16;59;31;51;44;12;36;15;6;54;5;7;8;57;45;43;37;39;13;28
5335;01.09.2024;30;60;14;31;16;27;19;29;55;36;54;43;12;37;45;1;24;56;10;52
5334;31.08.2024;1;56;32;20;30;54;18;50;12;42;55;13;7;14;17;44;8;26;36;51
5333;30.08.2024;41;53;38;44;60;34;6;25;5;18;54;17;14;49;32;8;31;59;45;20
5332;29.08.2024;7;54;30;32;48;34;41;1;53;57;49;60;36;18;51;25;44;19;22;42
5331;28.08.2024;4;55;56;11;3;34;33;16;54;14;58;36;53;40;9;15;13;18;30;52
5330;27.08.2024;43;6;2;26;60;49;4;54;33;39;42;20;52;5;32;44;28;30;19;1
5329;26.08.2024;37;47;22;12;5;45;3;52;18;49;20;48;34;24;43;10;4;58;59;2
5328;25.08.2024;35;4;51;29;41;32;39;38;16;54;47;6;33;1;7;2;15;30;55;52
5327;24.08.2024;18;6;33;10;41;1;36;39;14;19;8;59;12;25;20;7;54;13;57;27
5326;23.08.2024;17;53;36;41;43;52;12;46;44;16;60;56;9;11;1;59;47;33;21;20
5325;22.08.2024;46;2;18;31;10;8;24;25;54;47;59;51;35;53;33;57;43;1;48;15
5324;21.08.2024;15;27;33;57;52;24;50;29;47;20;45;53;55;19;13;58;41;6;38;39
5323;20.08.2024;17;6;52;54;21;2;29;8;19;26;33;13;32;60;57;30;58;7;48;16
5322;19.08.2024;11;33;28;2;6;48;35;29;44;54;15;31;16;52;9;55;56;27;19;37
5321;18.08.2024;20;17;46;4;49;12;14;54;38;42;48;33;31;28;60;8;37;15;27;35
5320;17.08.2024;58;38;16;52;37;21;27;48;7;31;3;4;43;20;2;24;17;23;40;5
5319;16.08.2024;30;3;48;19;38;33;25;44;15;18;22;28;53;46;29;2;37;49;57;36
5318;15.08.2024;41;22;9;45;46;2;51;36;53;20;28;59;34;23;32;1;49;56;19;50
5317;14.08.2024;51;57;8;27;18;10;30;42;31;26;59;11;28;2;21;58;9;19;46;53
5316;13.08.2024;23;54;11;18;42;22;9;47;52;33;21;40;48;39;3;27;6;51;44;31
5315;12.08.2024;41;55;60;9;23;32;30;10;18;38;56;31;40;29;20;15;25;8;3;1
5314;11.08.2024;13;17;49;4;42;38;45;8;34;21;24;18;59;9;36;16;25;5;3;10
5313;10.08.2024;20;14;42;57;22;2;26;9;10;58;24;56;6;29;46;45;41;60;34;25
5312;09.08.2024;47;56;36;13;21;52;59;23;12;34;49;29;38;60;1;54;43;48;18;11
5311;08.08.2024;38;26;47;59;2;43;15;23;35;18;8;9;34;58;48;20;10;33;13;57
5310;07.08.2024;21;60;30;28;56;58;19;54;33;16;20;23;40;24;4;53;48;6;15;31
5309;06.08.2024;4;26;2;36;38;49;9;44;16;25;57;34;12;11;6;51;17;14;5;54
5308;05.08.2024;34;56;26;57;13;20;49;10;27;41;16;28;44;4;50;6;18;30;21;54
5307;04.08.2024;47;12;18;21;29;32;16;20;50;27;19;1;30;54;48;25;43;53;8;23
5306;03.08.2024;10;40;21;32;17;43;60;30;41;57;37;11;58;29;54;44;19;55;39;59
5305;02.08.2024;27;17;13;21;19;41;57;55;43;11;16;60;15;52;38;18;8;39;4;36
5304;01.08.2024;39;26;38;7;34;10;43;56;36;46;35;12;51;2;32;3;33;4;45;19
5303;31.07.2024;4;28;52;10;49;21;38;11;58;57;48;29;15;54;53;2;14;31;9;34
5302;30.07.2024;14;60;24;55;12;33;21;15;2;56;26;7;42;11;38;35;32;37;13;10
5301;29.07.2024;30;52;44;1;49;56;7;6;19;58;13;25;48;43;50;26;59;46;22;32
5300;28.07.2024;41;9;24;19;22;29;18;16;25;12;48;55;37;49;53;21;14;45;5;39
5299;27.07.2024;41;45;38;43;25;34;60;24;28;32;15;55;10;11;47;59;37;53;8;56
5298;26.07.2024;16;60;32;57;28;41;26;8;2;45;30;33;1;35;31;4;42;3;49;12
5297;25.07.2024;26;28;41;34;38;60;20;43;10;12;21;35;48;19;1;13;55;54;27;32
5296;24.07.2024;49;12;42;21;26;50;56;22;44;19;53;36;28;24;37;48;18;34;8;45
5295;23.07.2024;45;21;56;12;24;2;4;53;49;20;18;11;55;1;38;28;43;29;13;48
5294;22.07.2024;56;16;58;9;7;54;32;53;12;33;48;52;36;60;30;26;40;57;45;27
5293;21.07.2024;39;52;6;10;31;5;30;3;28;13;24;29;56;33;23;25;41;1;49;16
5292;20.07.2024;19;41;16;27;35;56;7;21;20;8;22;25;58;48;54;31;17;14;52;39
5291;19.07.2024;5;59;44;49;21;30;27;2;53;33;8;6;11;45;17;10;7;46;48;35
5290;18.07.2024;55;52;3;47;2;13;48;43;58;28;40;53;33;15;60;54;20;35;45;49
5289;17.07.2024;36;50;56;53;20;12;30;7;40;17;14;13;47;16;18;27;43;60;35;52
5288;16.07.2024;23;10;37;20;33;39;55;15;19;18;27;5;29;42;31;3;43;56;51;28
5287;15.07.2024;24;20;22;33;52;36;54;3;1;39;16;15;19;45;53;10;42;44;29;27
5286;14.07.2024;50;27;7;6;19;56;4;20;40;13;14;47;2;42;37;16;1;10;58;39
5285;13.07.2024;58;20;18;53;12;52;56;33;55;48;29;4;44;37;16;42;39;2;30;38
5284;12.07.2024;14;47;29;22;12;3;33;44;32;55;25;8;54;30;31;39;13;56;59;37
5283;11.07.2024;32;45;14;36;7;34;50;48;56;18;57;26;11;13;51;49;8;35;40;30
5282;10.07.2024;34;8;38;27;56;25;36;3;23;30;42;24;21;26;7;50;43;49;51;19
5281;09.07.2024;39;41;12;48;59;8;26;14;37;46;43;22;31;58;9;11;44;1;49;53
5280;08.07.2024;26;49;60;19;17;55;48;11;44;10;16;23;45;3;28;39;53;14;43;2
5279;07.07.2024;19;39;34;15;42;4;13;53;45;49;56;47;21;38;27;26;3;24;55;29
5278;06.07.2024;1;45;28;49;16;55;52;42;18;31;27;20;2;14;33;29;39;57;36;10
5277;05.07.2024;5;1;47;18;32;35;49;26;22;39;53;3;59;8;19;27;15;42;60;56
5276;04.07.2024;44;51;46;55;9;22;13;54;23;47;52;48;40;57;49;8;42;56;34;29
5275;03.07.2024;54;31;35;59;10;44;39;9;28;56;40;27;52;20;42;33;38;60;24;29
5274;02.07.2024;48;44;47;57;36;33;3;20;29;39;38;35;40;58;28;1;34;41;50;31
5273;01.07.2024;33;30;20;50;14;43;22;35;16;15;49;37;53;24;27;47;31;21;60;41
5272;30.06.2024;16;54;9;38;2;50;51;53;8;6;27;56;22;37;13;32;15;43;41;11
5271;29.06.2024;10;9;15;33;46;34;27;25;39;56;7;52;57;38;26;29;4;60;47;16
5270;28.06.2024;38;32;41;35;43;42;48;52;7;49;13;18;33;19;39;45;12;54;27;11
5269;27.06.2024;57;58;3;18;34;8;59;15;12;2;28;43;23;45;56;17;20;51;5;54
5268;26.06.2024;23;46;21;53;42;44;25;17;12;16;3;24;20;22;51;39;40;11;59;52
5267;25.06.2024;32;9;51;30;29;16;35;60;7;37;34;39;12;19;27;45;42;56;23;24
5266;24.06.2024;8;57;7;3;45;54;20;46;22;50;38;23;6;37;56;53;11;60;42;28
5265;23.06.2024;60;50;7;58;29;51;32;59;4;55;39;40;10;12;6;24;47;5;19;25
5264;22.06.2024;38;30;9;59;12;4;3;43;5;8;19;25;10;52;22;54;26;28;24;49
5263;21.06.2024;13;59;48;15;38;6;43;17;46;58;32;1;27;33;7;23;10;39;56;20
5262;20.06.2024;54;48;41;11;43;2;18;13;39;60;15;45;42;19;47;27;22;9;55;36
5261;19.06.2024;38;55;47;59;29;2;54;19;8;48;50;7;23;16;35;46;13;36;51;32
5260;18.06.2024;56;54;46;37;42;17;1;41;59;39;57;33;7;14;26;49;27;47;25;4
5259;17.06.2024;16;10;28;35;38;22;9;17;50;4;15;24;8;14;7;47;26;1;43;48
5258;16.06.2024;50;2;9;23;34;18;32;51;35;17;53;39;45;55;1;20;56;6;26;43
5257;15.06.2024;14;30;48;60;24;25;35;52;55;39;22;41;27;13;19;9;37;42;3;32
5256;14.06.2024;7;16;30;12;21;33;4;1;35;32;24;10;8;28;50;19;5;14;2;34
5255;13.06.2024;49;20;4;36;34;42;56;10;1;58;12;41;15;26;52;2;29;55;59;22
5254;12.06.2024;26;8;40;41;3;43;2;21;4;27;51;28;50;18;29;46;54;22;6;30
5253;11.06.2024;60;56;57;55;44;19;59;37;30;43;10;12;23;50;15;33;54;42;31;52
5252;10.06.2024;7;28;42;3;27;20;38;13;56;8;32;9;47;53;41;15;39;48;34;52
5251;09.06.2024;48;3;45;47;46;52;44;34;24;18;20;43;40;17;35;59;4;49;8;41
5250;08.06.2024;36;57;34;28;10;59;30;49;21;1;58;52;50;38;42;18;25;12;33;22
5249;07.06.2024;8;20;36;23;55;49;11;54;37;30;32;45;50;58;15;60;59;4;7;25
5248;06.06.2024;28;3;11;25;49;50;20;36;52;30;57;1;26;48;47;12;13;10;58;39
5247;05.06.2024;6;49;37;5;58;15;48;53;16;44;9;3;14;31;17;43;36;57;50;54
5246;04.06.2024;52;9;39;41;11;54;56;20;13;15;3;55;19;45;33;14;43;18;49;51
5245;03.06.2024;43;34;58;44;38;27;13;39;31;17;21;15;32;52;1;51;40;3;47;49
5244;02.06.2024;11;50;9;48;55;34;37;13;45;24;47;43;25;26;17;19;52;35;14;3
5243;01.06.2024;59;13;42;50;18;20;9;41;37;6;27;31;58;44;54;7;43;38;22;40
5242;31.05.2024;2;46;55;27;33;59;14;3;50;21;5;54;58;17;49;12;37;35;30;60
5241;30.05.2024;28;2;58;32;31;42;41;34;15;30;52;48;29;35;9;5;17;54;4;14
5240;29.05.2024;5;13;18;59;7;34;23;6;58;46;29;44;25;15;27;42;1;41;52;37
5239;28.05.2024;46;28;23;49;10;17;15;19;8;5;13;6;41;36;53;33;32;39;16;11
5238;27.05.2024;49;53;59;41;60;51;15;14;29;31;13;28;37;17;23;16;30;20;38;35
5237;26.05.2024;32;31;57;56;53;37;1;42;43;35;40;49;9;29;55;48;3;36;39;58
5236;25.05.2024;19;15;22;46;33;60;32;28;39;36;54;17;18;48;47;9;23;44;35;53
5235;24.05.2024;33;21;19;42;29;54;18;36;39;2;3;12;8;28;26;32;58;9;27;7
5234;23.05.2024;39;46;36;16;10;60;2;50;57;3;6;20;38;25;31;11;41;32;8;21
5233;22.05.2024;12;29;58;38;35;59;15;41;18;10;9;54;4;45;53;31;47;20;5;32
5232;21.05.2024;7;45;20;26;9;58;39;37;42;40;29;32;4;16;17;8;10;13;48;1
5231;20.05.2024;12;26;15;9;38;44;36;59;42;35;14;39;56;29;46;33;58;30;55;20
5230;19.05.2024;48;46;20;1;12;14;26;33;31;55;25;29;49;24;32;18;34;13;39;30
5229;18.05.2024;2;10;44;50;14;25;38;6;51;54;22;23;15;34;57;52;42;37;41;17
5228;17.05.2024;21;56;4;17;54;51;50;46;55;16;37;9;6;60;38;39;36;12;23;52
5227;16.05.2024;59;1;51;6;10;3;13;36;46;55;22;15;49;9;8;30;7;44;56;27
5226;15.05.2024;23;12;40;18;36;50;2;53;6;16;9;5;8;7;3;41;37;35;46;15
5225;14.05.2024;25;44;46;32;57;59;40;53;14;31;30;55;7;42;12;52;34;2;56;54
5224;13.05.2024;18;46;29;54;39;2;8;4;6;41;11;38;15;20;50;5;17;34;59;52
5223;12.05.2024;51;57;50;11;53;18;56;25;16;58;41;4;6;35;34;5;54;49;7;60
5222;11.05.2024;55;23;13;37;59;32;14;10;52;26;12;9;11;48;5;53;27;7;57;8
5221;10.05.2024;47;13;30;59;58;19;12;29;57;28;24;20;1;56;2;25;55;27;34;40
5220;09.05.2024;18;15;2;41;7;39;34;16;30;9;35;12;29;24;57;43;59;4;37;26
5219;08.05.2024;47;44;18;60;14;32;5;40;41;49;26;58;1;15;6;55;33;43;34;30
5218;07.05.2024;3;24;42;8;48;49;21;22;36;55;14;15;37;50;19;29;38;13;1;39
5217;06.05.2024;37;13;53;18;36;4;27;26;44;55;29;1;33;45;58;43;12;21;56;59
5216;05.05.2024;22;45;31;6;42;36;48;52;59;51;34;29;5;38;33;32;41;35;3;20
5215;04.05.2024;34;38;43;22;23;42;11;18;44;21;28;57;1;53;4;29;20;14;17;56
5214;03.05.2024;8;36;18;17;21;54;55;11;13;2;57;44;47;6;50;51;26;52;35;12
5213;02.05.2024;23;12;57;18;22;41;34;31;21;13;50;29;32;51;56;27;43;24;2;39
5212;01.05.2024;44;51;28;17;21;33;54;30;53;39;10;38;40;59;58;27;41;43;12;49
5211;30.04.2024;21;35;38;37;4;59;52;57;53;44;55;20;43;46;31;32;9;5;54;16
5210;29.04.2024;58;47;15;44;46;40;9;7;13;21;16;20;41;43;48;33;53;11;28;3
5209;28.04.2024;38;20;18;2;25;43;9;22;48;6;26;58;8;50;34;56;41;57;47;40
5208;27.04.2024;56;8;49;32;59;55;30;23;46;4;26;13;24;57;45;53;10;17;19;6
5207;26.04.2024;16;53;28;54;34;52;31;18;36;49;4;6;12;48;25;14;23;59;43;50
5206;25.04.2024;56;35;50;11;1;10;5;30;18;16;51;46;17;39;20;2;9;48;3;57
5205;24.04.2024;11;25;28;16;17;24;5;31;30;9;7;53;15;50;43;18;35;22;4;27
5204;23.04.2024;1;55;39;33;43;44;42;29;30;8;27;15;9;7;45;24;4;12;35;37
5203;22.04.2024;34;23;51;49;59;58;4;57;18;21;33;47;27;38;15;53;1;40;45;42
5202;21.04.2024;41;33;14;4;38;26;9;22;36;48;27;19;30;32;13;57;17;54;6;58
5201;20.04.2024;17;43;54;38;52;32;28;1;13;45;4;20;23;5;30;3;10;37;12;25
5200;19.04.2024;38;54;51;18;3;17;19;27;1;58;22;16;45;36;34;7;25;11;39;42
5199;18.04.2024;3;27;50;7;29;48;46;10;12;18;19;43;51;14;23;38;6;40;13;52
5198;17.04.2024;11;52;37;30;1;55;10;36;5;51;38;48;34;2;39;19;56;27;41;47
5197;16.04.2024;26;17;44;12;19;15;52;21;45;49;36;20;39;38;48;35;13;6;55;14
5196;15.04.2024;3;24;57;18;52;34;35;31;56;32;7;33;47;41;8;25;58;21;43;26
5195;14.04.2024;34;51;54;46;21;55;14;37;11;7;25;6;53;12;28;40;10;27;24;57
5194;13.04.2024;48;38;34;56;49;37;14;59;17;53;47;18;3;22;25;13;20;19;21;31
5193;12.04.2024;60;41;59;20;22;21;26;37;3;7;11;17;23;4;16;19;44;49;42;51
5192;11.04.2024;41;19;38;28;60;10;53;45;25;54;34;2;5;29;15;7;4;55;22;23
5191;10.04.2024;20;10;5;21;37;12;27;45;8;14;4;53;44;29;59;6;58;3;56;24
5190;09.04.2024;13;49;22;33;14;32;11;51;54;59;52;24;42;27;17;7;2;28;38;53
5189;08.04.2024;18;13;31;49;7;50;22;25;20;17;3;54;30;46;24;11;32;48;34;19
5188;07.04.2024;55;48;23;35;57;17;34;47;19;51;31;53;5;7;36;39;38;26;45;24
5187;06.04.2024;36;3;19;18;30;48;6;1;7;33;25;43;53;54;59;17;16;8;50;40
5186;05.04.2024;39;55;45;51;2;36;42;15;28;41;43;19;35;22;30;25;54;34;18;11
5185;04.04.2024;32;24;27;40;6;50;58;44;56;2;39;46;9;48;37;20;14;5;17;35
5184;03.04.2024;19;46;5;59;43;18;51;13;53;26;55;4;24;15;56;42;37;48;22;2
5183;02.04.2024;51;50;59;23;56;38;15;20;46;4;39;1;11;14;58;22;17;55;27;31
5182;01.04.2024;27;8;9;41;5;21;43;17;31;39;35;32;29;33;44;55;22;25;45;26
5181;31.03.2024;60;4;13;23;6;44;11;39;27;22;48;30;29;34;52;25;43;21;53;20
5180;30.03.2024;36;41;50;29;39;33;2;17;24;28;9;53;45;48;1;58;54;5;14;52
5179;29.03.2024;9;22;57;54;7;47;19;37;59;17;39;28;12;41;58;13;4;52;60;11
5178;28.03.2024;19;36;17;5;10;18;21;60;58;20;42;11;26;15;39;47;30;56;41;54
5177;27.03.2024;36;11;29;44;7;6;25;2;23;40;14;18;8;9;43;12;53;59;30;37
5176;26.03.2024;19;35;60;44;34;8;47;31;40;36;23;37;41;25;57;4;58;13;50;7
5175;25.03.2024;48;10;33;12;29;41;46;54;26;20;51;3;9;6;18;35;52;47;43;8
5174;24.03.2024;48;46;33;45;7;23;9;44;19;50;17;58;3;51;10;53;8;39;20;57
5173;23.03.2024;5;33;13;4;40;60;55;22;42;31;8;36;46;44;32;24;37;30;11;57
5172;22.03.2024;2;57;40;35;45;20;48;53;32;7;38;52;58;17;23;36;33;51;27;5
5171;21.03.2024;27;47;15;26;38;28;25;56;31;12;57;11;8;37;34;51;10;17;22;60
5170;20.03.2024;19;18;41;20;29;42;15;22;3;51;6;60;26;7;17;37;52;34;23;33
5169;19.03.2024;3;31;59;29;24;14;18;7;34;9;26;60;22;10;55;46;38;44;23;56
5168;18.03.2024;38;49;25;29;47;8;14;50;43;2;23;20;54;22;26;53;45;31;52;3
5167;17.03.2024;39;10;53;42;13;8;7;45;27;1;49;12;54;25;31;33;29;52;30;20
5166;16.03.2024;41;48;30;3;27;37;34;12;46;32;14;8;31;2;17;13;10;20;50;40
5165;15.03.2024;41;29;25;16;54;45;39;24;44;37;28;35;59;4;6;18;34;50;8;52
5164;14.03.2024;26;42;31;47;22;16;45;51;39;56;1;2;18;54;53;35;32;28;20;60
5163;13.03.2024;50;51;47;7;6;21;8;35;25;17;15;23;34;24;11;38;26;29;3;44
5162;12.03.2024;33;25;23;34;47;43;35;51;24;20;7;18;30;49;39;8;37;56;29;41
5161;11.03.2024;1;33;38;26;39;24;53;10;18;19;57;43;46;12;50;49;13;34;48;16
5160;10.03.2024;21;24;20;9;26;58;47;60;8;16;32;28;52;10;13;15;55;48;27;12
5159;09.03.2024;47;14;18;41;50;6;17;43;35;9;2;26;54;1;33;8;58;16;60;57
5158;08.03.2024;53;37;36;56;21;48;38;16;60;40;29;13;14;6;47;2;22;25;20;28
5157;07.03.2024;45;15;10;30;31;60;44;37;8;5;3;13;2;59;54;53;56;18;39;50
5156;06.03.2024;28;8;40;20;14;45;46;55;60;26;48;41;31;21;47;44;2;58;30;51
5155;05.03.2024;4;27;50;28;32;7;8;33;58;40;9;34;12;38;55;25;20;53;49;31
5154;04.03.2024;19;49;30;56;22;50;29;27;23;34;46;48;42;6;33;16;20;3;47;59
5153;03.03.2024;27;11;17;21;51;59;31;3;8;30;1;58;52;9;42;43;50;25;6;41
5152;02.03.2024;57;10;14;46;16;60;45;59;54;26;39;2;50;37;55;51;25;27;56;40
5151;01.03.2024;34;30;57;18;8;14;56;20;3;47;16;35;19;31;54;44;13;6;53;5
5150;29.02.2024;18;14;59;48;20;49;21;10;28;23;33;5;44;7;17;19;27;37;53;22
5149;28.02.2024;17;28;18;5;51;23;47;9;26;25;46;58;6;54;2;48;35;12;59;33
5148;27.02.2024;6;8;13;20;15;11;10;1;33;7;26;27;17;56;52;22;46;37;38;30
5147;26.02.2024;55;57;16;28;25;43;59;50;32;49;21;8;6;60;14;12;5;26;11;47
5146;25.02.2024;28;35;25;21;59;15;46;29;31;23;60;16;30;37;42;26;3;51;54;33
5145;24.02.2024;44;13;37;60;30;56;4;59;29;39;27;9;16;45;48;51;15;41;21;38
5144;23.02.2024;4;22;3;7;35;40;1;50;53;57;11;20;42;6;12;36;47;41;29;52
5143;22.02.2024;54;6;22;34;59;31;29;58;47;38;21;19;37;60;7;45;26;2;23;20
5142;21.02.2024;13;52;48;3;50;18;25;10;34;16;42;37;33;12;53;43;46;9;27;30
5141;20.02.2024;35;39;23;58;22;11;13;20;1;26;27;52;46;3;36;60;34;45;17;29
5140;19.02.2024;20;19;2;46;9;47;58;60;22;57;41;23;16;24;11;31;7;6;52;17
5139;18.02.2024;30;7;14;52;4;20;27;17;28;34;26;40;1;56;50;10;23;55;32;54
5138;17.02.2024;8;28;12;22;40;6;18;11;3;46;51;26;9;31;30;58;45;59;55;15
5137;16.02.2024;28;14;31;10;42;16;25;29;30;9;57;12;55;17;53;6;23;56;22;32
5136;15.02.2024;7;12;11;5;42;47;46;56;38;3;26;60;8;27;29;43;13;14;30;22
5135;14.02.2024;8;11;42;2;24;53;16;28;29;9;25;32;45;1;39;13;30;47;19;3
5134;13.02.2024;53;28;12;43;15;13;4;31;45;52;22;24;33;35;39;3;26;36;20;18
5133;12.02.2024;43;37;16;47;8;17;59;44;41;55;14;52;45;29;49;57;19;34;53;30
5132;11.02.2024;47;40;42;12;51;11;25;52;4;17;29;44;19;50;9;26;46;58;24;33
5131;10.02.2024;60;19;39;20;15;14;43;28;40;51;17;57;7;12;58;47;18;55;32;48
5130;09.02.2024;60;39;20;17;2;18;14;29;37;51;52;41;9;44;13;31;32;1;5;40
5129;08.02.2024;50;6;36;12;20;41;29;10;44;47;13;60;58;23;21;40;45;49;32;7
5128;07.02.2024;21;55;2;50;5;54;31;38;57;6;32;28;10;39;35;58;29;1;51;14
5127;06.02.2024;52;26;28;16;30;53;56;35;9;19;42;1;55;6;50;23;38;5;59;4
5126;05.02.2024;35;27;31;54;59;13;33;58;24;32;50;34;26;22;37;28;51;40;20;21
5125;04.02.2024;56;25;16;43;1;42;27;21;57;30;3;4;7;47;18;50;32;31;10;5
5124;03.02.2024;6;55;10;20;40;54;30;5;28;9;35;25;41;43;44;1;39;19;27;8
5123;02.02.2024;21;44;11;9;13;53;55;41;17;19;22;18;16;7;5;52;10;39;15;35
5122;01.02.2024;32;11;31;14;5;25;49;54;15;39;51;60;30;18;46;26;13;4;35;22
5121;31.01.2024;4;51;1;41;30;58;24;44;47;36;14;33;17;23;43;46;12;19;39;37
5120;30.01.2024;17;59;37;38;47;13;2;1;31;46;30;48;4;57;40;52;35;54;56;29
5119;29.01.2024;4;54;27;36;48;30;24;12;7;58;47;53;20;13;1;59;39;8;16;60
5118;28.01.2024;48;40;37;1;35;21;36;26;58;17;50;47;43;25;22;49;16;29;54;7
5117;27.01.2024;54;1;21;26;53;58;23;52;4;7;3;41;20;19;42;11;32;56;6;27
5116;26.01.2024;35;1;48;20;7;9;31;17;5;10;11;4;58;45;14;57;33;6;53;19
5115;25.01.2024;25;19;30;52;21;40;13;1;56;11;26;47;17;31;8;44;22;18;43;35
5114;24.01.2024;41;55;59;15;3;34;48;46;25;21;38;37;6;43;18;10;29;42;31;30
5113;23.01.2024;60;21;32;2;44;34;55;9;45;23;40;38;26;49;50;16;58;7;52;17
5112;22.01.2024;45;2;20;47;28;48;46;12;42;57;39;1;23;15;25;10;60;26;44;14
5111;21.01.2024;7;8;51;24;4;25;58;40;12;20;52;11;41;37;1;43;34;19;21;3
5110;20.01.2024;35;24;25;45;30;15;50;37;12;9;11;59;41;34;3;16;42;52;53;17
5109;19.01.2024;45;19;20;35;18;49;26;7;57;47;39;46;48;21;30;1;16;22;8;29
5108;18.01.2024;53;59;5;55;4;47;8;48;39;12;22;32;49;3;50;46;10;26;20;24
5107;17.01.2024;39;48;49;51;31;11;30;27;54;40;32;22;36;57;58;19;16;14;28;38
5106;16.01.2024;32;49;58;21;18;7;2;8;40;43;36;56;50;52;29;27;41;60;28;26
5105;15.01.2024;31;30;24;55;25;32;34;45;36;39;2;47;59;15;43;29;42;27;28;56
5104;14.01.2024;33;34;11;41;60;48;39;21;8;52;47;38;44;12;19;3;5;25;59;6
5103;13.01.2024;18;31;44;47;37;15;19;20;28;51;55;58;2;42;38;40;22;14;48;29
5102;12.01.2024;35;46;21;4;60;40;12;28;52;48;56;49;18;19;5;50;3;13;47;33
5101;11.01.2024;55;11;42;30;35;10;49;19;44;7;22;4;26;50;56;48;38;36;12;8
5100;10.01.2024;58;46;32;44;23;55;18;30;29;6;19;8;54;43;27;41;13;5;1;7
5099;09.01.2024;40;26;49;37;22;28;54;19;18;27;20;39;32;60;2;3;47;43;42;50
5098;08.01.2024;60;48;5;10;18;16;12;6;2;56;47;54;17;15;58;20;38;59;8;14
5097;07.01.2024;7;10;35;29;20;8;37;23;34;36;41;26;12;38;44;5;31;24;32;16
5096;06.01.2024;7;37;49;53;39;56;9;59;31;50;18;23;28;48;40;5;20;58;44;12
5095;05.01.2024;14;58;42;40;33;4;9;23;38;41;31;43;8;15;59;54;22;19;45;46
5094;04.01.2024;35;19;21;12;17;47;42;24;57;40;51;52;45;26;18;34;46;16;28;50
5093;03.01.2024;39;16;28;7;51;24;27;19;8;23;37;35;52;50;2;32;33;60;22;29
5092;02.01.2024;50;2;51;59;17;16;8;42;24;1;60;29;3;36;46;57;54;37;38;40
5091;01.01.2024;60;36;6;50;33;14;29;48;55;16;7;59;17;10;54;4;8;38;46;31
5090;31.12.2023;1;48;32;44;14;38;19;54;9;8;16;39;4;59;51;57;37;47;7;45
5089;30.12.2023;22;59;54;9;8;58;52;46;48;2;16;26;12;56;31;47;57;32;51;55
5088;29.12.2023;6;20;48;36;4;50;40;59;22;12;11;33;43;60;3;37;10;38;2;54
5087;28.12.2023;57;7;44;6;51;39;24;18;52;25;4;43;1;32;5;36;13;19;47;58
5086;27.12.2023;28;56;40;43;29;60;23;6;32;14;15;52;54;12;34;59;3;1;8;26
5085;26.12.2023;40;12;18;60;56;52;49;58;14;57;24;2;44;54;47;59;33;19;21;11
5084;25.12.2023;11;44;54;51;14;16;19;10;12;15;45;6;33;60;23;55;3;30;34;7
5083;24.12.2023;52;32;54;22;34;51;35;46;31;14;30;16;4;40;5;41;11;55;48;42
5082;23.12.2023;49;50;29;2;10;25;16;47;27;36;51;55;11;46;35;24;19;5;54;8
5081;22.12.2023;37;21;22;32;35;15;48;59;11;55;53;51;14;12;45;33;57;26;44;6
5080;21.12.2023;45;13;42;51;48;55;37;6;49;31;15;20;1;40;52;4;10;14;56;43
5079;20.12.2023;49;41;43;12;29;31;54;50;42;40;5;17;57;35;3;21;38;34;4;37
5078;19.12.2023;4;15;42;20;3;22;13;28;58;44;7;12;57;26;32;55;25;11;9;47
5077;18.12.2023;10;4;23;14;11;15;48;53;9;54;41;58;13;31;32;38;18;47;44;6
5076;17.12.2023;27;8;16;34;57;7;15;26;59;46;58;43;44;14;22;10;33;24;9;20
5075;16.12.2023;35;17;13;42;41;4;59;23;49;10;16;21;33;14;24;36;55;1;46;52
5074;15.12.2023;27;43;42;41;2;11;52;31;3;9;15;14;16;1;19;23;51;6;49;34
5073;14.12.2023;49;46;40;5;15;11;25;59;19;17;41;55;45;60;56;29;31;27;30;50
5072;13.12.2023;44;30;27;48;24;3;23;59;5;26;22;19;10;56;43;13;7;50;14;2
5071;12.12.2023;59;4;52;36;7;11;16;32;56;54;29;33;60;23;58;21;17;18;41;6
5070;11.12.2023;45;10;38;53;52;8;20;27;17;30;35;18;14;59;32;19;42;12;37;24
5069;10.12.2023;23;25;27;41;33;7;60;42;30;36;57;59;37;24;53;58;8;10;55;6
5068;09.12.2023;37;12;59;45;23;22;38;50;2;18;21;26;28;5;48;24;6;46;29;60
5067;08.12.2023;10;59;48;13;42;8;24;23;27;1;60;57;52;29;26;54;20;16;4;41
5066;07.12.2023;21;24;16;7;59;9;19;49;41;12;8;11;13;20;22;60;27;57;34;6
5065;06.12.2023;59;44;45;35;46;16;27;51;37;23;40;57;54;15;39;12;60;43;24;18
5064;05.12.2023;10;50;5;30;16;21;27;41;3;49;23;7;57;54;48;51;4;37;22;31
5063;04.12.2023;7;23;52;28;36;24;16;21;8;12;35;55;39;15;33;9;37;45;42;30
5062;03.12.2023;33;31;36;14;40;10;44;34;30;25;21;11;28;2;38;41;54;17;23;29
5061;02.12.2023;29;21;12;42;59;56;16;22;15;10;18;54;14;53;48;30;3;43;35;9
5060;01.12.2023;42;22;16;28;41;49;57;53;36;3;40;31;27;17;4;6;39;48;8;14
5059;30.11.2023;24;57;40;26;30;25;53;49;21;15;8;17;28;54;43;59;32;52;14;48
5058;29.11.2023;14;50;34;21;45;39;17;19;11;31;6;27;28;4;36;52;1;12;59;24
5057;28.11.2023;12;50;3;58;5;44;52;11;51;4;47;38;15;42;28;13;19;60;7;41
5056;27.11.2023;54;18;52;25;47;45;37;7;29;17;28;59;40;16;2;53;55;43;33;3
5055;26.11.2023;8;27;20;26;6;9;10;34;42;16;52;44;32;19;37;11;50;12;55;53
5054;25.11.2023;35;9;33;36;40;13;60;46;30;39;25;14;37;15;44;49;28;8;22;48
5053;24.11.2023;29;24;30;56;1;15;23;44;10;5;52;40;47;34;53;41;2;9;49;6
5052;23.11.2023;17;31;4;52;28;25;7;60;26;24;19;11;15;38;35;57;5;33;55;54
5051;22.11.2023;37;30;1;42;58;23;13;19;25;22;35;56;50;39;5;12;18;4;21;49
5050;21.11.2023;24;13;9;58;51;49;3;34;36;52;15;57;45;55;27;47;25;43;4;16
5049;20.11.2023;29;41;36;26;52;13;8;9;27;15;39;31;18;42;12;34;3;19;7;45
5048;19.11.2023;35;20;10;24;38;50;7;45;14;56;30;36;55;51;15;17;53;19;42;27
5047;18.11.2023;28;14;41;50;30;57;2;44;24;37;15;54;23;34;39;10;9;48;17;32
5046;17.11.2023;46;52;31;1;13;11;41;22;10;16;43;45;20;18;30;4;17;47;15;25
5045;16.11.2023;7;30;2;21;1;49;53;23;47;35;57;12;22;60;24;16;56;59;6;40
5044;15.11.2023;26;47;33;27;45;13;29;42;35;30;60;54;18;15;5;44;28;1;23;37
5043;14.11.2023;29;7;25;1;24;12;38;53;51;14;27;39;3;30;46;26;35;15;28;2
5042;13.11.2023;34;4;49;1;58;10;54;6;14;25;26;32;21;41;38;45;30;40;37;29
5041;12.11.2023;29;57;40;47;12;45;18;20;52;42;4;24;59;23;16;7;50;25;39;53
5040;11.11.2023;33;47;43;51;41;50;34;30;54;23;29;32;13;16;4;45;42;19;10;18
5039;10.11.2023;31;1;8;58;10;57;59;34;5;53;20;22;21;33;51;4;40;18;26;9
5038;09.11.2023;33;3;55;22;41;24;43;9;38;29;58;28;1;19;23;15;12;54;52;4
5037;08.11.2023;50;29;22;43;11;6;8;33;60;54;5;15;49;53;10;16;39;18;32;4
5036;07.11.2023;15;25;58;22;49;14;59;57;34;41;13;47;12;3;23;46;26;30;53;8
5035;06.11.2023;2;32;38;6;5;31;4;37;35;39;8;17;18;58;48;19;60;12;3;24
5034;05.11.2023;32;2;6;26;19;55;48;27;4;35;17;8;43;28;30;47;7;21;1;29
5033;04.11.2023;60;15;32;1;43;7;17;34;42;56;51;31;19;55;36;41;58;57;29;9
5032;03.11.2023;19;4;47;16;18;1;30;58;5;23;20;56;41;22;6;12;60;57;15;28
5031;02.11.2023;42;23;34;35;1;10;19;59;51;29;38;33;9;16;17;20;55;36;47;49
5030;01.11.2023;12;59;26;23;15;43;14;4;55;42;3;45;56;7;25;53;22;38;51;30
5029;31.10.2023;54;25;47;11;26;39;8;27;15;38;16;24;6;19;23;57;1;9;4;14
5028;30.10.2023;15;38;17;59;44;13;42;6;35;31;33;52;46;16;26;53;7;4;12;49
5027;29.10.2023;44;20;35;10;3;24;6;58;16;11;25;28;45;41;8;2;27;47;48;40
5026;28.10.2023;20;3;43;39;55;7;12;18;51;45;31;56;28;5;42;48;53;52;30;4
5025;27.10.2023;1;55;11;2;57;34;36;43;37;14;52;49;25;24;58;8;9;45;12;40
5024;26.10.2023;48;24;26;36;47;52;44;9;34;20;2;53;40;10;38;49;45;29;30;60
5023;25.10.2023;18;56;32;1;54;60;22;15;17;7;52;35;26;27;39;25;57;13;8;19
5022;24.10.2023;2;20;37;28;48;50;14;57;10;56;5;58;54;22;19;27;52;30;39;18
5021;23.10.2023;29;44;10;16;14;59;38;37;13;50;26;19;27;47;46;18;42;15;20;21
5020;22.10.2023;53;2;6;50;22;26;56;58;15;16;36;9;18;48;39;10;28;29;12;40
5019;21.10.2023;51;60;1;21;22;41;30;23;17;10;31;48;32;52;13;2;45;44;50;34
5018;20.10.2023;32;14;38;46;51;35;12;18;44;42;9;8;57;43;54;20;10;25;28;41
5017;19.10.2023;30;17;49;2;14;25;36;27;21;50;6;44;4;37;52;10;26;13;51;60
5016;18.10.2023;13;24;54;40;18;57;46;38;16;36;42;35;29;15;32;28;33;30;31;11
5015;17.10.2023;56;11;1;22;27;12;28;44;50;14;34;37;31;59;29;55;57;47;60;3
5014;16.10.2023;5;24;33;51;28;48;13;42;18;35;23;15;54;6;47;4;21;39;22;3
5013;15.10.2023;27;31;55;26;51;30;53;39;23;8;49;47;1;40;43;20;57;14;5;21
5012;14.10.2023;37;16;23;54;21;39;40;44;33;14;29;60;32;38;58;47;56;42;2;26
5011;13.10.2023;27;44;24;56;51;21;37;26;46;19;3;53;36;54;59;52;39;38;13;20
5010;12.10.2023;29;53;19;51;2;10;21;18;27;39;11;43;57;22;9;52;54;38;36;60
5009;11.10.2023;7;19;44;26;48;23;5;10;11;50;21;36;38;32;27;13;20;17;46;55
5008;10.10.2023;28;32;27;43;20;23;26;46;8;25;15;3;51;24;39;50;30;2;58;41
5007;09.10.2023;28;16;44;40;31;7;15;32;5;26;56;36;1;50;51;13;22;35;54;59
5006;08.10.2023;32;19;56;21;45;40;42;12;34;10;29;54;15;38;22;5;11;44;52;17
5005;07.10.2023;7;3;41;49;12;14;30;53;47;1;54;37;2;21;19;15;34;5;27;4
5004;06.10.2023;6;46;40;35;20;57;27;30;60;15;9;26;16;37;12;22;11;56;51;58
5003;05.10.2023;39;41;27;16;47;54;33;37;31;10;18;6;59;46;20;51;19;21;12;35
5002;04.10.2023;6;49;34;2;53;11;58;44;19;7;51;32;35;3;57;30;47;29;16;33
5001;03.10.2023;13;28;43;25;42;32;41;15;17;23;11;19;10;44;40;49;14;46;55;8
5000;02.10.2023;55;6;15;8;25;5;54;34;9;28;39;3;30;59;57;45;31;35;37;7
4999;01.10.2023;2;57;35;11;7;18;16;41;1;17;30;55;19;8;42;14;31;44;46;21
4998;30.09.2023;20;35;6;33;14;50;21;8;56;26;46;57;17;7;37;9;51;22;11;12
4997;29.09.2023;45;15;12;43;25;40;2;3;49;36;41;9;24;5;50;39;59;29;11;19
4996;28.09.2023;27;41;37;4;32;43;50;38;6;5;2;58;7;53;3;26;20;28;29;10
4995;27.09.2023;20;54;16;24;13;32;39;52;49;43;31;28;60;34;37;53;12;11;3;25
4994;26.09.2023;54;50;44;52;4;33;12;22;9;17;58;60;51;19;24;49;40;59;47;27
4993;25.09.2023;40;55;10;32;51;24;8;43;1;54;37;60;5;35;17;11;52;47;53;29
4992;24.09.2023;21;18;58;38;44;54;39;46;59;17;45;30;23;32;40;52;3;60;31;42
4991;23.09.2023;31;15;23;54;41;29;59;39;44;24;55;27;22;42;19;50;4;33;56;58
4990;22.09.2023;42;28;33;12;6;2;37;24;25;1;60;7;47;59;16;44;35;40;38;3
4989;21.09.2023;13;54;45;56;8;20;42;27;15;6;50;55;34;46;17;18;59;19;35;31
4988;20.09.2023;2;33;57;23;29;24;8;38;22;28;13;59;12;21;35;5;47;14;60;45
4987;19.09.2023;22;6;48;3;32;55;24;29;26;43;42;49;37;36;8;53;59;47;13;27
4986;18.09.2023;3;24;8;47;58;34;33;2;36;40;31;49;41;16;19;18;30;7;6;1
4985;17.09.2023;15;5;22;23;1;50;36;18;44;33;39;3;34;8;52;24;9;59;48;45
4984;16.09.2023;27;13;48;18;54;56;53;26;1;4;31;34;58;57;9;17;33;51;55;10
4983;15.09.2023;58;59;16;40;17;41;30;52;3;23;34;22;35;4;53;51;31;14;45;38
4982;14.09.2023;24;15;32;54;53;21;41;48;7;57;18;34;46;29;12;33;42;27;47;1
4981;13.09.2023;3;15;30;4;12;40;13;52;54;27;10;31;17;34;7;1;48;29;20;26
4980;12.09.2023;51;50;20;7;43;24;52;1;59;38;39;41;27;9;34;17;30;4;3;8
4979;11.09.2023;16;22;3;57;21;52;17;2;43;25;60;4;39;41;54;8;7;37;36;6
4978;10.09.2023;54;48;52;49;10;27;51;35;16;6;25;36;59;11;20;9;14;30;37;29
4977;09.09.2023;57;5;20;6;7;14;41;44;50;3;33;52;29;24;55;49;4;9;13;39
4976;08.09.2023;54;59;58;40;13;41;32;7;25;1;27;44;18;24;4;60;2;45;53;12
4975;07.09.2023;15;51;2;18;14;23;58;11;10;7;19;9;6;22;31;16;4;48;44;24
4974;06.09.2023;47;2;53;20;48;60;25;46;11;17;30;15;58;57;40;56;4;3;9;13
4973;05.09.2023;48;14;30;23;16;27;6;24;45;52;4;43;13;55;44;49;18;31;20;42
4972;04.09.2023;33;59;49;23;43;47;35;13;60;32;25;34;20;18;9;8;56;5;14;40
4971;03.09.2023;47;30;20;40;22;17;18;32;24;15;6;27;59;14;11;52;41;50;16;9
4970;02.09.2023;20;28;49;31;54;12;26;5;30;9;58;51;60;16;59;42;57;2;4;7
4969;01.09.2023;53;28;56;59;1;32;52;34;38;13;60;33;14;50;57;26;11;45;49;9
4968;31.08.2023;30;56;41;10;50;19;11;33;13;24;25;60;31;42;54;29;37;5;49;6
4967;30.08.2023;48;56;4;36;32;42;33;39;19;47;40;6;45;29;3;38;21;5;24;9
4966;29.08.2023;9;34;4;15;44;18;27;20;33;51;2;43;22;16;31;40;45;36;57;14
4965;28.08.2023;31;60;14;34;11;19;29;50;26;57;45;52;35;21;24;16;32;5;28;15
4964;27.08.2023;43;5;14;13;31;56;60;9;19;12;33;53;47;38;22;3;17;48;30;55
4963;26.08.2023;1;32;28;52;59;35;56;13;8;42;57;55;50;14;27;25;47;4;54;12
4962;25.08.2023;1;4;52;27;9;34;29;15;21;57;44;31;30;43;17;10;19;16;24;38
4961;24.08.2023;59;27;20;40;8;10;39;44;26;2;15;1;52;48;38;18;57;25;53;54
4960;23.08.2023;25;51;47;29;57;32;55;52;5;49;6;3;48;53;36;33;26;7;10;27
4959;22.08.2023;57;60;54;43;29;46;28;50;6;26;47;2;3;22;35;20;52;1;5;56
4958;21.08.2023;58;33;49;32;23;14;19;7;12;59;38;11;21;55;13;29;6;60;41;51
4957;20.08.2023;12;42;48;19;22;43;21;11;56;10;25;37;60;8;52;26;13;58;29;7
4956;19.08.2023;41;2;33;5;60;23;20;26;48;17;50;32;56;7;57;27;37;15;22;42
4955;18.08.2023;52;31;40;36;47;21;42;33;57;54;11;5;8;18;12;38;30;22;44;37
4954;17.08.2023;4;31;10;60;47;30;3;22;54;45;41;59;44;42;25;21;37;2;6;35
4953;16.08.2023;46;47;18;51;31;43;13;33;52;19;28;12;21;60;20;27;39;23;57;3
4952;15.08.2023;5;21;53;57;49;19;6;34;18;55;3;32;35;43;51;41;23;15;8;26
4951;14.08.2023;57;10;1;3;58;41;35;49;59;44;22;31;20;43;28;51;13;16;19;56
4950;13.08.2023;15;47;55;10;40;19;32;31;13;5;46;38;11;54;45;6;14;18;36;35
4949;12.08.2023;57;6;19;24;25;29;41;52;33;38;60;1;11;49;54;37;26;50;22;4
4948;11.08.2023;22;17;4;14;20;25;40;30;60;6;43;39;34;51;23;8;31;50;58;5
4947;10.08.2023;25;17;51;55;43;9;40;1;13;28;35;57;8;32;37;16;14;19;33;41
4946;09.08.2023;11;53;45;19;13;18;49;23;54;36;30;31;38;59;5;39;7;33;24;52
4945;08.08.2023;19;36;56;35;2;14;38;3;43;34;16;8;11;57;49;39;54;58;13;26
4944;07.08.2023;35;48;16;1;21;29;30;26;13;28;34;5;6;10;17;37;20;33;31;45
4943;06.08.2023;22;6;59;14;50;13;53;41;42;57;26;27;23;51;11;56;58;34;31;54
4942;05.08.2023;43;5;28;17;37;59;60;34;31;49;52;23;16;57;29;48;46;45;12;51
4941;04.08.2023;2;11;36;44;48;49;4;17;24;47;31;28;12;58;39;40;52;1;29;42
4940;03.08.2023;38;53;60;4;49;17;8;1;43;20;11;55;6;48;18;22;36;16;42;40
4939;02.08.2023;26;33;20;17;44;6;48;53;50;59;5;23;45;19;56;42;7;46;51;60
4938;01.08.2023;38;54;45;5;55;49;29;59;8;12;39;21;15;35;27;20;46;30;40;14
4937;31.07.2023;42;59;27;18;37;52;57;16;25;46;4;21;43;5;20;28;30;9;49;50
4936;30.07.2023;5;14;44;19;45;53;22;40;58;43;26;3;48;18;31;1;36;23;13;28
4935;29.07.2023;56;28;58;60;32;45;36;46;29;54;41;19;23;47;2;33;26;5;59;30
4934;28.07.2023;47;30;56;49;58;55;6;32;54;36;23;45;37;7;16;27;44;17;20;4
4933;27.07.2023;8;42;58;45;9;24;14;27;34;55;39;43;44;47;20;18;28;15;52;13
4932;26.07.2023;13;10;39;60;34;54;7;22;17;38;25;2;8;30;9;40;6;19;53;35
4931;25.07.2023;13;31;45;6;32;14;53;12;47;28;7;9;21;41;25;19;42;60;20;26
4930;24.07.2023;2;41;3;51;59;58;39;56;7;24;55;44;28;40;4;35;34;19;10;27
4929;23.07.2023;29;25;47;20;32;31;19;15;17;45;57;35;6;38;21;9;11;59;7;39
4928;22.07.2023;46;37;52;32;47;53;57;41;24;2;10;23;58;28;13;34;27;5;11;49
4927;21.07.2023;25;17;49;52;21;10;9;39;43;27;33;40;38;47;46;19;13;55;3;4
4926;20.07.2023;16;46;25;2;12;42;4;3;22;40;9;48;44;26;29;11;34;37;53;20
4925;19.07.2023;36;17;42;1;58;32;28;47;2;25;45;56;52;48;3;54;8;7;59;55
4924;18.07.2023;57;39;31;29;56;44;42;2;41;5;36;54;49;58;11;19;23;40;3;38
4923;17.07.2023;56;47;39;18;40;13;49;14;25;35;33;54;34;44;31;48;9;46;3;45
4922;16.07.2023;16;8;42;2;60;19;11;54;32;44;43;10;6;40;14;52;27;12;21;31
4921;15.07.2023;53;34;42;36;14;35;22;24;28;57;46;23;8;26;51;30;33;16;12;2
4920;14.07.2023;4;21;27;28;19;50;8;25;2;30;44;55;53;42;56;57;34;60;52;12
4919;13.07.2023;43;36;51;56;53;9;3;22;50;45;46;2;12;44;13;52;48;32;1;6
4918;12.07.2023;35;20;19;6;53;57;54;9;22;2;11;36;5;50;12;48;55;14;25;38
4917;11.07.2023;12;18;4;54;7;21;51;8;13;23;55;20;43;24;19;3;38;49;56;9
4916;10.07.2023;46;43;39;14;41;27;8;34;25;59;60;40;12;29;57;42;2;18;36;30
4915;09.07.2023;60;54;6;5;28;24;10;7;9;57;25;53;21;55;16;45;38;15;2;37
4914;08.07.2023;6;13;41;16;51;20;29;10;26;23;44;4;35;53;47;24;46;36;48;25
4913;07.07.2023;25;22;18;26;52;5;6;19;16;42;14;47;30;34;15;54;17;44;23;57
4912;06.07.2023;12;28;33;34;55;32;24;59;21;41;26;20;48;38;46;54;16;5;37;30
4911;05.07.2023;40;2;26;20;30;46;54;48;49;45;60;22;31;56;57;43;5;51;38;15
4910;04.07.2023;31;24;49;27;10;5;17;40;6;22;30;59;21;55;14;23;43;16;37;33
4909;03.07.2023;24;35;51;54;8;44;18;34;30;5;16;12;55;29;9;25;37;3;50;48
4908;02.07.2023;37;23;33;35;5;17;19;36;47;24;22;46;50;49;53;13;57;45;18;39
4907;01.07.2023;7;45;33;53;36;24;4;46;8;48;42;35;58;27;2;11;38;26;52;56
4906;30.06.2023;54;50;31;13;52;26;1;9;15;43;20;42;49;27;32;17;40;19;60;24
4905;29.06.2023;53;41;51;20;40;21;29;10;59;54;5;39;52;30;48;47;34;35;8;42
4904;28.06.2023;38;7;56;51;37;44;1;9;53;30;35;19;31;27;24;47;32;21;40;57
4903;27.06.2023;46;31;3;6;11;34;9;26;58;48;17;20;14;47;57;35;13;53;18;16
4902;26.06.2023;35;19;33;15;13;5;25;18;56;53;51;57;30;11;14;41;16;10;45;54
4901;25.06.2023;8;38;39;55;11;42;51;14;46;29;37;15;19;24;32;35;27;54;3;41
4900;24.06.2023;10;25;23;36;9;2;51;35;24;14;29;6;48;19;41;42;39;22;55;58
4899;23.06.2023;44;22;47;32;56;20;37;16;15;14;17;48;41;4;59;30;51;18;34;28
4898;22.06.2023;50;11;46;10;3;49;28;29;52;55;33;15;54;38;34;4;57;42;16;27
4897;21.06.2023;45;11;54;23;17;46;51;39;34;18;10;48;27;42;41;24;43;50;8;2
4896;20.06.2023;21;55;37;40;33;7;32;41;5;43;38;30;20;19;6;3;42;22;45;31
4895;19.06.2023;50;15;19;6;52;23;14;28;16;54;36;51;60;29;30;34;59;41;53;31
4894;18.06.2023;37;38;50;52;53;46;45;44;14;11;54;18;10;40;60;55;19;56;59;20
4893;17.06.2023;43;44;37;17;4;6;53;58;52;23;41;25;46;2;19;5;15;49;7;16
4892;16.06.2023;2;57;3;42;50;59;39;43;56;38;6;47;11;9;26;14;49;32;30;10
4891;15.06.2023;50;59;48;45;53;36;8;28;39;10;12;56;54;43;5;7;16;41;24;1
4890;14.06.2023;4;40;32;24;28;6;37;2;14;51;35;22;17;12;57;13;21;46;49;18
4889;13.06.2023;54;52;23;8;21;26;14;33;4;40;36;30;2;51;47;13;56;27;10;20
4888;12.06.2023;9;43;8;57;15;29;37;41;1;46;45;25;56;6;50;28;10;35;14;34
4887;11.06.2023;47;34;40;59;24;5;51;27;36;32;10;46;3;25;60;50;30;54;57;29
4886;10.06.2023;55;36;29;48;11;5;45;51;4;21;1;6;20;43;34;9;7;14;17;46
4885;09.06.2023;9;37;20;27;16;43;8;50;23;30;45;1;18;44;49;47;33;46;56;4
4884;08.06.2023;58;23;54;2;37;48;17;21;9;20;33;50;40;43;55;36;47;19;52;29
4883;07.06.2023;18;3;9;52;17;57;23;42;35;47;45;60;26;40;6;24;32;54;14;46
4882;06.06.2023;14;12;43;53;45;47;56;60;39;5;21;55;22;7;36;54;4;30;29;35
4881;05.06.2023;41;13;9;28;27;29;33;59;8;16;58;14;47;1;56;57;21;37;20;35
4880;04.06.2023;59;23;4;30;7;57;33;22;11;9;53;28;40;8;36;21;37;16;39;2
4879;03.06.2023;46;18;6;44;60;19;48;41;25;4;58;30;35;23;39;20;57;43;8;7
4878;02.06.2023;56;29;26;8;14;40;44;5;12;6;7;49;10;39;22;35;54;47;57;55
4877;01.06.2023;57;37;16;14;44;60;53;32;23;26;39;41;8;24;55;5;50;36;54;17
4876;31.05.2023;45;57;33;48;54;56;32;51;7;21;47;60;43;26;3;28;12;17;52;29
4875;30.05.2023;39;14;2;37;29;59;22;33;21;44;48;40;1;54;32;46;49;18;16;11
4874;29.05.2023;23;26;50;22;58;35;11;31;33;13;55;52;38;42;14;29;40;46;57;37
4873;28.05.2023;22;34;15;58;48;55;18;13;9;28;57;1;35;17;51;23;11;42;7;21
4872;27.05.2023;26;59;20;41;56;18;57;36;42;2;30;49;5;51;40;9;58;50;45;33
4871;26.05.2023;13;28;16;47;46;27;10;3;55;19;40;22;38;4;44;23;60;14;36;12
4870;25.05.2023;12;38;16;32;40;49;34;14;39;25;6;29;42;33;44;5;18;15;4;11
4869;24.05.2023;10;45;23;60;38;51;6;15;3;9;19;14;48;8;46;18;31;11;41;33
4868;23.05.2023;20;60;33;58;46;1;32;59;2;16;38;11;17;55;34;3;13;50;12;45
4867;22.05.2023;49;51;14;1;45;53;36;17;27;40;55;25;18;32;31;13;2;37;47;59
4866;21.05.2023;45;33;7;27;19;10;6;56;35;1;40;28;9;22;32;38;17;2;16;13
4865;20.05.2023;39;2;44;59;14;32;19;18;1;57;24;4;60;50;58;20;9;51;34;29
4864;19.05.2023;54;17;21;18;2;31;52;51;32;13;16;58;7;55;9;43;8;35;49;34
4863;18.05.2023;41;16;47;42;15;52;8;58;1;54;22;32;38;4;53;33;11;9;26;21
4862;17.05.2023;45;15;53;11;29;44;43;23;2;9;47;59;37;21;60;1;26;6;24;18
4861;16.05.2023;47;59;17;6;9;1;39;41;55;45;48;46;11;54;49;30;57;3;8;28
4860;15.05.2023;2;30;43;25;48;16;11;57;10;46;6;18;19;41;55;32;53;20;51;12
4859;14.05.2023;43;24;18;4;58;2;1;7;39;26;46;10;53;31;29;11;9;57;30;51
4858;13.05.2023;55;5;24;50;43;60;44;1;25;52;8;2;12;53;9;57;38;37;19;11
4857;12.05.2023;51;7;8;17;19;21;42;54;52;59;60;40;55;41;5;30;3;43;39;6
4856;11.05.2023;20;31;34;46;43;11;40;53;44;24;58;1;29;33;5;48;37;16;32;2
4855;10.05.2023;13;31;52;4;3;34;16;45;39;41;49;51;60;18;38;54;9;2;32;46
4854;09.05.2023;54;59;36;33;22;18;3;35;41;19;55;49;14;10;7;17;24;11;45;42
4853;08.05.2023;4;48;39;2;5;32;11;10;30;1;50;13;57;16;56;36;54;17;60;46
4852;07.05.2023;5;56;17;40;44;50;54;2;1;25;27;39;6;37;21;42;33;16;55;47
4851;06.05.2023;35;23;25;44;4;28;30;54;42;39;37;11;56;13;24;27;43;45;12;46
4850;05.05.2023;60;46;59;43;11;50;44;33;32;37;31;10;41;30;52;2;34;8;12;27
4849;04.05.2023;59;48;21;37;45;34;6;25;29;42;44;60;56;12;11;38;50;55;24;47
4848;03.05.2023;3;33;35;2;9;48;20;57;41;6;16;55;8;54;39;28;34;47;25;53
4847;02.05.2023;20;60;22;39;36;42;32;51;3;13;41;59;45;38;29;26;17;34;46;24
4846;01.05.2023;45;25;21;26;28;35;37;50;44;39;53;29;24;13;8;54;33;7;40;52
4845;30.04.2023;55;15;2;7;14;43;51;39;10;36;5;49;11;13;27;21;18;19;41;45
4844;29.04.2023;46;41;48;38;45;37;49;6;25;35;20;28;9;59;11;43;16;53;14;27
4843;28.04.2023;42;30;29;39;5;26;45;10;58;1;22;15;59;37;23;51;9;4;38;49
4842;27.04.2023;14;34;45;33;39;22;23;35;13;53;46;50;20;26;31;11;59;58;17;7
4841;26.04.2023;32;22;11;25;59;20;26;9;40;49;53;57;31;6;45;7;24;51;18;23
4840;25.04.2023;52;7;57;30;6;32;45;17;2;55;1;5;33;24;13;41;51;56;49;37
4839;24.04.2023;50;48;57;12;36;60;11;4;3;30;53;16;38;39;14;19;32;56;29;20
4838;23.04.2023;48;8;20;23;36;33;53;4;29;18;25;30;44;45;13;6;54;32;50;49
4837;22.04.2023;47;28;44;34;1;31;48;40;42;23;7;56;57;53;46;36;58;15;21;30
4836;21.04.2023;10;17;35;30;18;38;15;7;8;5;24;6;1;19;50;22;57;56;4;33
4835;20.04.2023;13;4;38;47;10;54;42;40;43;21;16;34;48;55;7;58;22;29;32;2
4834;19.04.2023;29;37;47;7;8;51;24;17;44;40;2;23;56;25;15;21;59;30;5;20
4833;18.04.2023;10;9;31;13;8;24;5;42;23;26;50;29;54;56;1;44;2;38;36;51
4832;17.04.2023;8;7;35;31;25;36;53;40;41;57;28;54;3;29;39;32;9;5;16;56
4831;16.04.2023;56;36;38;17;3;7;4;10;44;23;28;32;21;34;39;16;11;29;12;55
4830;15.04.2023;1;9;34;15;16;31;52;29;21;47;51;56;60;22;43;7;37;41;8;11
4829;14.04.2023;16;4;37;56;30;46;20;44;17;42;14;26;27;41;12;50;29;32;9;43
4828;13.04.2023;27;42;1;21;15;49;7;14;24;53;12;28;18;40;51;36;5;19;56;25
4827;12.04.2023;54;13;31;29;44;60;53;11;21;19;33;10;23;58;4;17;1;25;15;6
4826;11.04.2023;43;49;2;35;48;54;56;42;7;30;25;27;3;12;60;15;19;58;28;18
4825;10.04.2023;9;10;13;45;5;30;28;35;1;37;43;20;11;31;3;4;19;46;41;52
4824;09.04.2023;30;3;8;34;45;25;18;10;17;50;35;28;21;7;51;29;59;36;49;47
4823;08.04.2023;12;59;53;5;1;17;38;4;22;58;51;36;43;24;57;35;46;44;31;20
4822;07.04.2023;6;24;23;10;46;45;31;15;39;49;21;29;22;9;16;52;20;37;2;17
4821;06.04.2023;1;40;41;59;5;14;54;21;51;46;2;29;30;44;27;23;25;48;15;26
4820;05.04.2023;51;15;35;28;16;43;42;45;29;55;32;30;11;34;31;13;46;56;41;25
4819;04.04.2023;41;55;1;48;4;38;29;30;46;59;27;32;14;21;28;34;45;56;39;22
4818;03.04.2023;17;7;54;53;16;57;55;26;27;19;34;39;48;49;30;22;38;40;9;46
4817;02.04.2023;44;31;52;1;33;38;13;39;30;32;21;3;37;53;57;7;18;22;8;11
4816;01.04.2023;16;6;51;27;54;24;26;17;8;37;32;9;47;31;55;14;43;7;28;10
4815;31.03.2023;30;51;44;41;54;58;47;45;42;9;12;5;6;57;7;32;36;11;59;60
4814;30.03.2023;2;44;8;10;37;11;57;43;6;21;17;46;34;35;36;51;15;1;20;29
4813;29.03.2023;16;43;10;38;19;36;45;13;18;4;17;40;5;12;22;1;46;48;57;29
4812;28.03.2023;30;45;33;46;11;43;52;58;51;41;4;35;3;49;31;19;42;9;12;55
4811;27.03.2023;4;14;5;42;23;18;22;50;48;2;37;19;25;20;16;35;11;17;21;49
4810;26.03.2023;58;12;4;24;54;37;33;30;14;41;2;20;34;59;53;27;57;40;49;17
4809;25.03.2023;3;38;31;40;55;48;33;21;52;47;45;30;7;43;26;17;44;19;24;10
4808;24.03.2023;16;2;48;29;8;41;20;40;6;5;28;37;27;34;12;17;19;33;59;44
4807;23.03.2023;28;25;3;47;20;7;52;39;45;9;22;29;53;48;44;30;10;35;17;27
4806;22.03.2023;18;51;8;23;7;49;15;3;17;21;36;47;30;45;54;56;27;12;53;59
4805;21.03.2023;42;58;46;33;59;57;53;5;6;20;11;13;15;43;38;39;27;25;44;4
4804;20.03.2023;39;15;38;20;56;48;35;1;22;19;13;59;3;18;31;9;24;23;49;47
4803;19.03.2023;53;22;13;55;27;7;4;16;35;54;19;52;26;17;15;59;18;32;51;21
4802;18.03.2023;20;39;37;55;2;25;40;28;45;43;44;17;10;46;13;12;60;48;5;9
4801;17.03.2023;20;60;32;38;44;40;10;51;34;2;16;41;9;21;5;28;14;17;54;25
4800;16.03.2023;1;53;54;60;25;31;8;39;9;17;27;26;28;57;13;47;58;34;14;51
4799;15.03.2023;46;17;51;60;43;26;2;59;31;34;11;10;48;21;57;25;29;22;32;8
4798;14.03.2023;24;58;54;44;27;49;4;25;9;13;46;38;22;2;23;51;45;47;26;20
4797;13.03.2023;20;22;38;4;8;36;2;33;41;27;24;34;43;12;6;56;40;14;57;55
4796;12.03.2023;39;48;19;51;44;59;13;7;54;5;12;43;41;38;15;47;21;58;49;42
4795;11.03.2023;56;5;13;21;29;22;39;4;48;28;34;32;40;20;37;43;6;1;57;24
4794;10.03.2023;58;46;40;55;51;4;5;45;15;49;11;8;38;7;16;20;29;3;53;17
4793;09.03.2023;27;33;25;43;23;54;11;60;45;30;4;55;19;34;10;20;39;3;13;1
4792;08.03.2023;59;16;18;51;53;43;39;41;17;29;57;35;47;45;14;32;6;36;19;60
4791;07.03.2023;59;16;32;8;15;20;35;26;1;29;22;19;9;25;52;11;28;47;14;6
4790;06.03.2023;13;60;12;43;48;25;5;28;42;10;4;45;58;49;3;39;44;52;40;27
4789;05.03.2023;51;35;56;21;32;48;11;20;53;19;55;59;12;10;60;7;16;50;4;47
4788;04.03.2023;36;37;13;46;2;6;41;55;40;23;58;54;9;27;28;16;48;60;35;17
4787;03.03.2023;41;43;36;6;46;20;8;35;13;49;27;44;21;28;15;11;40;59;16;3
4786;02.03.2023;45;53;48;11;2;5;20;36;30;41;22;24;59;46;9;60;25;10;44;57
4785;01.03.2023;37;14;6;59;55;13;40;15;9;33;48;4;3;28;31;49;1;32;45;7
4784;28.02.2023;7;55;48;41;21;35;24;15;45;58;38;18;30;34;23;26;32;47;1;56
4783;27.02.2023;27;37;8;31;52;28;57;12;19;39;41;56;20;45;18;44;42;1;11;32
4782;26.02.2023;3;34;25;37;44;5;29;43;19;57;42;50;47;23;22;31;11;35;36;59
4781;25.02.2023;17;56;51;30;20;9;12;28;8;35;21;19;4;39;60;40;10;5;29;41
4780;24.02.2023;3;15;22;34;37;51;42;10;27;25;6;1;46;55;13;14;23;16;7;58
4779;23.02.2023;52;53;20;2;22;1;42;9;39;24;6;31;14;28;8;33;50;51;60;15
4778;22.02.2023;40;36;12;49;34;29;9;60;59;23;54;50;56;44;27;39;19;26;58;38
4777;21.02.2023;29;8;5;53;34;57;4;51;26;32;20;33;27;36;40;41;1;48;21;55
4776;20.02.2023;1;57;52;55;41;36;26;33;3;8;6;24;32;12;56;31;53;17;7;35
4775;19.02.2023;41;14;34;33;1;25;58;45;46;42;57;32;13;36;49;43;21;56;18;3
4774;18.02.2023;31;40;26;58;47;11;19;20;60;43;29;51;59;36;15;6;23;50;56;4
4773;17.02.2023;41;54;39;31;32;30;59;25;28;43;6;3;7;47;50;45;11;40;17;51
4772;16.02.2023;49;58;27;46;18;9;25;40;30;47;60;24;12;14;59;37;48;43;19;53
4771;15.02.2023;17;34;4;45;26;53;28;31;44;8;47;55;23;24;22;48;59;14;29;49
4770;14.02.2023;46;1;3;38;45;36;49;57;48;12;33;10;29;54;30;16;24;13;20;51
4769;13.02.2023;34;41;33;43;11;52;16;26;56;59;36;46;42;44;51;17;6;29;39;12
4768;12.02.2023;19;26;6;8;14;46;42;57;2;28;15;1;44;33;29;12;37;4;23;55
4767;11.02.2023;6;48;39;9;25;40;42;3;16;18;35;8;57;44;2;27;4;22;29;23
4766;10.02.2023;55;20;31;36;18;37;3;40;58;19;34;1;44;51;5;28;10;16;33;21
4765;09.02.2023;46;18;32;11;47;4;7;1;3;9;23;55;21;33;43;59;2;41;37;34
4764;08.02.2023;46;48;27;47;57;43;16;50;13;18;3;40;60;21;5;22;4;39;35;37
4763;07.02.2023;51;17;60;49;8;55;11;20;35;54;44;2;57;3;12;24;46;4;31;5
4762;06.02.2023;29;19;18;23;7;49;30;21;42;45;2;57;14;33;12;20;27;53;17;10
4761;05.02.2023;13;18;48;14;55;7;33;49;46;1;27;2;59;56;45;15;39;6;10;22
4760;04.02.2023;1;23;20;13;2;22;58;12;37;5;57;4;33;54;41;38;27;34;14;21
4759;03.02.2023;41;54;35;7;16;46;34;37;22;40;20;30;38;55;36;60;51;1;57;25
4758;02.02.2023;50;12;43;5;20;57;31;8;10;42;45;11;51;59;55;35;56;19;9;16
4757;01.02.2023;11;14;8;59;23;41;13;19;37;55;12;26;5;54;15;16;30;3;7;21
4756;31.01.2023;47;50;45;1;32;9;25;34;37;15;57;58;35;27;31;6;22;2;60;13
4755;30.01.2023;34;14;2;37;36;26;43;50;22;30;53;51;25;57;54;9;41;20;16;15
4754;29.01.2023;33;46;26;29;32;28;37;5;38;27;30;17;50;54;58;8;2;15;1;36
4753;28.01.2023;43;15;56;11;47;53;45;58;48;40;21;14;1;28;27;24;55;22;31;12
4752;27.01.2023;32;52;47;28;29;34;11;58;8;5;55;27;60;16;41;54;25;40;4;30
4751;26.01.2023;39;37;40;2;11;55;22;47;30;21;59;10;53;20;13;17;7;31;54;50
4750;25.01.2023;40;29;45;55;42;10;37;34;59;31;47;52;9;38;17;21;41;54;20;33
4749;24.01.2023;55;7;18;28;10;57;17;6;30;5;54;42;33;24;13;53;43;52;48;32
4748;23.01.2023;28;3;14;32;53;59;30;5;17;15;37;19;55;16;38;34;54;18;33;22
4747;22.01.2023;36;48;44;30;28;58;33;7;59;27;57;20;49;9;2;21;24;17;18;26
4746;21.01.2023;9;58;45;23;8;15;57;42;29;14;51;26;53;56;41;10;28;40;21;24
4745;20.01.2023;10;45;28;16;56;29;30;37;13;15;31;23;34;26;19;57;11;60;40;39
4744;19.01.2023;45;44;51;11;35;53;46;24;30;54;50;2;3;26;14;48;8;1;57;42
4743;18.01.2023;59;46;21;16;19;12;18;54;8;49;43;7;17;6;30;4;5;40;57;53
4742;17.01.2023;10;4;1;14;24;27;16;54;5;45;57;43;13;41;31;38;9;28;36;47
4741;16.01.2023;20;7;10;57;11;30;58;34;16;12;38;6;35;42;52;41;24;21;28;23
4740;15.01.2023;18;25;10;35;57;21;34;47;46;12;43;3;49;41;15;56;7;1;44;36
4739;14.01.2023;37;17;10;52;14;60;55;28;30;47;33;2;1;16;8;36;18;3;54;44
4738;13.01.2023;60;57;14;35;54;2;46;12;20;45;26;18;17;36;43;47;3;56;29;15
4737;12.01.2023;42;49;50;36;28;47;15;37;8;46;41;13;31;39;54;5;27;58;32;25
4736;11.01.2023;4;18;35;41;34;50;43;3;37;24;14;33;19;59;52;13;55;15;22;11
4735;10.01.2023;54;7;8;53;4;51;59;45;39;37;41;23;35;47;10;17;43;6;2;25
4734;09.01.2023;55;42;36;4;6;18;45;30;60;13;16;14;25;57;31;23;8;40;37;7
4733;08.01.2023;32;36;19;47;49;46;43;25;52;21;11;27;26;8;12;17;40;60;20;56
4732;07.01.2023;46;34;49;40;8;24;36;13;48;42;52;10;53;59;45;50;41;14;55;6
4731;06.01.2023;18;30;7;48;26;25;32;31;54;10;23;40;34;27;24;47;50;12;22;55
4730;05.01.2023;5;18;27;24;44;49;37;31;17;22;1;41;2;30;16;4;43;38;42;58
4729;04.01.2023;46;5;21;48;58;45;52;54;39;29;24;16;19;56;50;44;33;12;51;53
4728;03.01.2023;6;43;26;4;27;11;37;32;54;40;45;55;29;20;23;28;16;9;49;19
4727;02.01.2023;55;35;50;17;8;33;43;28;26;48;52;27;25;13;36;49;46;19;54;20
4726;01.01.2023;11;53;57;34;5;30;18;26;25;19;13;32;47;55;42;48;15;16;24;4
4725;31.12.2022;59;29;6;32;19;45;48;46;27;57;12;49;10;25;53;18;35;40;36;41
4724;30.12.2022;40;23;34;25;54;19;47;42;13;5;36;24;33;28;30;43;6;37;2;14
4723;29.12.2022;18;21;23;2;49;37;26;43;41;45;20;52;28;47;17;5;30;25;48;38
4722;28.12.2022;35;19;59;7;58;48;38;17;8;43;4;44;32;50;49;27;2;14;31;15
4721;27.12.2022;38;8;50;7;47;57;10;49;11;52;4;1;28;9;17;23;2;14;12;21
4720;26.12.2022;14;17;7;46;51;43;12;10;37;53;48;30;44;39;6;1;28;38;9;22
4719;25.12.2022;7;1;46;11;24;54;43;17;56;50;44;16;19;10;2;34;55;52;12;8
4718;24.12.2022;38;28;4;56;59;40;51;52;58;34;47;24;26;20;30;12;53;50;13;9
4717;23.12.2022;1;39;37;19;60;52;22;35;44;5;24;47;18;15;20;6;2;49;46;17
4716;22.12.2022;34;58;16;5;55;35;26;40;60;2;17;59;20;18;4;29;8;46;44;25
4715;21.12.2022;19;58;38;30;28;54;9;59;3;60;18;56;36;42;25;11;21;48;2;1
4714;20.12.2022;7;51;21;1;40;15;3;28;18;55;5;44;45;54;39;13;47;53;8;50
4713;19.12.2022;26;16;31;54;2;5;48;52;17;25;7;18;4;44;1;22;58;15;13;34
4712;18.12.2022;8;30;31;27;2;51;39;46;59;1;38;45;55;16;19;13;40;22;26;56
4711;17.12.2022;36;60;55;54;48;15;45;34;35;24;43;17;2;38;16;57;18;22;30;44
4710;16.12.2022;50;23;60;18;9;32;15;58;19;51;24;41;29;13;46;1;31;12;5;20
4709;15.12.2022;3;18;17;59;57;45;31;42;58;36;34;20;5;15;16;7;46;53;37;8
4708;14.12.2022;35;2;18;25;24;49;37;44;57;47;9;28;11;46;48;31;59;60;43;34
4707;13.12.2022;12;2;49;42;4;5;47;14;46;34;37;43;52;17;39;50;11;40;13;51
4706;12.12.2022;13;16;8;35;51;43;53;38;6;44;18;49;9;4;7;1;50;55;30;22
4705;11.12.2022;40;1;44;50;4;60;31;41;47;28;42;29;48;52;54;2;9;11;7;35
4704;10.12.2022;1;54;14;23;7;10;51;17;44;46;16;29;48;42;49;43;26;30;25;33
4703;09.12.2022;8;38;59;56;46;13;54;23;52;26;21;14;48;58;17;50;55;16;7;57
4702;08.12.2022;27;54;59;22;52;44;10;36;56;53;21;33;26;19;32;50;37;1;55;31
4701;07.12.2022;57;14;22;20;2;9;46;1;7;44;23;30;59;58;31;32;54;29;45;3
4700;06.12.2022;20;9;56;23;36;57;44;25;6;30;38;22;28;21;19;24;39;29;12;14
4699;05.12.2022;12;14;49;36;40;25;41;57;31;5;17;37;51;39;52;16;47;7;21;59
4698;04.12.2022;27;9;45;41;59;12;57;35;50;42;15;53;39;17;1;10;51;2;47;34
4697;03.12.2022;38;31;50;13;26;33;39;51;16;35;21;15;25;2;30;20;54;49;41;12
4696;02.12.2022;42;43;9;47;37;44;25;24;12;27;10;21;60;53;55;40;29;16;4;58
4695;01.12.2022;18;23;43;6;7;2;50;47;35;21;44;10;33;29;15;3;8;57;26;24
4694;30.11.2022;46;31;42;15;38;30;12;49;25;10;26;48;5;47;3;1;51;22;2;33
4693;29.11.2022;3;38;2;39;33;24;17;60;28;45;11;49;25;56;16;15;50;54;29;9
4692;28.11.2022;28;51;25;38;60;16;54;55;23;11;49;34;44;59;10;35;42;21;56;45
4691;27.11.2022;16;57;59;47;1;51;11;2;19;40;42;8;55;26;34;25;17;49;15;60
4690;26.11.2022;6;57;30;44;14;1;4;7;16;36;26;38;32;47;27;12;22;35;46;34
4689;25.11.2022;42;36;8;38;4;34;28;57;6;53;60;5;51;43;7;1;39;23;22;32
4688;24.11.2022;7;52;29;54;23;16;32;44;41;40;1;14;37;21;27;31;38;13;11;60
4687;23.11.2022;34;26;6;28;57;17;7;23;29;48;40;9;19;33;12;35;24;13;50;58
4686;22.11.2022;58;30;43;2;35;34;57;49;18;50;41;51;55;4;23;59;37;56;31;27
4685;21.11.2022;42;58;13;7;60;30;17;28;41;33;12;39;16;10;59;25;45;15;26;22
4684;20.11.2022;29;22;21;58;51;1;26;25;49;60;33;8;50;55;39;14;6;36;17;12
4683;19.11.2022;52;39;55;45;56;1;42;48;51;9;36;33;47;30;37;25;6;32;34;28
4682;18.11.2022;12;24;15;52;22;26;33;36;5;21;27;9;42;56;1;2;11;44;55;32
4681;17.11.2022;23;2;42;49;44;36;1;7;47;8;25;57;52;54;19;17;31;11;46;55
4680;16.11.2022;9;43;42;35;38;19;59;6;21;14;3;53;30;7;26;48;22;17;55;16
4679;15.11.2022;52;5;46;1;36;15;8;11;4;55;9;44;58;19;28;22;14;7;53;37
4678;14.11.2022;1;37;10;22;38;29;17;9;54;32;51;50;8;15;58;60;30;7;34;49
4677;13.11.2022;16;7;31;57;20;51;22;38;1;37;59;45;58;41;12;3;27;18;5;21
4676;12.11.2022;57;5;9;27;43;24;37;50;8;31;55;53;35;29;13;7;21;4;45;3
4675;11.11.2022;15;7;18;30;20;27;36;37;50;9;53;24;41;4;21;35;57;51;55;34
4674;10.11.2022;56;30;16;1;45;47;10;27;41;17;19;24;39;8;14;35;12;38;22;46
4673;09.11.2022;56;46;20;8;32;34;37;7;10;33;53;2;43;54;5;42;25;52;41;9
4672;08.11.2022;37;42;38;39;16;20;3;56;5;21;52;36;12;60;54;18;35;8;47;57
4671;07.11.2022;54;38;57;37;47;21;49;36;33;11;15;27;23;29;40;2;3;55;12;48
4670;06.11.2022;21;41;34;43;30;20;57;11;50;44;8;15;16;3;60;52;32;5;14;18
4669;05.11.2022;47;1;53;19;46;44;6;38;36;14;55;40;37;17;11;23;18;34;9;43
4668;04.11.2022;49;54;29;58;42;38;53;40;26;8;47;17;60;45;32;20;51;41;52;12
4667;03.11.2022;31;4;19;21;43;54;14;7;30;29;46;56;17;35;39;20;48;55;38;44
4666;02.11.2022;60;48;5;40;43;12;38;26;41;16;39;45;36;15;56;49;25;18;27;21
4665;01.11.2022;44;24;9;15;23;2;13;4;56;49;25;29;30;27;36;6;21;35;26;14
4664;31.10.2022;31;60;55;19;1;58;6;50;35;30;33;59;49;12;28;26;34;2;38;9
4663;30.10.2022;59;5;41;34;4;15;27;40;49;53;20;9;57;38;8;31;37;17;56;48
4662;29.10.2022;38;53;47;40;57;59;49;58;3;39;42;14;24;20;55;22;13;28;56;51
4661;28.10.2022;4;14;19;36;9;44;35;56;20;48;41;6;15;27;18;3;43;46;5;8
4660;27.10.2022;36;31;59;33;32;49;8;47;5;53;19;3;18;51;34;46;21;25;24;9
4659;26.10.2022;6;3;59;38;25;41;1;18;28;2;46;42;12;55;56;9;32;51;47;4
4658;25.10.2022;40;35;19;22;8;23;18;12;36;44;24;4;30;27;55;54;53;5;15;26
4657;24.10.2022;59;21;32;29;45;6;51;8;44;58;19;35;22;55;38;13;34;30;50;43
4656;23.10.2022;47;28;34;33;7;1;46;25;9;49;50;6;19;14;43;10;44;48;42;20
4655;22.10.2022;56;7;19;25;52;27;47;41;34;5;16;60;55;9;32;39;48;12;1;33
4654;21.10.2022;51;3;8;27;49;58;44;53;60;47;42;21;29;48;36;12;54;1;43;52
4653;20.10.2022;21;43;42;46;11;51;10;30;40;38;4;7;56;48;55;20;53;2;15;34
4652;19.10.2022;54;31;9;16;60;7;24;15;41;23;46;20;33;34;29;5;38;18;42;4
4651;18.10.2022;17;32;24;50;41;28;49;16;6;14;29;56;44;2;48;31;30;20;33;39
4650;17.10.2022;57;38;26;45;17;10;2;25;1;33;35;4;54;5;11;34;7;12;29;58
4649;16.10.2022;51;33;23;27;52;46;38;2;32;49;60;4;3;50;48;34;8;13;17;12
4648;15.10.2022;60;24;59;28;44;46;7;40;52;27;42;10;33;54;19;36;6;29;47;5
4647;14.10.2022;49;5;58;46;57;15;2;55;42;56;8;44;48;11;19;53;21;59;52;28
4646;13.10.2022;18;28;32;49;17;3;39;55;35;47;27;33;46;53;8;36;57;45;1;11
4645;12.10.2022;26;7;37;25;53;30;5;51;34;40;58;24;10;15;55;23;32;33;47;42
4644;11.10.2022;13;22;27;17;14;41;16;24;51;2;53;60;46;58;45;20;7;38;30;44
4643;10.10.2022;9;57;36;2;1;48;21;13;15;25;27;39;44;41;23;58;14;20;32;31
4642;09.10.2022;39;33;57;36;24;52;45;5;26;12;15;60;44;40;53;23;14;19;20;28
4641;08.10.2022;23;56;30;16;26;33;11;42;40;28;47;46;31;10;59;44;6;27;45;43
4640;07.10.2022;31;54;23;58;49;59;52;42;1;37;6;33;27;34;57;46;14;30;3;60
4639;06.10.2022;59;39;16;7;9;37;22;48;18;1;52;47;20;27;46;26;54;15;60;24
4638;05.10.2022;3;22;34;1;4;20;39;43;36;41;53;23;56;13;42;10;9;17;14;46
4637;04.10.2022;29;39;19;21;38;6;24;18;30;36;9;13;17;15;20;3;56;1;53;23
4636;03.10.2022;7;6;38;44;24;42;2;17;30;46;35;39;36;34;29;1;43;9;19;40
4635;02.10.2022;13;1;21;40;58;26;5;49;3;25;20;4;12;53;36;39;44;59;35;57
4634;01.10.2022;27;37;41;2;13;44;36;38;9;53;45;15;23;7;52;59;47;19;4;31
4633;30.09.2022;39;22;38;4;21;29;20;25;35;58;24;54;23;9;55;18;56;53;45;7
4632;29.09.2022;53;28;22;21;1;18;33;16;42;41;13;44;57;7;30;26;10;59;48;36
4631;28.09.2022;56;51;17;45;10;34;57;15;30;9;49;13;33;16;42;29;44;32;23;59
4630;27.09.2022;45;43;18;7;46;54;41;31;58;53;48;38;30;23;22;10;16;26;35;27
4629;26.09.2022;54;17;45;40;33;26;52;31;21;19;59;30;50;37;22;24;44;2;58;38
4628;25.09.2022;12;7;17;25;5;23;41;45;14;27;24;16;18;26;56;40;48;13;1;34
4627;24.09.2022;42;4;1;14;12;39;54;13;58;10;51;57;35;45;30;32;29;26;15;11
4626;23.09.2022;18;26;44;2;16;1;42;32;55;25;56;20;6;59;37;24;7;60;36;23
4625;22.09.2022;8;55;27;23;22;26;25;24;54;32;33;49;34;41;37;14;5;12;28;11
4624;21.09.2022;20;18;29;5;11;55;56;7;38;1;21;53;49;51;35;13;46;4;31;60
4623;20.09.2022;19;33;44;25;27;22;7;28;52;55;31;35;15;1;32;23;38;14;29;45
4622;19.09.2022;16;12;10;20;13;6;22;23;50;59;2;24;35;15;38;32;58;19;9;1
4621;18.09.2022;32;12;55;41;7;1;23;5;26;14;3;22;8;9;45;38;19;2;28;36
4620;17.09.2022;40;33;31;51;55;32;48;19;38;59;41;17;37;20;18;23;47;10;49;50
4619;16.09.2022;8;37;17;25;33;45;32;23;16;54;5;10;27;59;24;20;7;52;4;9
4618;15.09.2022;52;51;24;46;40;9;10;50;20;26;54;8;11;15;58;6;56;32;47;34
4617;14.09.2022;54;21;19;8;44;18;32;51;52;16;20;15;17;5;57;46;55;11;9;25
4616;13.09.2022;4;60;6;21;15;7;52;35;53;14;12;29;44;38;58;16;36;24;13;39
4615;12.09.2022;23;3;35;30;4;39;53;44;52;45;38;28;25;17;47;33;8;14;26;6
4614;11.09.2022;40;44;15;6;14;29;49;55;26;43;35;23;32;25;19;2;48;38;42;13
4613;10.09.2022;23;60;44;41;53;36;35;5;16;9;37;58;24;20;18;27;47;15;54;6
4612;09.09.2022;9;25;26;55;49;3;50;11;28;58;45;15;30;31;10;19;14;38;1;52
4611;08.09.2022;55;16;6;26;31;7;60;56;34;37;43;42;53;25;19;27;36;41;40;35
4610;07.09.2022;34;39;51;3;41;52;4;9;29;56;17;37;43;30;7;24;19;32;48;47
4609;06.09.2022;22;48;10;31;16;6;12;58;39;41;56;57;4;43;24;37;42;18;54;32
4608;05.09.2022;31;24;17;60;30;57;25;1;13;48;12;37;50;43;11;33;5;39;23;3
4607;04.09.2022;15;38;49;57;24;39;26;28;54;56;5;6;37;48;23;52;1;33;32;19
4606;03.09.2022;34;56;45;1;33;41;26;32;52;50;18;44;5;22;25;12;8;11;21;23
4605;02.09.2022;50;35;8;24;30;28;22;51;23;27;59;2;16;7;1;9;21;15;42;52
4604;01.09.2022;38;47;39;57;30;14;1;40;33;41;54;22;58;48;29;52;6;21;23;55
4603;31.08.2022;14;19;17;3;4;12;36;44;52;31;55;43;49;37;9;29;20;26;25;40
4602;30.08.2022;2;36;59;55;43;52;44;13;7;25;57;4;5;49;23;58;28;3;38;47
4601;29.08.2022;54;42;11;41;14;2;37;19;30;43;21;7;25;38;47;60;34;1;46;59
4600;28.08.2022;24;39;45;46;56;5;18;19;27;41;37;33;44;34;23;9;57;52;36;29
4599;27.08.2022;35;32;12;43;19;9;4;37;7;34;47;26;18;39;16;6;17;36;1;45
4598;26.08.2022;43;58;6;32;60;4;5;45;54;29;18;36;53;26;33;17;37;38;16;3
4597;25.08.2022;55;53;14;18;44;57;29;15;21;60;27;52;9;6;56;13;26;25;19;34
4596;24.08.2022;42;32;31;41;1;11;39;57;18;4;30;10;33;60;13;47;7;54;36;25
4595;23.08.2022;17;35;3;39;12;59;43;27;36;49;14;56;51;33;52;46;44;53;48;25
4594;22.08.2022;13;51;59;18;33;54;22;53;16;57;41;49;17;38;42;55;52;60;1;7
4593;21.08.2022;48;22;59;54;56;25;24;36;53;20;13;26;21;38;52;43;12;11;5;58
4592;20.08.2022;38;48;8;51;36;23;11;57;12;53;28;49;7;50;15;40;34;14;19;16
4591;19.08.2022;41;32;50;13;7;11;55;42;39;19;30;5;47;57;26;23;51;46;3;22
4590;18.08.2022;13;28;5;54;26;51;17;48;56;9;47;50;25;46;36;52;7;16;1;59
4589;17.08.2022;34;20;7;50;9;51;58;35;17;33;18;52;48;28;59;15;16;5;4;54
4588;16.08.2022;42;8;38;33;5;25;44;6;29;34;32;50;40;47;56;15;57;4;53;55
4587;15.08.2022;7;11;6;46;52;39;49;29;8;10;34;12;32;33;13;21;55;30;58;25
4586;14.08.2022;26;32;28;5;60;52;37;3;33;50;13;59;14;2;55;44;15;7;58;18
4585;13.08.2022;26;39;47;25;55;15;33;28;11;50;42;7;43;58;45;10;20;57;22;53
4584;12.08.2022;11;31;3;37;21;53;60;19;36;59;7;39;56;18;40;45;5;28;8;10
4583;11.08.2022;60;41;30;23;25;2;17;6;21;35;32;13;45;39;14;48;34;22;52;43
4582;10.08.2022;35;46;18;38;5;11;21;42;51;15;34;33;52;23;7;28;29;50;37;4
4581;09.08.2022;19;9;2;14;34;58;25;54;39;49;45;5;21;10;3;40;60;17;44;55
4580;08.08.2022;36;30;40;44;58;45;20;50;9;12;52;43;31;60;59;23;41;2;21;1
4579;07.08.2022;45;58;60;56;50;33;19;29;14;24;26;2;20;23;7;40;10;18;22;48
4578;06.08.2022;52;46;47;13;7;10;15;40;45;29;25;27;17;54;1;6;21;48;36;4
4577;05.08.2022;18;55;53;54;7;28;5;16;26;4;11;14;40;20;41;8;38;45;10;25
4576;04.08.2022;7;6;5;11;36;34;20;30;60;51;23;39;46;9;13;14;55;58;27;40
4575;03.08.2022;54;7;19;14;48;57;39;36;28;12;34;2;25;3;33;15;11;32;46;51
4574;02.08.2022;9;10;11;44;19;39;21;25;53;49;5;57;37;33;34;6;15;29;24;51
4573;01.08.2022;16;47;6;42;18;56;1;51;22;8;9;44;46;48;20;12;24;36;39;33
4572;31.07.2022;28;23;15;60;22;13;24;43;45;12;38;41;56;8;58;50;52;47;51;10
4571;30.07.2022;55;14;59;56;9;5;37;18;30;1;60;3;54;17;39;11;2;44;34;51
4570;29.07.2022;18;53;10;47;48;58;46;24;6;28;19;9;41;33;39;45;49;44;1;43
4569;28.07.2022;56;47;25;48;18;40;39;36;4;51;26;44;32;8;29;46;59;19;15;3
4568;27.07.2022;9;44;8;10;48;58;2;13;15;36;37;47;31;55;16;19;54;20;28;33
4567;26.07.2022;50;13;28;19;49;26;14;47;35;53;34;20;18;46;5;25;54;57;55;60
4566;25.07.2022;15;8;33;20;24;51;28;7;21;17;30;22;25;44;54;14;10;9;11;45
4565;24.07.2022;29;22;12;48;52;44;7;55;13;58;59;33;57;42;39;21;10;18;26;14
4564;23.07.2022;23;20;8;43;50;53;38;46;51;28;41;34;55;12;1;7;17;36;32;54
4563;22.07.2022;51;6;59;15;8;34;16;57;28;4;41;55;45;21;52;9;27;12;46;50
4562;21.07.2022;12;25;2;1;16;34;17;8;53;40;22;21;28;59;48;41;4;54;5;49
4561;20.07.2022;18;45;21;16;41;5;39;31;1;43;19;54;60;44;46;17;52;23;3;37
4560;19.07.2022;7;11;54;30;57;59;14;53;12;6;58;37;18;60;15;31;44;5;34;24
4559;18.07.2022;31;13;30;25;35;56;52;42;34;5;49;12;39;21;7;1;4;14;32;57
4558;17.07.2022;44;4;51;15;9;39;42;10;54;30;50;26;41;47;58;53;20;55;60;1
4557;16.07.2022;27;26;42;32;51;6;37;53;44;23;56;30;13;3;20;38;59;36;40;4
4556;15.07.2022;38;41;59;12;37;3;9;34;10;18;32;19;15;40;13;53;45;8;52;26
4555;14.07.2022;55;58;36;5;41;44;43;19;21;47;27;59;37;51;46;23;12;30;11;45
4554;13.07.2022;40;32;28;10;45;34;5;35;3;15;22;17;9;46;60;1;7;6;13;23
4553;12.07.2022;38;24;58;53;60;59;13;55;44;52;56;16;50;10;8;51;12;27;34;1
4552;11.07.2022;38;44;17;35;51;40;18;7;41;9;5;13;43;21;29;19;33;32;37;54
4551;10.07.2022;45;48;27;58;42;36;47;43;52;54;24;44;38;12;53;16;18;60;46;35
4550;09.07.2022;4;41;15;40;36;24;32;35;59;25;17;50;42;58;16;22;2;20;30;12
4549;08.07.2022;48;42;25;59;52;24;56;21;20;14;31;40;18;54;50;37;53;51;3;10
4548;07.07.2022;40;52;58;36;31;4;28;37;5;7;27;34;17;25;29;16;8;2;54;21
4547;06.07.2022;49;11;47;39;26;56;29;15;1;48;38;19;60;16;7;33;13;3;21;9
4546;05.07.2022;13;45;41;3;16;12;47;17;37;60;27;20;6;53;23;59;26;4;10;7
4545;04.07.2022;60;4;16;41;34;53;13;33;54;17;47;32;9;35;10;43;18;52;28;7
4544;03.07.2022;22;32;41;8;40;54;7;10;38;14;46;29;11;35;9;39;48;50;58;5
4543;02.07.2022;22;10;14;25;5;39;19;9;60;56;1;28;24;18;37;15;30;47;44;40
4542;01.07.2022;22;13;43;54;33;12;45;26;17;32;28;44;35;1;7;51;2;3;52;9
4541;30.06.2022;3;26;13;42;29;56;30;43;7;50;53;16;32;21;8;4;1;38;58;27
4540;29.06.2022;2;50;57;14;59;56;60;27;1;18;37;33;16;26;42;39;10;47;49;43
4539;28.06.2022;4;21;31;55;50;20;1;38;60;47;58;9;57;59;7;44;6;28;22;2
4538;27.06.2022;4;59;22;9;42;18;44;24;12;2;20;35;45;55;5;46;39;38;28;17
4537;26.06.2022;53;22;16;21;26;23;19;1;7;57;13;9;43;48;49;29;31;40;33;4
4536;25.06.2022;42;18;47;17;7;14;8;1;22;10;3;51;24;23;55;26;34;59;30;40
4535;24.06.2022;33;9;4;7;44;15;17;47;45;35;3;36;38;25;42;1;18;58;46;14
4534;23.06.2022;3;28;40;14;16;36;27;5;42;22;15;37;31;10;17;41;55;46;58;48
4533;22.06.2022;19;37;7;29;34;58;14;48;9;6;59;11;4;46;3;31;41;12;45;25
4532;21.06.2022;9;26;2;3;14;44;43;29;36;31;6;46;12;56;41;35;34;5;45;55
4531;20.06.2022;36;17;60;19;28;54;37;33;10;35;53;13;9;14;44;21;29;7;41;40
4530;19.06.2022;31;34;17;36;58;23;21;28;42;12;32;7;20;25;50;13;27;60;4;51
4529;18.06.2022;39;50;22;31;54;11;21;16;3;10;20;40;7;33;19;5;9;1;32;53
4528;17.06.2022;55;37;29;18;9;24;30;25;20;3;19;60;11;35;22;27;5;36;23;44
4527;16.06.2022;2;51;30;48;41;24;10;1;20;3;58;13;60;27;59;33;7;39;26;16
4526;15.06.2022;16;11;18;56;43;45;4;48;28;12;7;5;58;46;34;14;22;42;31;52
4525;14.06.2022;58;40;33;59;39;18;47;52;56;50;15;22;42;27;48;13;28;12;55;21
4524;13.06.2022;12;32;4;43;37;6;22;35;24;51;13;18;28;59;5;46;8;21;40;38
4523;12.06.2022;6;13;16;36;46;19;33;7;55;3;18;60;43;51;20;45;56;48;27;41
4522;11.06.2022;2;60;30;58;38;54;1;14;26;25;46;24;55;35;53;23;3;16;31;47
4521;10.06.2022;41;54;52;50;27;33;9;36;23;5;44;58;8;30;49;22;59;1;48;34
4520;09.06.2022;12;49;9;52;56;26;1;54;11;34;10;8;4;42;20;32;31;23;14;57
4519;08.06.2022;54;37;3;21;33;7;42;22;15;36;8;18;24;19;34;30;16;57;50;1
4518;07.06.2022;51;38;59;20;55;35;53;41;8;6;58;36;49;18;13;31;16;33;2;42
4517;06.06.2022;55;5;48;6;2;54;29;15;10;31;20;24;52;32;30;18;12;58;13;27
4516;05.06.2022;13;27;1;41;46;20;5;23;54;44;30;59;36;15;40;29;17;24;8;52
4515;04.06.2022;37;30;3;47;45;28;40;23;10;4;52;12;17;8;18;9;59;2;7;56
4514;03.06.2022;15;6;41;28;20;4;44;57;13;16;49;9;56;34;2;40;17;8;27;37
4513;02.06.2022;59;37;43;17;44;29;8;13;21;2;24;11;19;33;28;48;14;40;39;27
4512;01.06.2022;17;31;6;59;33;13;57;21;36;40;27;18;45;15;9;5;35;10;30;56
4511;31.05.2022;13;8;5;54;36;51;48;27;16;23;19;28;10;31;29;34;38;24;35;43
4510;30.05.2022;7;29;38;27;44;15;25;58;3;42;47;17;36;31;6;23;10;40;34;5
4509;29.05.2022;46;54;60;17;6;2;47;53;27;9;21;55;25;4;11;20;8;7;19;37
4508;28.05.2022;4;12;27;58;49;22;3;2;23;56;7;11;15;40;47;30;59;41;52;18
4507;27.05.2022;10;32;39;3;35;27;54;33;60;43;36;38;53;20;14;55;22;58;40;31
4506;26.05.2022;14;53;21;47;37;1;29;2;27;18;5;31;52;17;30;59;28;7;45;3
4505;25.05.2022;31;60;7;18;47;14;21;38;17;25;36;30;23;55;48;37;1;54;58;10
4504;24.05.2022;55;35;39;50;29;28;44;6;31;40;5;60;42;34;2;10;20;38;37;11
4503;23.05.2022;19;50;6;49;42;7;22;23;55;57;43;1;12;53;52;26;37;47;32;20
4502;22.05.2022;37;48;59;12;47;24;10;35;21;1;38;27;29;25;34;7;45;5;58;16
4501;21.05.2022;33;30;44;24;36;20;37;28;34;8;51;18;22;45;16;54;57;14;19;26
4500;20.05.2022;12;49;51;30;46;6;39;20;10;32;14;23;1;26;22;18;36;50;48;53
4499;19.05.2022;4;19;6;42;5;24;11;35;17;25;18;44;57;2;36;31;26;34;13;20
4498;18.05.2022;6;50;27;30;17;48;40;36;5;46;25;49;33;23;55;29;53;3;38;2
4497;17.05.2022;20;25;13;30;44;24;4;45;10;18;17;46;14;43;39;23;50;58;42;27
4496;16.05.2022;41;51;60;18;19;5;25;26;7;28;20;39;44;22;57;8;55;38;10;15
4495;15.05.2022;18;14;59;13;22;43;49;8;26;31;6;50;37;55;16;54;5;44;2;42
4494;14.05.2022;50;38;59;5;34;13;49;37;24;55;8;26;2;18;27;16;4;41;36;33
4493;13.05.2022;18;2;49;5;52;4;27;51;41;53;6;55;46;31;23;8;9;15;48;43
4492;12.05.2022;60;58;23;56;7;31;1;50;46;35;3;18;38;11;12;48;15;36;20;49
4491;11.05.2022;9;30;11;38;24;49;50;52;37;3;47;43;17;18;59;60;31;34;54;2
4490;10.05.2022;50;14;55;48;47;36;1;46;43;17;57;27;2;31;34;37;45;26;40;5
4489;09.05.2022;45;18;48;52;14;40;54;39;49;10;5;47;53;29;46;2;15;26;55;6
4488;08.05.2022;44;27;32;1;26;15;57;35;55;14;51;17;34;33;36;7;52;41;19;46
4487;07.05.2022;59;13;36;56;46;6;40;49;21;53;26;35;27;23;10;50;11;44;47;43
4486;06.05.2022;20;38;50;22;56;52;21;36;49;25;46;60;13;39;31;27;37;11;4;5
4485;05.05.2022;9;2;22;41;58;4;29;53;10;51;57;40;45;8;21;59;19;13;5;48
4484;04.05.2022;35;39;4;36;47;54;26;11;49;45;31;3;38;22;9;44;46;2;43;17
4483;03.05.2022;17;40;39;25;31;37;27;47;43;9;18;7;29;11;55;52;56;21;26;12
4482;02.05.2022;40;11;22;38;53;4;39;24;30;47;35;50;17;7;36;49;45;56;26;44
4481;01.05.2022;45;18;28;30;23;60;13;59;8;11;56;1;12;20;4;44;48;55;25;27
4480;30.04.2022;55;30;51;11;3;25;53;43;37;21;44;20;5;24;49;28;10;15;27;35
4479;29.04.2022;27;29;10;32;38;58;3;6;49;54;48;21;7;28;60;53;40;20;31;2
4478;28.04.2022;55;20;60;44;5;18;52;46;4;36;59;15;43;49;12;22;24;35;50;25
4477;27.04.2022;45;6;24;17;1;13;50;52;33;60;35;28;25;11;31;21;39;34;4;27
4476;26.04.2022;42;44;21;51;14;16;1;49;38;18;19;17;45;39;43;33;30;34;11;31
4475;25.04.2022;44;10;7;41;59;6;47;13;55;15;19;57;36;39;22;38;2;60;34;42
4474;24.04.2022;56;60;29;18;38;42;44;57;34;46;21;40;4;35;43;8;49;13;28;31
4473;23.04.2022;26;58;60;52;2;48;24;59;56;20;22;43;27;13;29;49;57;3;53;31
4472;22.04.2022;7;6;19;1;47;60;23;36;45;55;58;27;56;4;22;37;25;41;20;33
4471;21.04.2022;14;15;41;31;36;59;16;3;40;55;28;18;46;2;38;12;39;11;53;52
4470;20.04.2022;56;34;36;6;44;14;7;3;23;17;47;22;48;10;46;59;35;50;57;13
4469;19.04.2022;41;6;17;23;11;18;43;22;51;25;57;59;28;32;9;15;48;54;46;52
4468;18.04.2022;24;50;46;42;34;59;29;31;44;27;45;56;30;28;58;20;16;14;47;40
4467;17.04.2022;51;20;24;46;5;2;56;53;59;36;4;42;9;10;35;57;8;26;21;30
4466;16.04.2022;51;18;57;35;27;56;14;47;46;13;54;12;8;7;34;6;31;29;32;19
4465;15.04.2022;33;9;13;49;6;54;27;29;31;8;4;37;53;32;42;7;47;18;21;30
4464;14.04.2022;19;10;55;37;48;8;44;6;41;18;60;42;9;25;32;26;40;50;59;56
4463;13.04.2022;42;39;38;59;6;36;58;32;30;37;4;46;29;22;34;14;47;8;26;13
4462;12.04.2022;49;40;58;43;13;24;42;5;20;18;22;10;15;52;6;45;25;7;53;21
4461;11.04.2022;24;17;51;57;12;48;19;58;20;44;50;21;9;47;54;34;14;2;36;28
4460;10.04.2022;57;29;25;45;33;3;43;49;30;32;40;17;31;39;46;56;36;55;15;53
4459;09.04.2022;32;36;47;2;4;28;38;54;37;46;18;45;52;1;10;11;15;44;13;3
4458;08.04.2022;28;36;49;32;25;58;27;17;35;34;55;5;21;2;24;11;46;20;1;57
4457;07.04.2022;32;21;12;8;5;14;59;17;58;4;48;43;47;35;6;44;33;22;50;56
4456;06.04.2022;54;46;9;28;11;31;22;7;18;38;4;1;48;19;5;51;57;36;24;60
4455;05.04.2022;37;28;20;40;55;48;12;2;8;21;33;60;4;42;59;10;56;54;26;30
4454;04.04.2022;3;54;6;12;32;26;30;48;29;27;33;44;47;21;38;23;51;34;17;45
4453;03.04.2022;11;35;5;19;26;24;42;48;55;43;10;25;45;33;46;50;39;28;3;37
4452;02.04.2022;59;41;57;22;54;11;19;14;60;50;43;9;4;58;52;12;28;2;48;15
4451;01.04.2022;16;26;35;56;10;53;12;24;1;52;29;37;58;47;28;36;21;2;22;9
4450;31.03.2022;20;14;24;28;42;4;22;60;3;31;41;11;56;23;49;45;35;36;48;37
4449;30.03.2022;33;40;49;4;16;29;20;6;17;36;5;34;60;22;7;24;30;1;26;41
4448;29.03.2022;6;1;31;45;4;58;39;16;14;47;30;3;27;22;54;44;49;33;11;8
4447;28.03.2022;54;14;59;23;12;30;56;6;36;21;10;40;41;44;8;26;27;38;46;53
4446;27.03.2022;42;57;12;16;19;48;21;11;60;35;49;17;55;51;7;26;10;46;5;41
4445;26.03.2022;48;26;14;56;15;5;55;54;59;45;10;53;24;60;46;52;42;28;40;43
4444;25.03.2022;21;39;11;53;16;14;43;30;6;54;50;55;4;3;46;36;25;8;52;28
4443;24.03.2022;16;43;48;20;45;40;55;34;9;35;47;15;53;31;36;6;27;38;2;7
4442;23.03.2022;3;36;59;37;47;35;19;25;32;21;56;57;6;51;29;15;2;60;46;54
4441;22.03.2022;38;2;26;8;46;56;32;42;16;18;37;40;41;44;11;33;21;39;35;9
4440;21.03.2022;8;60;22;55;9;52;14;27;56;18;53;37;28;12;24;42;15;45;54;20
4439;20.03.2022;45;56;20;3;6;50;2;43;4;35;31;39;26;47;13;8;34;25;40;27
4438;19.03.2022;45;31;58;14;18;29;24;33;7;56;28;17;16;57;48;1;5;59;8;46
4437;18.03.2022;19;54;52;44;9;6;57;35;4;60;51;48;8;2;17;41;50;1;13;15
4436;17.03.2022;46;40;55;3;25;1;22;59;6;8;27;58;12;47;32;24;56;45;13;43
4435;16.03.2022;34;31;11;36;52;16;49;25;60;28;23;22;58;18;44;26;4;10;17;37
4434;15.03.2022;55;22;42;59;49;56;12;19;35;25;9;34;43;46;10;29;26;15;41;11
4433;14.03.2022;12;18;28;48;25;40;55;36;27;47;14;50;3;22;37;54;13;34;57;7
4432;13.03.2022;3;33;47;9;59;57;49;8;29;40;5;42;34;54;45;53;20;50;60;36
4431;12.03.2022;11;45;50;53;41;13;24;4;58;31;49;3;46;1;15;19;2;23;28;7
4430;11.03.2022;50;15;26;38;59;8;60;49;54;42;16;6;21;23;58;47;12;5;32;1
4429;10.03.2022;59;12;2;54;23;19;50;45;33;48;58;22;29;25;7;57;11;21;43;16
4428;09.03.2022;43;41;24;55;11;47;52;50;46;1;44;30;4;10;37;19;17;25;9;14
4427;08.03.2022;46;20;26;41;12;29;37;49;15;35;58;43;7;1;28;55;54;48;32;56
4426;07.03.2022;39;15;29;22;59;31;5;55;53;19;47;58;10;54;13;35;37;51;42;32
4425;06.03.2022;20;36;43;1;39;44;48;30;50;47;54;45;46;37;57;59;49;33;53;60
4424;05.03.2022;44;39;6;4;51;36;34;16;14;41;50;54;30;21;58;23;5;37;53;24
4423;04.03.2022;39;24;59;60;57;8;22;52;13;45;29;38;30;15;50;26;56;35;5;51
4422;03.03.2022;25;7;38;22;23;58;13;27;44;26;9;42;49;17;14;10;31;4;52;48
4421;02.03.2022;31;60;57;40;3;32;5;20;9;6;2;38;7;4;49;30;36;29;27;18
4420;01.03.2022;49;20;5;48;16;45;47;3;46;51;24;21;53;35;44;28;31;37;38;29
4419;28.02.2022;35;26;52;43;5;2;38;7;40;25;18;32;46;29;44;49;16;48;8;59
4418;27.02.2022;30;39;49;36;27;52;44;41;14;54;10;8;23;9;7;13;24;45;47;16
4417;26.02.2022;18;38;27;11;13;2;32;35;16;10;29;28;48;40;6;14;21;54;53;58
4416;25.02.2022;55;48;8;16;24;47;53;28;51;30;46;10;44;9;1;42;21;20;2;59
4415;24.02.2022;20;51;56;35;47;50;53;52;5;8;24;28;2;38;15;22;49;59;11;37
4414;23.02.2022;43;25;20;33;4;54;21;41;13;26;40;14;45;50;48;17;44;49;46;58
4413;22.02.2022;5;48;28;33;50;19;49;56;8;59;54;11;30;25;41;58;55;60;57;16
4412;21.02.2022;50;59;44;33;6;23;3;24;19;52;26;5;54;36;8;41;58;25;49;27
4411;20.02.2022;45;44;14;38;55;5;28;25;31;34;27;60;6;24;57;1;54;22;46;2
4410;19.02.2022;26;35;54;22;18;46;44;21;16;60;28;34;36;1;7;45;55;38;30;5
4409;18.02.2022;28;23;58;6;13;22;9;34;2;48;47;15;53;4;10;60;1;56;8;40
4408;17.02.2022;13;51;46;35;36;14;5;52;9;56;1;15;27;49;48;25;54;33;38;39
4407;16.02.2022;17;37;1;15;46;6;2;26;47;19;18;52;48;51;20;35;55;59;11;36
4406;15.02.2022;48;15;35;21;49;38;1;57;24;18;45;51;14;8;16;10;44;20;6;55
4405;14.02.2022;60;54;37;33;19;22;41;59;45;18;10;8;56;9;12;43;25;15;40;42
4404;13.02.2022;54;13;15;34;40;24;42;12;59;44;50;17;49;8;36;4;7;14;39;56
4403;12.02.2022;46;14;34;26;21;31;2;38;19;24;13;39;22;17;44;30;32;48;60;40
4402;11.02.2022;42;59;4;51;50;21;53;40;8;23;14;12;24;5;13;58;54;22;18;2
4401;10.02.2022;55;43;51;52;59;42;32;49;24;29;21;16;1;39;7;44;33;8;60;4
4400;09.02.2022;22;26;44;2;30;43;12;40;46;33;36;4;56;25;50;29;13;45;38;31
4399;08.02.2022;26;13;59;57;20;10;29;33;19;36;44;23;21;56;35;17;32;45;41;5
4398;07.02.2022;36;54;5;58;8;34;4;30;50;41;20;45;13;10;48;42;57;39;43;24
4397;06.02.2022;28;2;20;30;57;14;9;42;41;27;34;4;10;32;22;49;19;1;48;40
4396;05.02.2022;7;22;10;8;33;48;9;26;40;20;19;34;41;2;30;39;29;14;11;12
4395;04.02.2022;10;13;18;47;28;26;45;9;34;33;19;22;8;38;56;16;7;23;39;2
4394;03.02.2022;1;57;8;19;26;10;12;55;35;3;25;56;45;13;37;18;47;42;52;23
4393;02.02.2022;19;23;38;22;28;32;55;7;43;2;37;14;49;50;47;44;25;4;15;12
4392;01.02.2022;36;34;7;24;41;13;49;54;15;23;44;5;8;47;1;20;19;53;11;32
4391;31.01.2022;13;40;35;54;30;58;26;3;34;15;11;18;55;52;45;22;16;38;4;9
4390;30.01.2022;47;13;42;1;32;31;9;27;16;19;14;34;7;5;38;48;45;26;46;37
4389;29.01.2022;25;5;34;3;8;43;52;11;32;48;41;13;54;10;55;33;57;2;24;30
4388;28.01.2022;21;34;41;25;36;46;7;44;32;60;2;5;29;9;50;19;24;47;33;23
4387;27.01.2022;37;46;13;35;40;30;6;34;31;53;17;25;10;50;48;12;16;52;11;24
4386;26.01.2022;49;53;48;5;60;51;9;33;26;27;8;19;15;44;43;7;3;32;24;28
4385;25.01.2022;16;32;41;33;46;6;22;54;55;31;57;58;37;4;40;5;1;27;14;3
4384;24.01.2022;36;40;50;17;3;30;4;16;10;15;21;59;22;27;26;29;60;19;52;6
4383;23.01.2022;3;53;52;27;37;55;43;6;36;50;13;11;9;22;5;35;29;59;40;15
4382;22.01.2022;23;53;5;36;43;22;20;18;9;8;58;51;17;42;38;45;25;44;2;60
4381;21.01.2022;41;60;42;6;21;20;54;39;38;2;43;45;48;46;31;30;36;33;7;25
4380;20.01.2022;17;32;47;45;54;33;59;11;30;15;46;24;10;53;26;38;35;51;42;37
4379;19.01.2022;9;33;24;21;53;52;51;49;27;20;42;37;7;41;3;5;34;58;60;38
4378;18.01.2022;56;35;55;34;7;42;43;54;15;2;51;52;20;21;58;26;32;50;17;47
4377;17.01.2022;41;32;54;25;40;1;44;37;51;34;2;33;20;4;10;47;16;59;22;36
4376;16.01.2022;41;12;37;6;53;23;28;30;17;27;44;51;58;8;21;54;59;16;36;47
4375;15.01.2022;10;2;23;28;51;58;15;17;13;50;6;37;33;20;48;19;39;59;8;54
4374;14.01.2022;28;41;6;44;38;36;20;33;34;25;49;48;59;5;52;1;15;10;58;21
4373;13.01.2022;5;26;1;60;38;49;54;58;41;32;4;34;25;30;28;52;22;45;59;35
4372;12.01.2022;26;50;39;37;6;11;34;36;8;57;25;2;51;5;38;59;46;9;52;30
4371;11.01.2022;43;1;19;55;13;3;41;56;44;4;12;24;28;34;8;48;39;50;51;52
4370;10.01.2022;52;58;36;48;41;25;22;46;10;27;56;39;8;9;32;55;42;57;21;54
4369;09.01.2022;37;57;24;36;44;38;50;47;4;43;17;28;42;60;19;27;40;23;2;25
4368;08.01.2022;12;48;24;2;16;15;42;53;28;9;43;5;17;14;27;4;11;34;36;47
4367;07.01.2022;54;17;45;40;13;6;46;52;19;60;51;47;16;56;12;31;34;20;23;33
4366;06.01.2022;28;23;45;47;50;59;1;30;57;6;24;9;46;43;8;22;51;15;53;21
4365;05.01.2022;53;37;4;5;39;38;16;46;27;52;36;22;13;55;23;30;7;26;15;28
4364;04.01.2022;32;6;43;54;29;44;3;18;12;60;21;15;42;27;55;23;59;19;24;53
4363;03.01.2022;6;30;47;58;54;14;15;20;19;17;53;16;11;23;55;60;52;7;43;33
4362;02.01.2022;47;33;56;14;18;8;28;13;36;21;24;1;54;49;32;60;44;39;12;38
4361;01.01.2022;23;29;18;14;22;59;35;34;28;30;45;2;13;1;4;8;48;10;50;5
4360;31.12.2021;47;14;11;2;15;27;9;32;7;8;1;56;43;28;18;59;6;33;45;58
4359;30.12.2021;41;35;9;33;28;50;6;37;43;48;54;27;10;44;11;31;42;23;2;22
4358;29.12.2021;1;21;27;22;40;30;28;49;52;48;37;57;13;15;36;16;18;51;60;10
4357;28.12.2021;18;46;23;40;29;53;15;49;41;17;52;39;1;58;3;60;56;6;21;26
4356;27.12.2021;34;2;23;22;12;45;5;42;18;21;17;6;44;20;8;27;47;14;60;51
4355;26.12.2021;46;33;42;28;34;22;50;4;53;41;40;57;43;38;12;48;55;30;45;9
4354;25.12.2021;15;9;23;26;55;57;36;21;51;3;52;24;2;45;18;47;19;53;39;60
4353;24.12.2021;54;18;25;57;43;55;15;41;1;21;34;36;39;58;10;13;31;4;6;56
4352;23.12.2021;21;50;54;46;38;12;58;5;13;26;29;9;34;15;14;53;18;44;59;32
4351;22.12.2021;7;23;45;48;46;31;11;19;42;54;36;58;44;5;56;10;18;14;28;30
4350;21.12.2021;53;39;18;1;52;50;38;32;26;10;44;30;41;40;45;15;5;19;49;17
4349;20.12.2021;6;25;41;53;45;17;14;55;60;42;23;49;44;56;18;24;37;19;32;30
4348;19.12.2021;53;13;17;44;48;31;14;6;56;11;59;12;25;33;41;55;58;19;45;60
4347;18.12.2021;16;20;54;60;35;38;57;11;56;37;47;5;15;43;1;31;18;23;29;27
4346;17.12.2021;56;48;11;34;49;45;3;30;8;40;58;12;15;1;5;18;46;52;32;44
4345;16.12.2021;17;5;22;14;47;29;3;45;27;57;35;34;52;26;40;25;23;42;39;32
4344;15.12.2021;33;29;56;34;45;23;9;20;37;35;15;54;24;3;26;36;46;7;19;25
4343;14.12.2021;44;59;12;21;25;27;51;58;39;32;28;15;23;11;50;19;53;34;37;1
4342;13.12.2021;48;50;2;58;46;14;29;32;59;41;10;25;31;5;8;49;13;11;57;56
4341;12.12.2021;28;59;16;13;41;46;51;11;5;6;19;4;40;48;42;17;47;3;2;26
4340;11.12.2021;49;30;54;22;40;53;47;34;44;39;57;51;28;36;46;14;15;59;38;18
4339;10.12.2021;9;24;57;33;50;6;45;58;21;52;20;17;42;16;1;25;51;27;59;30
4338;09.12.2021;36;21;42;27;32;13;11;14;59;50;47;54;60;12;49;39;34;19;7;4
4337;08.12.2021;14;2;36;26;13;42;15;22;41;4;37;32;51;58;35;52;18;33;20;6
4336;07.12.2021;37;8;23;21;32;53;4;47;6;42;10;18;56;12;14;49;36;48;3;33
4335;06.12.2021;58;38;54;52;47;2;48;41;53;10;9;11;12;16;45;44;20;6;39;42
4334;05.12.2021;24;30;51;7;10;32;56;14;34;59;44;9;38;33;58;12;45;43;1;15
4333;04.12.2021;9;42;56;17;54;4;24;51;16;22;20;36;57;53;41;45;30;19;33;38
4332;03.12.2021;29;52;54;31;14;4;33;20;1;17;58;36;48;44;42;39;21;46;50;30
4331;02.12.2021;47;4;28;17;60;12;5;36;25;34;32;46;41;26;24;44;7;45;15;55
4330;01.12.2021;34;48;37;55;58;12;8;25;31;26;33;7;13;21;56;44;17;45;50;14
4329;30.11.2021;25;16;23;55;36;50;19;48;52;20;11;12;34;49;51;30;22;47;32;44
4328;29.11.2021;52;20;41;15;2;27;53;38;39;9;22;43;49;6;4;5;19;21;26;58
4327;28.11.2021;25;2;31;1;17;48;8;36;15;49;58;21;13;57;44;43;54;34;56;27
4326;27.11.2021;4;60;42;43;30;1;21;34;9;38;51;55;8;46;27;31;14;18;13;15
4325;26.11.2021;23;35;44;43;18;3;37;48;8;27;56;4;42;29;26;41;28;36;49;6
4324;25.11.2021;60;38;27;34;24;52;57;2;44;19;20;46;51;35;8;7;14;39;45;30
4323;24.11.2021;47;21;15;20;38;17;41;58;18;55;48;44;60;12;57;30;11;10;39;28
4322;23.11.2021;56;23;37;14;8;21;46;1;30;59;26;13;4;10;51;39;35;40;3;42
4321;22.11.2021;44;39;25;46;42;8;2;17;19;20;24;38;53;27;4;13;54;50;58;9
4320;21.11.2021;33;54;17;13;42;4;39;28;25;48;51;29;60;41;18;15;44;10;47;30
4319;20.11.2021;33;9;44;46;50;27;10;54;12;26;52;38;1;4;36;15;41;35;30;14
4318;19.11.2021;34;36;60;35;14;45;58;1;25;18;39;49;29;42;37;57;52;12;44;23
4317;18.11.2021;25;53;31;26;41;11;56;49;57;36;6;35;17;32;15;1;58;52;18;54
4316;17.11.2021;57;39;6;54;8;12;13;10;22;15;42;58;55;20;37;21;50;17;32;26
4315;16.11.2021;37;12;5;59;44;14;21;32;6;29;58;57;10;18;53;34;55;28;13;49
4314;15.11.2021;31;24;11;49;60;50;51;6;30;25;21;46;9;55;5;12;28;38;19;20
4313;14.11.2021;57;42;39;15;34;45;19;10;33;53;50;55;48;9;18;11;29;56;25;43
4312;13.11.2021;28;31;60;21;38;58;8;46;18;3;39;51;11;5;29;12;47;54;14;56
4311;12.11.2021;14;36;46;6;21;28;45;44;29;32;58;10;53;49;47;30;12;57;18;16
4310;11.11.2021;39;18;2;20;57;23;21;58;42;28;51;53;7;32;48;50;59;60;27;6
4309;10.11.2021;7;30;8;15;51;44;28;4;49;26;48;55;17;6;25;10;13;24;5;18
4308;09.11.2021;34;55;48;5;1;37;28;57;40;46;22;2;9;42;13;39;51;52;8;50
4307;08.11.2021;37;34;49;47;41;40;29;31;5;18;6;43;11;23;1;54;52;14;45;38
4306;07.11.2021;3;18;16;31;1;26;19;23;54;50;24;10;25;9;43;29;14;32;45;22
4305;06.11.2021;37;50;55;21;56;41;58;27;51;49;16;32;60;57;59;47;43;31;6;38
4304;05.11.2021;33;37;24;11;32;54;41;55;34;49;20;9;43;21;4;29;52;2;18;44
4303;04.11.2021;21;16;26;2;46;56;40;30;51;31;52;33;19;11;60;55;38;9;43;23
4302;03.11.2021;29;12;2;11;57;47;37;21;15;31;60;20;54;18;17;26;38;33;39;8
4301;02.11.2021;30;17;57;46;12;1;11;47;45;33;14;41;38;55;50;31;49;60;40;32
4300;01.11.2021;25;59;24;18;49;57;30;14;51;12;15;16;4;5;13;58;53;2;40;48
4299;31.10.2021;8;11;3;26;46;56;43;35;59;48;14;52;53;17;38;34;2;23;20;40
4298;30.10.2021;26;1;19;56;42;14;29;6;35;7;46;27;60;20;18;50;57;4;41;2
4297;29.10.2021;46;59;52;13;53;38;11;1;45;42;4;27;18;44;19;40;22;3;50;15
4296;28.10.2021;16;22;11;41;50;25;37;46;54;49;59;4;45;60;12;31;9;32;2;5
4295;27.10.2021;15;28;33;7;3;50;57;36;22;31;59;24;21;45;41;19;9;40;60;20
4294;26.10.2021;58;39;56;20;12;21;42;10;19;45;41;60;23;47;40;55;25;7;17;33
4293;25.10.2021;45;8;15;35;3;16;27;32;41;28;22;11;19;54;10;52;34;26;20;21
4292;24.10.2021;52;18;31;49;29;16;3;28;40;15;11;26;23;4;20;14;33;47;1;48
4291;23.10.2021;9;7;18;39;52;28;5;55;32;3;12;8;42;60;10;30;29;26;44;14
4290;22.10.2021;6;35;50;9;11;33;5;26;57;53;49;19;54;25;38;42;43;28;22;14
4289;21.10.2021;22;3;29;36;12;44;6;54;55;15;58;47;48;13;20;31;53;2;7;37
4288;20.10.2021;16;33;7;3;4;30;54;39;6;50;59;44;58;26;55;5;25;60;23;13
4287;19.10.2021;24;59;54;19;9;34;40;3;16;58;31;26;8;36;48;55;14;20;38;32
4286;18.10.2021;8;54;17;50;45;25;1;29;23;15;37;53;46;30;5;39;14;52;2;60
4285;17.10.2021;50;17;7;51;6;39;3;29;32;42;16;15;13;56;41;60;10;53;22;1
4284;16.10.2021;29;1;28;56;4;25;58;44;6;22;45;19;49;3;47;10;43;12;26;30
4283;15.10.2021;53;47;25;26;60;39;32;6;2;13;4;7;42;55;50;24;23;36;30;22
4282;14.10.2021;8;58;5;28;42;7;54;22;12;48;16;37;38;47;52;30;59;20;15;2
4281;13.10.2021;3;54;5;20;1;19;29;43;15;8;33;24;52;21;10;35;18;56;16;44
4280;12.10.2021;9;48;57;15;12;49;10;32;41;33;3;38;25;42;36;22;16;54;31;50
4279;11.10.2021;23;18;22;24;11;19;21;29;8;32;50;45;58;14;39;15;41;12;44;46
4278;10.10.2021;38;44;20;59;16;39;13;1;46;27;51;6;45;54;53;22;12;30;5;28
4277;09.10.2021;56;8;57;27;52;13;26;55;12;50;51;46;16;22;39;24;19;32;28;6
4276;08.10.2021;43;17;10;35;15;53;36;4;38;59;31;50;51;13;57;8;58;26;27;3
4275;07.10.2021;26;5;51;45;52;29;54;59;28;23;35;22;36;19;43;17;34;9;13;58
4274;06.10.2021;55;36;13;4;2;1;44;28;33;51;57;11;15;37;45;19;34;29;60;16
4273;05.10.2021;8;55;10;15;30;29;41;47;40;33;17;48;14;51;26;7;11;24;45;32
4272;04.10.2021;53;48;33;44;47;6;15;55;25;37;30;19;34;16;49;52;60;59;26;54
4271;03.10.2021;39;60;40;59;58;20;14;1;30;15;7;19;11;54;49;36;23;32;22;50
4270;02.10.2021;29;25;18;15;24;20;47;53;34;28;11;31;40;52;13;49;58;38;27;8
4269;01.10.2021;24;2;51;13;38;22;43;15;1;12;37;45;20;50;36;3;30;25;33;29
4268;30.09.2021;33;9;18;57;60;30;47;39;38;17;42;51;10;58;15;1;43;22;3;48
4267;29.09.2021;30;54;45;48;15;37;59;51;19;3;23;22;9;42;56;29;60;20;53;57
4266;28.09.2021;27;11;25;7;21;54;36;5;46;30;9;8;51;47;17;1;26;29;23;40
4265;27.09.2021;33;10;26;5;2;4;56;40;44;22;38;14;28;15;25;11;41;49;9;12
4264;26.09.2021;32;28;10;41;45;47;54;39;24;55;13;35;5;57;19;29;34;9;44;2
4263;25.09.2021;13;24;30;1;45;15;37;32;55;10;12;38;44;7;20;59;19;9;34;29
4262;24.09.2021;41;4;47;19;48;15;53;38;34;35;56;7;44;50;20;21;14;45;57;49
4261;23.09.2021;27;56;58;49;31;25;28;47;45;29;1;19;16;34;50;57;46;40;39;32
4260;22.09.2021;6;37;45;29;40;9;14;51;11;7;5;43;31;20;34;44;30;13;49;1
4259;21.09.2021;19;7;20;31;55;13;56;34;26;33;23;38;51;37;47;12;25;40;59;28
4258;20.09.2021;58;49;54;13;46;21;19;6;15;38;10;16;32;44;11;57;24;20;59;8
4257;19.09.2021;40;8;35;56;27;29;42;13;17;37;46;21;7;31;19;9;41;47;3;33
4256;18.09.2021;14;16;57;58;2;47;6;18;46;19;35;9;38;29;43;37;7;54;28;59
4255;17.09.2021;4;41;1;59;57;38;37;28;55;46;8;49;29;19;16;51;40;6;48;52
4254;16.09.2021;50;25;28;56;24;43;45;21;2;20;8;58;13;48;46;39;34;14;26;23
4253;15.09.2021;1;23;46;9;57;47;22;30;48;8;19;44;17;7;50;32;5;21;58;36
4252;14.09.2021;8;43;40;60;35;33;55;28;58;47;2;3;39;15;46;10;13;42;5;29
4251;13.09.2021;12;5;20;60;25;9;29;42;41;48;16;37;49;8;10;50;34;35;31;21
4250;12.09.2021;29;27;26;24;32;19;53;56;40;4;21;7;57;17;1;58;11;52;22;45
4249;11.09.2021;4;25;43;13;44;35;3;6;49;46;2;27;58;36;31;60;40;10;45;33
4248;10.09.2021;31;42;49;18;1;13;15;2;39;28;27;6;5;56;41;23;30;17;35;10
4247;09.09.2021;13;24;30;35;51;54;60;3;45;29;36;55;46;49;47;34;6;1;53;48
4246;08.09.2021;40;15;31;18;49;27;36;13;5;34;41;43;30;17;37;54;23;42;20;21
4245;07.09.2021;27;32;22;35;51;34;2;9;18;46;37;20;55;1;3;24;43;25;40;6
4244;06.09.2021;52;59;9;43;26;15;48;41;38;50;36;6;8;51;19;17;31;56;47;44
4243;05.09.2021;24;10;28;40;4;36;39;55;46;37;30;52;58;23;2;18;35;41;29;1
4242;04.09.2021;52;10;15;16;17;7;23;18;20;33;9;56;38;54;58;57;53;51;32;41
4241;03.09.2021;37;46;50;17;25;49;44;24;56;59;18;21;33;58;55;26;2;19;40;4
4240;02.09.2021;22;30;21;7;53;54;46;8;28;45;27;36;44;41;4;11;5;13;20;40
4239;01.09.2021;24;6;27;57;32;56;37;48;38;18;3;9;28;5;22;12;23;45;36;29
4238;31.08.2021;30;17;33;3;48;25;34;56;22;1;21;15;26;45;42;29;41;4;32;19
4237;30.08.2021;21;36;58;42;16;25;18;22;27;39;57;14;33;23;19;9;37;31;26;32
4236;29.08.2021;19;5;7;17;41;59;54;25;33;28;21;4;18;57;37;38;48;53;51;34
4235;28.08.2021;50;47;28;19;37;4;10;3;55;6;41;52;38;42;35;22;20;7;16;8
4234;27.08.2021;22;11;50;53;2;3;33;19;14;45;32;23;10;27;38;24;9;31;34;52
4233;26.08.2021;2;41;9;4;53;37;8;57;52;13;44;1;34;51;48;43;25;27;6;24
4232;25.08.2021;52;2;45;20;58;35;59;51;42;24;19;3;9;43;55;8;29;37;46;11
4231;24.08.2021;34;24;10;54;45;48;7;50;23;31;1;58;21;4;44;22;17;56;52;27
4230;23.08.2021;60;2;58;24;48;19;3;17;23;25;36;9;1;10;46;4;8;53;5;56
4229;22.08.2021;47;1;12;4;26;38;42;17;20;6;43;24;56;46;32;27;54;28;23;36
4228;21.08.2021;43;60;19;50;22;2;30;45;33;14;59;44;54;40;23;26;8;17;5;9
4227;20.08.2021;12;39;49;21;7;42;48;27;4;23;22;25;13;10;16;44;11;26;17;59
4226;19.08.2021;5;43;55;51;42;34;29;25;40;15;13;39;3;28;32;37;1;8;38;9
4225;18.08.2021;37;44;58;4;28;34;1;12;57;9;3;33;30;60;48;46;59;53;21;29
4224;17.08.2021;21;19;55;9;54;30;12;57;59;43;47;32;52;16;29;8;27;10;45;6
4223;16.08.2021;39;17;29;20;6;38;12;34;37;18;54;27;22;26;60;56;23;1;53;51
4222;15.08.2021;7;46;48;22;60;34;5;38;17;50;4;57;18;8;19;6;15;31;24;1
4221;14.08.2021;38;2;14;33;29;28;57;16;18;36;40;25;17;21;55;48;31;7;24;6
4220;13.08.2021;47;54;44;43;55;53;3;33;18;39;15;35;41;7;14;11;23;25;50;51
4219;12.08.2021;24;10;25;5;47;53;27;33;32;55;49;45;35;52;14;21;51;16;39;31
4218;11.08.2021;22;19;21;28;53;38;57;45;16;15;37;6;54;2;32;51;39;23;60;12
4217;10.08.2021;59;31;43;51;1;44;14;32;25;23;10;42;24;7;5;17;50;53;39;13
4216;09.08.2021;20;16;4;60;47;40;9;37;46;48;24;30;34;3;54;50;57;51;13;43
4215;08.08.2021;12;48;13;18;9;8;15;19;37;10;1;39;14;53;21;46;31;24;23;57
4214;07.08.2021;12;41;46;36;18;37;38;19;42;44;40;48;51;14;11;49;34;16;10;47
4213;06.08.2021;13;43;3;19;56;11;9;40;26;51;39;5;27;17;44;21;23;42;52;33
4212;05.08.2021;28;7;8;57;3;50;54;40;18;16;47;29;2;44;4;30;10;56;51;55
4211;04.08.2021;25;49;14;3;8;37;41;50;16;56;10;33;29;58;17;46;9;6;1;47
4210;03.08.2021;59;9;15;34;2;24;28;25;6;17;20;3;43;21;58;42;38;44;14;53
4209;02.08.2021;25;48;1;20;47;54;45;56;2;57;24;53;39;59;38;36;10;12;28;52
4208;01.08.2021;33;26;44;55;59;41;1;25;47;45;38;30;13;53;15;50;57;39;11;28
4207;31.07.2021;23;34;54;30;38;18;47;13;8;52;57;59;22;49;7;31;51;39;6;41
4206;30.07.2021;39;15;35;22;24;18;42;60;23;45;58;17;29;56;26;19;57;20;33;28
4205;29.07.2021;24;26;7;25;27;48;53;40;23;56;15;33;38;39;5;41;29;52;42;60
4204;28.07.2021;13;6;31;20;14;56;38;10;19;23;57;16;34;8;54;44;59;45;29;32
4203;27.07.2021;7;52;22;11;15;47;31;19;14;49;56;24;17;45;25;6;2;21;50;58
4202;26.07.2021;49;57;54;58;45;38;26;31;9;7;34;11;20;23;60;22;8;52;29;56
4201;25.07.2021;58;37;50;16;39;13;24;35;60;8;32;9;36;52;59;43;15;7;14;30
4200;24.07.2021;32;33;16;46;24;1;43;54;44;49;34;28;5;48;31;21;57;19;25;40
4199;23.07.2021;32;34;50;23;25;5;26;14;56;58;51;47;59;60;42;2;36;39;20;48
4198;22.07.2021;17;51;7;29;6;15;30;23;57;25;11;9;34;4;20;26;33;1;41;13
4197;21.07.2021;6;9;22;15;5;54;29;23;18;12;30;17;2;14;57;10;50;33;52;20
4196;20.07.2021;58;20;25;39;35;49;31;42;60;55;13;7;24;5;1;53;17;52;54;59
4195;19.07.2021;29;15;3;55;33;19;49;30;21;41;42;34;56;13;44;48;7;23;43;20
4194;18.07.2021;24;17;48;37;4;52;27;11;50;15;56;38;2;39;12;43;44;33;13;23
4193;17.07.2021;59;54;50;39;7;34;32;29;31;35;58;26;6;40;4;16;3;13;44;48
4192;16.07.2021;37;48;25;9;34;38;60;26;19;54;49;1;42;51;36;41;35;18;39;33
4191;15.07.2021;48;25;31;60;22;21;24;50;46;36;13;23;58;5;7;54;15;44;45;17
4190;14.07.2021;42;35;23;57;46;7;9;26;58;8;11;39;31;41;48;18;32;59;25;20
4189;13.07.2021;26;30;1;51;20;39;5;59;6;50;52;7;35;16;41;13;17;8;37;53
4188;12.07.2021;18;54;30;8;19;59;24;29;14;13;32;41;27;9;38;34;28;6;47;1
4187;11.07.2021;4;46;14;58;47;32;31;43;22;50;42;20;25;53;33;9;45;49;44;6
4186;10.07.2021;35;38;33;57;34;59;30;45;40;7;51;32;49;3;46;39;5;44;37;56
4185;09.07.2021;40;37;5;6;1;16;48;60;43;4;49;31;53;14;57;51;13;45;2;38
4184;08.07.2021;10;39;48;59;34;50;12;7;22;47;25;54;45;5;11;41;6;46;3;32
4183;07.07.2021;27;35;43;58;36;1;56;42;2;26;25;33;38;23;54;30;52;12;21;47
4182;06.07.2021;52;2;36;7;55;18;32;22;27;11;5;30;41;57;21;31;53;35;56;25
4181;05.07.2021;47;38;20;19;12;6;33;59;29;43;45;58;36;15;5;13;37;30;32;51
4180;04.07.2021;6;46;49;40;36;14;35;44;39;45;25;13;4;9;2;33;5;11;18;52
4179;03.07.2021;37;5;23;58;45;49;31;14;26;29;18;2;34;55;7;13;9;12;54;32
4178;02.07.2021;36;17;28;41;5;8;33;13;19;48;24;4;2;1;52;53;18;55;20;16
4177;01.07.2021;53;59;55;16;48;31;33;58;35;32;36;22;57;37;2;54;7;21;38;5
4176;30.06.2021;41;43;19;26;49;29;28;3;40;56;58;24;55;8;15;50;34;53;30;54
4175;29.06.2021;21;12;49;52;34;24;56;60;42;39;15;45;48;47;5;9;50;10;7;4
4174;28.06.2021;56;53;22;10;52;39;31;33;24;29;41;1;57;5;45;14;32;16;34;60
4173;27.06.2021;16;49;48;3;7;53;47;41;31;43;17;58;4;14;15;56;28;18;29;39
4172;26.06.2021;20;17;54;23;19;7;59;41;32;2;16;9;52;25;26;46;42;29;14;5
4171;25.06.2021;19;34;29;17;48;59;39;8;56;46;2;33;20;49;53;40;7;23;9;47
4170;24.06.2021;35;26;50;17;58;16;53;21;49;38;54;33;22;2;55;47;9;23;25;59
4169;23.06.2021;43;16;49;26;5;21;36;50;17;44;55;10;60;23;22;39;56;34;48;9
4168;22.06.2021;42;26;18;14;57;37;28;48;19;33;6;46;31;47;49;51;32;27;39;35
4167;21.06.2021;16;4;28;38;12;22;41;20;42;15;45;47;55;54;44;52;30;29;9;6
4166;20.06.2021;58;48;39;25;2;30;38;36;32;42;47;1;55;28;59;19;31;33;41;40
4165;19.06.2021;19;51;52;16;58;8;32;56;49;20;11;30;17;60;13;47;57;24;23;29
4164;18.06.2021;29;14;59;57;9;1;15;4;60;19;27;33;20;37;28;43;56;31;18;36
4163;17.06.2021;16;12;18;4;5;34;42;49;25;31;6;44;14;60;48;24;11;41;13;22
4162;16.06.2021;21;15;28;38;7;8;59;17;30;37;13;45;41;3;11;52;36;4;58;23
4161;15.06.2021;15;53;49;19;18;9;22;31;10;58;17;56;1;37;23;38;28;36;12;46
4160;14.06.2021;36;35;54;49;22;55;43;56;34;26;18;37;60;53;46;33;21;3;31;45
4159;13.06.2021;3;11;33;38;22;58;25;48;52;19;59;39;54;36;56;35;6;55;12;46
4158;12.06.2021;20;23;47;52;51;27;50;33;57;54;13;35;19;31;4;38;28;36;39;12
4157;11.06.2021;21;48;25;41;60;35;13;22;10;37;53;32;27;26;34;39;49;3;18;47
4156;10.06.2021;33;8;20;47;1;3;50;23;51;29;55;5;45;18;57;2;11;27;59;37
4155;09.06.2021;19;54;43;15;31;45;36;52;35;60;48;2;58;41;6;8;37;33;16;7
4154;08.06.2021;6;20;18;57;37;19;42;33;4;12;25;35;10;1;50;53;44;30;14;17
4153;07.06.2021;28;41;40;51;17;23;7;44;26;34;54;37;27;2;5;43;24;13;57;55
4152;06.06.2021;12;10;37;27;34;23;50;15;57;3;42;52;14;31;9;48;38;11;30;53
4151;05.06.2021;40;28;50;47;48;6;24;7;11;15;52;57;22;44;37;2;51;30;42;54
4150;04.06.2021;41;10;50;26;23;1;49;21;28;31;17;13;20;48;2;8;7;30;43;6
4149;03.06.2021;54;39;49;40;58;57;22;17;41;46;2;56;53;37;38;45;32;48;4;36
4148;02.06.2021;28;55;6;35;20;7;37;9;57;38;60;21;27;53;36;56;3;46;4;44
4147;01.06.2021;34;22;17;55;42;10;54;29;8;49;48;53;57;18;47;30;45;3;44;11
4146;31.05.2021;33;18;16;52;27;42;23;28;26;24;40;50;30;32;56;38;45;4;20;3
4145;30.05.2021;54;50;51;20;27;12;45;33;14;26;31;10;46;40;32;8;7;42;11;3
4144;29.05.2021;37;28;17;15;56;51;57;48;1;33;23;4;12;43;53;41;31;52;6;13
4143;28.05.2021;5;46;20;33;47;23;22;34;58;42;59;26;17;48;28;10;29;11;32;7
4142;27.05.2021;53;3;4;1;55;48;45;33;49;9;18;58;12;7;46;38;36;11;56;60
4141;26.05.2021;12;46;54;48;28;14;41;38;20;7;43;52;16;26;1;36;45;3;40;37
4140;25.05.2021;18;41;52;12;49;59;14;26;31;35;4;50;55;11;44;39;19;30;38;16
4139;24.05.2021;54;20;17;31;33;25;32;50;58;37;28;13;12;4;48;59;29;45;5;52
4138;23.05.2021;49;6;8;22;25;44;23;48;56;1;2;41;33;11;18;54;60;26;58;17
4137;22.05.2021;13;24;39;41;1;29;35;31;49;53;16;25;23;44;34;17;52;28;36;6
4136;21.05.2021;3;1;44;34;27;50;41;11;56;15;5;6;29;25;13;17;2;33;42;7
4135;20.05.2021;23;39;33;27;13;36;25;31;56;49;30;46;40;53;44;52;26;3;16;1
4134;19.05.2021;29;6;22;36;45;11;12;5;30;38;18;47;34;58;2;56;49;4;37;44
4133;18.05.2021;1;20;16;26;45;36;29;43;25;17;19;39;34;2;60;38;15;22;46;12
4132;17.05.2021;30;58;54;11;48;50;34;35;2;49;31;47;39;46;41;7;16;44;23;27
4131;16.05.2021;39;54;22;28;2;49;40;3;46;5;16;15;52;6;9;18;4;57;59;47
4130;15.05.2021;4;33;20;28;15;9;19;45;3;16;32;34;40;57;48;17;25;11;58;2
4129;14.05.2021;2;59;52;58;50;42;17;14;55;16;20;30;8;41;32;45;26;54;31;40
4128;13.05.2021;14;9;38;42;27;36;15;50;46;43;25;6;13;34;2;51;23;57;7;19
4127;12.05.2021;5;23;58;19;12;22;55;42;7;51;49;34;47;18;28;37;2;41;30;33
4126;11.05.2021;11;33;27;51;1;6;55;43;48;46;16;23;56;40;25;3;22;26;54;14
4125;10.05.2021;48;37;8;57;52;46;51;45;55;6;34;5;9;59;19;28;27;43;47;13
4124;09.05.2021;31;47;53;56;34;57;28;52;35;12;25;4;19;48;9;51;11;13;15;14
4123;08.05.2021;41;52;5;44;3;59;42;30;4;46;15;60;21;45;56;2;12;23;38;14
4122;07.05.2021;39;9;47;5;57;25;24;37;15;49;13;6;10;56;51;46;29;32;8;22
4121;06.05.2021;7;45;52;54;10;32;23;13;1;56;31;19;38;18;41;30;20;33;4;11
4120;05.05.2021;39;9;7;31;58;6;50;13;3;8;44;40;52;34;42;41;30;23;11;46
4119;04.05.2021;28;24;38;2;40;22;5;25;33;9;34;15;3;51;49;13;52;23;10;30
4118;03.05.2021;32;39;55;27;19;45;38;7;6;14;57;51;9;49;40;41;10;22;1;59
4117;02.05.2021;60;51;35;12;8;18;53;39;41;11;24;16;52;33;3;5;9;32;42;14
4116;01.05.2021;56;42;40;44;38;51;14;22;16;49;55;12;2;33;25;11;37;46;9;58
4115;30.04.2021;39;37;1;2;27;49;21;9;22;56;45;47;18;28;12;53;15;5;36;57
4114;29.04.2021;39;3;32;44;52;6;37;36;4;18;19;33;12;10;59;17;58;7;20;38
4113;28.04.2021;57;14;16;25;53;42;41;23;4;54;19;13;29;30;9;11;38;52;58;51
4112;27.04.2021;54;44;46;50;3;28;56;9;35;21;57;42;6;51;13;15;17;7;43;12
4111;26.04.2021;54;20;36;51;15;27;59;18;29;60;4;6;22;57;12;31;42;19;24;47
4110;25.04.2021;21;9;42;52;22;31;26;60;54;29;53;25;37;49;32;16;14;4;23;50
4109;24.04.2021;44;8;9;51;41;24;11;16;19;50;57;48;37;38;20;33;4;56;42;28
4108;23.04.2021;54;26;35;52;60;7;1;40;29;9;25;57;44;28;37;5;16;39;10;15
4107;22.04.2021;15;56;32;7;6;48;1;21;53;59;2;60;50;30;46;8;31;42;51;14
4106;21.04.2021;31;29;46;33;22;20;47;41;5;9;44;40;13;25;49;53;11;36;7;15
4105;20.04.2021;14;38;55;25;42;44;7;46;49;20;41;6;43;50;19;57;22;40;48;58
4104;19.04.2021;42;28;2;58;5;12;50;33;47;10;4;34;55;8;38;40;53;56;21;32
4103;18.04.2021;52;11;21;1;57;2;13;55;41;4;37;20;54;33;24;50;48;27;12;59
4102;17.04.2021;48;1;37;6;21;36;12;47;51;22;5;58;30;13;10;55;9;60;35;4
4101;16.04.2021;60;43;16;32;24;22;35;5;14;9;38;33;30;13;1;12;46;40;15;23
4100;15.04.2021;51;8;37;36;3;27;1;19;22;52;33;7;28;44;14;6;54;15;43;58
4099;14.04.2021;28;59;50;58;38;1;30;9;5;46;6;52;14;24;11;31;36;57;35;12
4098;13.04.2021;12;50;56;51;10;22;33;35;23;37;16;40;43;46;28;4;55;3;38;52
4097;12.04.2021;25;44;2;49;10;60;15;52;43;45;23;46;58;30;27;19;59;56;7;21
4096;11.04.2021;18;59;19;32;54;31;57;48;14;42;40;24;34;10;9;13;38;37;4;2
4095;10.04.2021;28;47;38;11;16;27;39;15;51;29;42;5;45;2;19;35;57;49;23;53
4094;09.04.2021;49;6;24;19;8;28;17;14;33;51;57;41;48;34;11;39;46;15;43;25
4093;08.04.2021;50;43;6;60;7;27;38;48;57;45;18;23;3;11;15;30;28;17;25;5
4092;07.04.2021;15;38;7;54;28;37;25;50;27;11;49;20;42;60;45;29;41;6;18;26
4091;06.04.2021;41;47;2;35;36;40;11;49;9;39;34;6;50;4;29;1;16;10;25;43
4090;05.04.2021;17;24;2;3;6;45;42;35;51;12;59;30;31;4;40;41;11;27;18;60
4089;04.04.2021;53;46;45;40;11;13;5;58;25;24;35;56;9;48;33;20;23;6;47;44
4088;03.04.2021;37;49;6;8;48;10;57;44;4;24;54;55;2;56;52;53;29;51;17;46
4087;02.04.2021;50;19;3;7;52;37;59;2;51;17;41;47;13;10;49;46;5;26;45;48
4086;01.04.2021;19;27;9;28;7;41;21;36;50;14;43;54;26;45;20;59;56;39;8;1
4085;31.03.2021;43;28;1;2;23;52;41;13;32;35;47;30;31;46;54;44;4;14;37;51
4084;30.03.2021;49;5;47;51;44;31;29;16;10;36;56;48;12;18;7;21;22;41;55;38
4083;29.03.2021;59;37;46;35;42;17;39;54;13;22;60;2;32;48;7;3;15;55;57;28
4082;28.03.2021;2;11;27;25;43;40;49;30;59;35;33;13;44;3;10;57;58;8;28;21
4081;27.03.2021;45;15;7;37;38;49;50;3;33;18;14;54;60;2;52;47;17;5;31;32
4080;26.03.2021;47;39;32;60;23;59;31;8;19;13;3;40;7;28;6;17;10;5;36;4
4079;25.03.2021;44;25;22;14;6;8;54;3;50;29;49;45;41;12;4;31;48;60;26;43
4078;24.03.2021;22;1;43;35;28;25;24;39;57;13;32;27;52;8;58;37;54;10;5;34
4077;23.03.2021;40;50;27;28;54;8;9;56;53;35;30;44;5;38;18;16;2;12;24;59
4076;22.03.2021;6;12;8;49;47;35;3;58;39;56;32;9;27;37;2;38;13;4;1;60
4075;21.03.2021;4;44;27;49;8;52;2;7;47;53;22;23;6;40;13;28;51;32;56;18
4074;20.03.2021;16;44;20;14;22;35;37;9;11;47;23;19;52;21;12;32;17;29;30;8
4073;19.03.2021;11;45;32;9;21;8;14;23;25;34;28;39;44;2;13;60;50;59;49;42
4072;18.03.2021;41;30;7;46;53;54;60;20;5;57;27;31;24;32;34;45;48;40;39;29
4071;17.03.2021;9;22;39;51;47;28;29;16;5;49;32;27;20;60;4;23;24;8;59;41
4070;16.03.2021;1;3;18;23;28;4;51;14;48;58;20;16;59;35;2;46;52;50;32;37
4069;15.03.2021;15;41;31;30;59;4;55;32;34;29;56;14;54;52;49;27;51;37;43;33
4068;14.03.2021;29;58;48;7;50;2;8;46;57;30;25;32;51;40;59;60;28;55;18;10
4067;13.03.2021;1;60;59;38;37;4;14;34;6;47;45;50;10;41;15;11;57;19;25;17
4066;12.03.2021;29;56;14;40;6;17;59;45;23;41;38;31;36;39;15;34;20;44;58;18
4065;11.03.2021;22;6;23;40;3;5;11;37;24;39;60;49;20;21;44;2;29;50;43;38
4064;10.03.2021;23;5;38;47;20;12;35;50;58;33;29;48;60;37;40;39;26;15;6;24
4063;09.03.2021;49;60;7;57;20;23;56;4;29;2;36;37;50;10;54;11;43;40;47;27
4062;08.03.2021;31;10;28;23;40;34;32;5;27;53;11;19;54;44;13;1;17;6;52;14
4061;07.03.2021;15;11;53;58;40;36;35;18;43;42;27;37;57;54;12;5;28;26;50;29
4060;06.03.2021;43;44;58;53;4;54;35;55;1;52;57;34;12;5;32;51;18;56;29;13
4059;05.03.2021;59;14;46;7;38;56;45;58;55;25;47;48;36;53;37;34;9;33;30;13
4058;04.03.2021;41;58;37;55;9;52;44;31;36;24;46;40;47;10;11;4;6;53;18;32
4057;03.03.2021;48;15;22;47;55;39;44;25;60;30;42;7;31;29;58;28;10;34;20;54
4056;02.03.2021;34;52;37;45;19;56;21;3;35;1;40;17;31;8;10;2;60;18;57;4
4055;01.03.2021;42;59;27;6;21;43;41;48;10;15;13;50;14;51;45;19;56;25;32;39
4054;28.02.2021;14;13;26;28;32;42;5;44;10;1;3;7;6;49;51;17;34;36;27;56
4053;27.02.2021;13;49;16;30;51;20;36;7;40;37;5;39;22;38;29;23;2;10;3;18
4052;26.02.2021;8;23;39;26;5;4;41;2;30;9;43;1;38;19;11;7;16;50;21;29
4051;25.02.2021;37;30;20;60;41;45;58;10;56;5;27;4;24;12;49;52;54;44;47;50
4050;24.02.2021;57;40;4;37;2;34;7;29;19;23;47;3;5;39;53;45;6;38;27;26
4049;23.02.2021;9;45;49;24;30;56;2;40;47;27;39;4;37;14;38;29;53;17;5;16
4048;22.02.2021;20;4;31;17;13;53;60;14;54;15;42;22;7;25;6;46;40;55;49;1
4047;21.02.2021;52;7;13;47;42;51;6;35;2;5;29;56;44;11;41;3;27;21;1;45
4046;20.02.2021;17;41;8;15;58;28;27;48;43;45;1;60;13;57;55;47;5;29;6;37
4045;19.02.2021;5;29;1;58;3;14;19;37;4;42;43;28;56;57;40;8;36;17;20;53
4044;18.02.2021;2;44;9;6;28;39;12;4;7;15;10;32;54;55;53;36;14;27;29;50
4043;17.02.2021;17;12;4;55;47;8;31;46;49;32;54;36;58;30;14;27;26;13;18;50
4042;16.02.2021;16;35;5;55;27;45;22;57;1;23;59;52;41;15;39;3;21;42;38;36
4041;15.02.2021;32;44;40;58;25;51;21;18;39;42;22;37;7;49;11;48;28;23;26;50
4040;14.02.2021;57;50;51;27;4;59;7;30;37;21;43;33;12;40;10;6;32;15;5;16
4039;13.02.2021;16;35;21;23;7;48;37;11;44;9;39;38;59;26;49;47;50;2;15;20
4038;12.02.2021;55;31;27;23;38;29;34;18;25;54;15;13;22;20;40;9;50;21;58;4
4037;11.02.2021;11;42;45;15;29;41;3;18;19;10;47;21;51;44;23;20;35;48;50;58
4036;10.02.2021;10;14;18;22;3;29;50;54;21;51;13;53;45;5;32;33;58;6;28;55
4035;09.02.2021;56;41;50;26;8;19;57;23;49;35;60;40;28;30;51;42;9;45;44;33
4034;08.02.2021;22;23;44;10;4;13;12;6;58;40;20;11;30;25;55;60;14;47;2;56
4033;07.02.2021;41;11;51;50;5;57;13;21;17;26;45;44;22;42;34;3;16;58;47;8
4032;06.02.2021;9;7;43;35;19;6;59;56;51;3;54;40;18;27;12;29;14;58;49;53
4031;05.02.2021;46;24;52;23;39;36;1;9;54;14;31;13;56;4;40;43;58;11;38;41
4030;04.02.2021;56;15;39;36;17;20;12;26;55;60;44;5;49;43;11;7;46;13;59;1
4029;03.02.2021;8;36;9;54;29;38;18;56;15;28;34;25;20;14;51;49;13;12;19;47
4028;02.02.2021;5;49;39;33;16;56;1;20;48;42;3;51;23;38;57;50;58;19;13;7
4027;01.02.2021;58;10;57;22;31;48;36;24;23;43;44;47;35;53;33;38;14;27;19;9
4026;31.01.2021;19;48;26;44;11;58;22;32;27;54;46;3;23;7;15;18;57;40;51;52
4025;30.01.2021;8;56;19;22;16;32;24;59;27;14;49;7;1;39;9;44;57;60;11;43
4024;29.01.2021;18;48;15;55;28;7;23;27;3;2;59;21;50;26;29;56;45;44;32;12
4023;28.01.2021;59;24;5;40;39;47;23;37;22;50;30;4;19;56;31;53;46;12;8;51
4022;27.01.2021;56;5;20;6;41;23;47;13;30;22;1;55;50;51;34;39;25;24;60;59
4021;26.01.2021;30;26;12;41;6;4;59;37;5;52;46;20;28;29;49;25;47;43;57;13
4020;25.01.2021;33;9;45;32;36;51;53;13;46;57;30;28;19;7;38;26;14;41;2;1
4019;24.01.2021;35;52;57;7;11;24;27;41;31;43;51;30;53;20;12;58;49;34;32;56
4018;23.01.2021;24;22;50;56;14;4;10;43;27;40;23;31;21;57;30;13;16;12;36;1
4017;22.01.2021;8;17;54;27;31;2;47;45;32;33;3;36;13;11;39;55;46;41;35;34
4016;21.01.2021;42;28;8;21;3;26;30;56;43;49;13;31;33;47;40;2;34;9;5;4
4015;20.01.2021;37;48;38;35;47;22;60;58;44;49;56;10;26;55;54;41;45;34;46;19
4014;19.01.2021;6;44;59;39;16;38;48;22;17;55;20;33;11;51;42;21;10;56;30;3
4013;18.01.2021;22;47;38;14;48;28;55;25;16;46;45;26;8;36;39;4;41;59;35;33
4012;17.01.2021;33;10;17;58;59;26;27;15;22;9;3;37;40;48;11;28;24;47;54;44
4011;16.01.2021;26;37;56;38;36;45;4;50;35;17;48;46;58;54;34;24;33;49;44;47
4010;15.01.2021;36;41;23;43;5;49;9;54;56;4;33;48;57;39;35;30;45;20;16;50
4009;14.01.2021;19;11;23;41;37;22;31;7;25;60;43;50;32;54;49;4;15;57;24;12
4008;13.01.2021;23;59;1;50;2;46;19;16;8;17;13;4;39;7;34;33;26;9;49;58
4007;12.01.2021;4;56;35;3;58;21;10;45;11;5;26;47;34;9;31;57;1;41;27;40
4006;11.01.2021;22;35;41;21;6;58;31;36;57;38;5;40;17;32;2;9;8;52;44;18
4005;10.01.2021;30;53;36;34;5;27;28;42;9;31;37;8;49;60;40;6;46;22;41;57
4004;09.01.2021;44;56;60;32;22;9;4;8;16;6;2;57;37;38;48;5;26;54;19;59
4003;08.01.2021;17;8;32;41;7;21;39;10;20;25;37;2;48;43;6;19;56;13;60;59
4002;07.01.2021;41;34;49;36;52;23;4;58;59;10;22;45;14;11;54;20;32;39;28;7
4001;06.01.2021;10;16;31;49;54;15;23;12;19;58;37;21;59;40;57;43;32;7;53;39
4000;05.01.2021;54;14;38;37;12;8;2;7;56;1;40;26;50;34;45;13;30;32;41;31
3999;04.01.2021;8;55;15;31;5;26;43;32;54;49;33;4;42;3;58;13;47;9;44;23
3998;03.01.2021;10;58;47;31;19;34;24;9;17;32;1;11;60;35;21;48;53;15;43;28
3997;02.01.2021;13;12;21;47;53;18;11;10;44;38;39;16;7;34;51;15;26;28;43;25
3996;01.01.2021;41;37;26;55;34;56;54;52;20;47;9;1;44;13;50;17;28;6;31;15
3995;31.12.2020;42;29;17;12;34;43;41;11;59;20;23;26;51;27;14;38;53;52;33;49
3994;30.12.2020;19;33;23;43;52;41;6;15;32;22;49;51;39;11;44;54;57;45;14;28
3993;29.12.2020;17;13;37;19;38;44;56;1;57;45;9;60;27;11;59;28;24;33;22;5
3992;28.12.2020;58;60;52;32;1;55;28;42;16;2;10;22;25;44;24;36;8;50;38;18
3991;27.12.2020;22;10;21;51;25;34;20;15;49;30;18;43;8;26;57;16;45;3;28;1
3990;26.12.2020;16;30;7;13;39;26;55;60;36;8;40;20;44;42;31;32;17;43;35;5
3989;25.12.2020;43;37;1;31;11;5;17;48;38;28;6;40;46;27;53;10;45;52;15;36
3988;24.12.2020;54;52;43;44;35;60;4;28;6;36;20;46;34;38;39;37;50;12;14;21
3987;23.12.2020;33;25;42;14;8;18;31;5;51;17;41;59;22;52;7;27;10;48;37;15
3986;22.12.2020;23;52;30;26;29;14;4;31;20;39;21;15;34;41;54;17;51;45;32;38
3985;21.12.2020;39;47;35;2;38;57;25;26;6;52;24;21;30;41;1;19;23;55;3;53
3984;20.12.2020;7;28;11;53;41;20;10;15;4;24;55;51;58;33;26;27;25;32;35;57
3983;19.12.2020;27;26;5;8;29;32;47;57;34;60;51;22;13;38;49;43;58;16;4;42
3982;18.12.2020;58;11;28;24;27;45;5;37;40;14;35;9;46;20;15;6;10;51;16;60
3981;17.12.2020;2;59;52;34;35;20;39;41;50;4;44;12;27;26;18;45;57;54;15;38
3980;16.12.2020;38;9;7;55;56;39;45;53;52;40;27;42;19;59;2;18;26;57;54;5
3979;15.12.2020;59;35;31;18;27;23;29;13;47;2;24;56;17;28;58;53;57;10;22;33
3978;14.12.2020;49;24;43;32;56;11;31;4;19;33;59;8;46;17;12;2;48;57;27;51
3977;13.12.2020;57;56;48;28;26;4;1;51;21;33;37;15;35;32;29;58;31;9;25;46
3976;12.12.2020;2;52;27;24;32;28;57;45;47;53;50;38;60;23;11;15;34;6;29;33
3975;11.12.2020;6;12;41;60;14;29;36;56;11;7;30;25;44;39;23;54;49;47;19;15
3974;10.12.2020;24;59;29;27;54;30;53;60;11;10;58;32;12;4;34;42;47;2;23;35
3973;09.12.2020;17;32;27;33;10;11;18;45;26;20;22;28;15;24;58;29;57;42;46;60
3972;08.12.2020;14;59;38;31;7;17;42;45;26;9;4;32;33;24;18;19;11;35;27;20
3971;07.12.2020;24;52;8;51;54;21;1;14;5;17;18;36;16;20;57;10;15;59;47;30
3970;06.12.2020;29;19;50;36;44;13;55;39;5;20;60;52;43;21;47;18;4;40;33;58
3969;05.12.2020;5;52;48;14;20;43;7;10;11;27;24;17;4;57;41;21;9;55;47;46
3968;04.12.2020;56;55;33;26;51;21;59;53;24;19;41;37;44;31;30;54;23;46;45;34
3967;03.12.2020;16;8;50;25;53;10;6;19;46;11;22;12;39;57;52;56;59;44;41;51
3966;02.12.2020;5;51;22;41;23;44;9;20;1;18;12;19;33;13;7;28;42;14;11;3
3965;01.12.2020;3;6;24;40;37;26;10;42;43;22;51;19;30;27;48;5;47;14;21;55
3964;30.11.2020;9;37;24;57;44;8;3;32;42;20;53;30;33;16;38;51;41;28;54;39
3963;29.11.2020;22;31;55;47;56;36;27;13;28;9;32;54;53;45;57;46;1;59;10;40
3962;28.11.2020;32;47;60;28;54;2;10;20;52;56;9;25;42;19;59;46;33;21;41;27
3961;27.11.2020;34;17;22;15;18;9;54;35;38;36;20;50;42;31;59;11;25;46;3;26
3960;26.11.2020;6;12;44;29;56;41;49;46;17;24;20;35;5;32;33;27;15;54;36;11
3959;25.11.2020;28;53;41;38;19;37;22;23;12;17;29;48;11;2;14;8;7;58;3;31
3958;24.11.2020;42;47;13;51;14;45;49;2;4;11;10;54;38;57;22;56;27;9;37;46
3957;23.11.2020;19;30;58;44;23;29;22;3;46;57;17;24;12;48;54;45;55;16;6;13
3956;22.11.2020;7;30;25;4;54;38;51;58;6;45;29;27;26;41;23;21;47;50;14;16
3955;21.11.2020;9;37;56;10;11;14;53;51;3;21;55;31;4;24;59;12;54;60;43;13
3954;20.11.2020;27;43;51;17;58;21;41;60;49;50;23;8;36;48;15;30;45;29;7;57
3953;19.11.2020;47;17;30;14;23;7;13;37;36;49;58;10;53;32;28;2;40;12;8;48
3952;18.11.2020;60;51;3;23;8;7;10;11;15;19;59;48;44;28;38;25;6;2;57;22
3951;17.11.2020;32;51;55;31;54;9;14;56;8;46;58;60;33;4;57;23;13;11;7;6
3950;16.11.2020;57;26;37;31;43;20;3;22;49;59;19;6;11;36;21;27;60;41;56;33
3949;15.11.2020;53;10;24;55;41;60;54;28;42;8;18;47;13;6;11;57;49;43;12;46
3948;14.11.2020;29;10;54;12;42;8;26;13;33;45;11;5;49;39;52;27;30;32;25;47
3947;13.11.2020;40;18;16;10;3;14;7;58;2;44;15;32;13;17;39;34;20;56;60;48
3946;12.11.2020;21;49;13;57;33;36;14;20;55;38;25;23;17;40;47;52;26;34;39;44
3945;11.11.2020;13;31;37;26;42;52;54;59;17;48;5;23;40;28;9;55;25;27;7;20
3944;10.11.2020;24;3;35;48;2;16;8;7;33;60;39;23;46;10;41;4;34;15;43;55
3943;09.11.2020;30;32;40;47;43;35;9;53;17;42;39;26;51;36;52;55;20;7;46;58
3942;08.11.2020;60;50;44;56;7;58;53;49;1;12;14;6;15;47;40;52;42;21;17;22
3941;07.11.2020;45;49;36;42;44;54;9;57;58;1;51;55;43;39;46;15;30;5;50;60
3940;06.11.2020;18;19;49;59;37;54;60;26;35;29;11;14;32;44;5;39;3;27;48;36
3939;05.11.2020;32;42;48;60;31;7;38;36;25;3;21;4;39;16;35;10;41;56;33;46
3938;04.11.2020;12;20;9;4;23;34;31;15;17;29;18;44;1;24;10;32;16;58;6;39
3937;03.11.2020;20;23;1;13;48;14;11;10;54;37;45;7;41;35;39;51;56;40;43;32
3936;02.11.2020;31;51;24;26;57;21;32;8;10;2;59;3;4;37;34;40;36;44;9;16
3935;01.11.2020;30;25;49;8;14;29;54;40;50;16;27;57;31;22;13;18;58;6;52;4
3934;31.10.2020;41;38;35;1;31;47;55;12;18;54;25;40;57;21;16;8;27;39;49;45
3933;30.10.2020;33;11;23;48;1;2;9;13;57;51;31;40;58;30;19;49;28;34;54;46
3932;29.10.2020;55;21;33;3;8;19;12;30;29;60;45;49;59;11;58;47;50;42;52;43
3931;28.10.2020;48;34;23;5;31;20;30;6;17;47;59;60;21;12;43;41;8;29;55;51
3930;27.10.2020;59;43;2;39;54;18;52;26;14;3;42;17;19;33;47;11;23;45;6;41
3929;26.10.2020;31;45;16;1;39;34;23;27;55;30;12;37;54;41;52;38;50;29;56;42
3928;25.10.2020;41;40;54;28;31;30;26;43;8;37;56;21;3;9;5;17;34;57;14;45
3927;24.10.2020;27;43;38;31;56;19;39;2;8;40;47;42;4;3;50;26;18;5;30;29
3926;23.10.2020;20;32;52;47;48;4;16;8;45;40;15;31;14;22;19;58;7;38;6;1
3925;22.10.2020;60;40;11;52;38;21;14;22;20;36;54;48;50;19;34;41;1;55;57;27
3924;21.10.2020;46;25;52;5;55;2;60;9;43;4;17;33;40;50;30;12;24;28;13;41
3923;20.10.2020;20;26;21;10;36;47;3;42;12;15;14;37;18;1;44;56;46;7;50;22
3922;19.10.2020;24;46;19;57;8;1;56;39;35;14;16;37;25;31;45;54;32;58;5;48
3921;18.10.2020;22;31;11;36;45;53;49;9;51;7;46;14;18;41;33;20;39;17;48;4
3920;17.10.2020;59;5;35;39;12;43;6;7;58;57;26;44;1;28;27;53;36;10;20;29
3919;16.10.2020;8;35;58;59;20;6;33;14;34;1;36;24;16;52;28;29;54;2;21;51
3918;15.10.2020;11;23;47;15;9;8;27;44;53;49;4;25;19;32;12;31;10;37;41;56
3917;14.10.2020;45;58;52;30;40;7;27;48;2;28;24;33;55;9;47;41;56;53;6;18
3916;13.10.2020;27;46;4;40;25;50;8;59;33;35;26;14;18;20;7;24;13;23;32;56
3915;12.10.2020;40;36;8;23;3;19;38;7;59;52;29;18;6;50;13;60;30;26;5;34
3914;11.10.2020;58;5;46;60;13;1;24;18;38;30;53;12;20;44;25;45;54;42;27;36
3913;10.10.2020;8;42;40;29;19;5;35;30;43;48;28;15;51;55;56;3;12;58;33;1
3912;09.10.2020;14;47;26;55;34;58;32;49;8;43;29;15;39;35;44;40;19;4;6;53
3911;08.10.2020;44;37;9;15;39;31;26;12;51;52;6;1;38;29;34;40;36;25;16;13
3910;07.10.2020;26;38;32;31;55;19;23;50;22;54;43;45;25;30;9;44;12;35;40;49
3909;06.10.2020;46;13;32;1;51;59;4;49;31;54;12;33;41;9;28;22;21;30;26;38
3908;05.10.2020;60;17;33;1;51;54;35;58;27;55;43;14;10;18;30;44;42;53;47;9
3907;04.10.2020;31;30;2;7;41;37;10;25;48;20;50;22;43;40;60;38;6;17;54;29
3906;03.10.2020;13;47;22;27;25;1;21;8;20;3;57;28;35;9;44;58;17;38;33;41
3905;02.10.2020;42;12;3;30;16;36;8;9;59;48;49;11;35;18;58;41;5;22;10;54
3904;01.10.2020;54;28;15;53;21;47;57;19;40;24;49;60;4;13;12;14;9;23;52;27
3903;30.09.2020;18;5;8;11;41;53;19;26;52;27;57;22;60;56;15;59;32;17;21;23
3902;29.09.2020;14;26;32;6;33;2;27;41;15;39;20;59;1;8;28;52;42;23;12;5
3901;28.09.2020;1;59;35;29;27;2;56;17;7;40;38;10;21;55;19;5;11;3;4;18
3900;27.09.2020;20;48;31;21;42;52;6;23;54;4;34;28;58;45;25;56;41;53;22;13
3899;26.09.2020;17;58;1;13;20;18;35;59;8;28;30;24;16;19;26;14;25;37;42;11
3898;25.09.2020;9;3;6;50;43;46;39;20;60;18;35;54;5;2;11;47;53;23;10;25
3897;24.09.2020;33;8;54;39;10;24;36;42;47;29;14;4;25;46;15;58;40;51;38;59
3896;23.09.2020;3;26;36;2;15;44;10;53;42;4;58;20;7;37;39;30;40;38;52;29
3895;22.09.2020;8;23;46;24;30;34;15;41;32;1;45;5;43;21;4;51;31;48;50;12
3894;21.09.2020;28;19;1;41;46;49;53;43;39;56;52;37;36;35;25;54;57;4;10;15
3893;20.09.2020;20;10;13;9;25;45;59;40;3;17;2;4;38;60;32;58;14;55;53;39
3892;19.09.2020;38;43;2;27;44;16;12;7;29;51;57;11;56;15;6;4;35;34;9;20
3891;18.09.2020;22;51;34;19;59;49;40;38;32;2;18;37;29;27;12;45;50;56;35;21
3890;17.09.2020;51;29;6;46;12;31;43;59;27;47;20;55;14;11;26;38;13;40;28;56
3889;16.09.2020;12;29;19;47;36;11;48;21;58;54;17;3;26;37;5;18;42;14;31;53
3888;15.09.2020;24;27;39;42;23;1;15;20;49;18;32;41;57;22;50;36;48;12;4;5
3887;14.09.2020;19;16;31;54;42;30;25;18;10;35;37;45;11;28;8;46;39;14;41;36
3886;13.09.2020;55;23;36;1;19;50;31;43;44;29;34;12;11;17;26;56;20;18;28;6
3885;12.09.2020;7;48;55;26;49;30;60;20;29;9;43;37;10;41;57;46;18;14;2;58
3884;11.09.2020;5;26;16;7;34;49;18;45;27;48;33;40;13;56;12;21;37;31;46;11
3883;10.09.2020;9;30;45;46;36;3;21;2;48;6;54;24;47;23;22;13;25;4;10;40
3882;09.09.2020;10;43;46;33;56;53;5;16;20;27;59;15;60;23;3;8;17;24;41;29
3881;08.09.2020;20;4;26;11;25;2;35;33;46;53;56;51;22;5;21;47;24;60;44;59
3880;07.09.2020;49;13;11;21;12;51;46;8;2;6;52;37;1;10;47;15;44;9;7;29
3879;06.09.2020;11;41;12;16;33;38;24;30;8;56;44;21;50;55;15;25;13;2;14;42
3878;05.09.2020;12;15;2;27;49;29;16;37;43;36;7;6;40;54;13;60;22;1;57;32
3877;04.09.2020;54;2;49;30;47;33;15;13;10;52;40;4;3;41;53;1;19;35;18;42
3876;03.09.2020;52;20;42;41;18;9;12;59;43;54;31;7;49;13;57;45;33;50;36;28
3875;02.09.2020;27;24;26;49;3;8;11;18;4;55;51;7;20;6;31;22;44;35;21;30
3874;01.09.2020;9;11;35;33;26;8;30;17;12;52;1;32;41;37;38;51;39;46;28;15
3873;31.08.2020;57;24;29;16;59;44;13;15;37;51;1;50;49;54;47;17;35;9;30;58
3872;30.08.2020;16;28;9;60;5;27;10;32;58;49;20;2;46;25;14;31;17;51;8;35
3871;29.08.2020;29;3;7;59;10;28;47;39;18;55;37;30;21;20;60;53;58;11;14;43
3870;28.08.2020;22;29;6;58;1;52;7;19;47;40;16;20;56;9;59;57;36;2;33;39
3869;27.08.2020;15;47;44;2;57;48;14;34;4;42;22;26;46;41;60;55;24;59;1;9
3868;26.08.2020;24;3;33;13;8;11;57;32;19;25;18;12;39;14;56;42;59;5;20;36
3867;25.08.2020;19;13;59;40;51;50;54;57;8;10;47;43;46;29;26;41;44;42;2;11
3866;24.08.2020;37;44;26;10;30;35;8;46;14;50;36;43;27;2;32;5;60;52;28;33
3865;23.08.2020;15;3;40;28;22;42;52;35;37;58;54;2;30;8;16;39;10;24;12;9
3864;22.08.2020;17;43;19;4;57;38;16;55;24;9;12;15;39;6;58;8;49;41;3;40
3863;21.08.2020;23;22;38;17;30;55;39;31;34;9;35;21;5;53;27;52;44;56;13;58
3862;20.08.2020;43;20;34;59;57;33;42;44;5;55;35;51;10;48;3;49;9;17;24;29
3861;19.08.2020;18;14;51;36;48;19;49;26;44;38;55;58;8;53;45;27;54;43;16;39
3860;18.08.2020;7;50;1;16;2;28;44;10;37;53;49;42;57;3;56;47;9;23;15;11
3859;17.08.2020;53;4;37;58;22;19;39;54;5;23;17;34;3;27;40;32;8;28;9;55
3858;16.08.2020;17;58;30;49;24;4;26;19;9;8;36;21;47;48;14;12;53;5;15;46
3857;15.08.2020;39;9;6;24;23;55;30;8;40;50;37;49;3;35;11;60;19;53;4;46
3856;14.08.2020;51;50;22;3;31;28;27;49;14;48;60;15;38;25;9;46;19;53;26;8
3855;13.08.2020;58;18;60;38;43;21;39;52;7;16;48;44;53;12;34;1;13;15;36;42
3854;12.08.2020;19;45;35;59;36;13;51;10;31;33;41;54;20;27;7;23;18;16;52;1
3853;11.08.2020;19;14;31;12;26;36;48;55;20;39;60;15;24;57;6;44;34;42;53;22
3852;10.08.2020;22;24;34;4;3;49;1;36;39;43;17;59;31;15;45;54;53;25;26;37
3851;09.08.2020;16;10;34;54;9;13;45;46;39;59;27;12;1;43;14;56;11;37;42;23
3850;08.08.2020;33;50;2;55;26;13;24;47;3;59;51;48;1;14;17;56;19;35;22;15
3849;07.08.2020;52;43;20;7;27;29;48;40;4;36;45;57;53;44;23;19;42;26;5;51
3848;06.08.2020;7;23;57;8;37;26;45;5;22;9;54;4;47;2;34;27;29;30;56;3
3847;05.08.2020;52;55;40;18;36;41;15;25;31;2;32;7;57;43;59;27;24;47;39;14
3846;04.08.2020;26;14;25;7;24;22;53;40;16;59;35;11;52;1;47;58;12;36;54;44
3845;03.08.2020;44;20;8;49;6;56;35;4;46;38;17;23;18;48;11;33;60;25;24;2
3844;02.08.2020;52;47;54;4;16;19;27;49;29;28;39;44;45;30;51;13;7;53;20;33
3843;01.08.2020;30;38;28;29;44;34;47;1;53;46;18;6;43;27;16;45;26;49;51;32
3842;31.07.2020;26;30;28;45;31;16;60;7;25;3;51;23;38;53;41;54;32;1;12;5
3841;30.07.2020;53;22;30;31;26;5;57;60;20;28;41;47;4;40;27;12;18;43;34;8
3840;29.07.2020;3;33;54;10;53;4;6;31;26;50;25;51;35;37;13;57;32;11;27;17
3839;28.07.2020;31;57;54;25;40;56;6;22;47;35;43;34;18;16;4;29;15;52;1;3
3838;27.07.2020;51;34;57;10;14;22;44;50;33;20;15;28;59;29;52;49;11;21;9;7
3837;26.07.2020;47;21;14;23;7;25;51;15;16;35;33;11;52;45;19;55;42;1;44;38
3836;25.07.2020;44;11;51;35;2;25;27;22;19;21;6;37;53;54;60;9;55;5;13;38
3835;24.07.2020;12;43;26;45;10;52;24;4;2;39;56;3;40;7;57;60;23;28;44;17
3834;23.07.2020;18;4;25;30;55;32;40;21;51;7;6;47;42;26;17;33;39;29;1;35
3833;22.07.2020;7;58;19;27;4;41;35;26;46;47;55;13;54;22;56;12;17;50;28;21
3832;21.07.2020;44;49;11;55;58;39;23;30;28;53;32;38;47;40;48;1;12;2;4;34
3831;20.07.2020;14;55;32;47;6;11;1;38;22;10;25;20;24;4;23;53;52;31;41;16
3830;19.07.2020;6;18;12;45;56;41;60;24;3;38;11;51;46;13;1;33;54;27;10;28
3829;18.07.2020;3;60;20;10;38;5;39;15;13;23;43;57;26;45;11;18;42;31;35;17
3828;17.07.2020;43;35;14;48;41;19;2;7;31;20;12;23;54;1;40;11;49;3;25;18
3827;16.07.2020;49;59;58;25;23;9;8;17;29;7;26;12;30;41;42;47;46;60;40;31
3826;15.07.2020;29;33;57;48;26;20;38;40;9;15;45;16;36;59;53;2;46;5;28;4
3825;14.07.2020;53;39;22;46;20;34;58;21;4;49;35;6;11;28;16;45;30;56;12;15
3824;13.07.2020;27;31;32;57;30;40;41;34;11;24;19;44;4;10;22;43;48;20;3;60
3823;12.07.2020;37;17;20;52;24;57;3;14;58;27;41;51;12;8;31;55;44;45;28;19
3822;11.07.2020;9;5;36;28;13;11;54;42;53;26;4;44;6;17;34;41;47;23;16;46
3821;10.07.2020;31;49;42;16;8;55;7;30;43;25;28;27;58;39;19;50;18;48;35;14
3820;09.07.2020;13;49;47;31;19;10;52;15;5;9;58;8;50;36;11;29;23;28;57;35
3819;08.07.2020;12;38;33;22;34;30;31;41;44;60;5;21;16;10;9;14;28;43;47;27
3818;07.07.2020;16;30;45;51;13;22;46;21;17;42;34;48;56;9;50;57;52;6;36;24
3817;06.07.2020;57;54;48;22;36;53;10;59;44;30;18;21;7;35;17;50;39;25;49;46
3816;05.07.2020;44;20;9;7;25;8;13;54;58;59;18;47;29;12;11;45;1;49;3;6
3815;04.07.2020;21;39;32;46;13;4;50;33;48;26;51;34;14;3;43;17;40;23;56;49
3814;03.07.2020;36;45;29;52;30;28;20;35;31;55;16;11;17;7;21;47;41;19;24;15
3813;02.07.2020;17;1;13;58;39;7;30;40;29;33;49;4;10;43;47;32;55;46;41;21
3812;01.07.2020;29;9;27;32;19;6;23;24;15;45;11;21;2;3;10;8;59;26;31;54
3811;30.06.2020;3;18;11;56;10;4;49;12;32;23;31;26;40;27;13;41;35;54;6;43
3810;29.06.2020;33;27;60;42;37;46;51;24;36;2;23;40;47;19;4;1;55;48;25;45
3809;28.06.2020;35;12;24;18;20;22;46;16;15;11;33;29;2;31;21;57;34;25;41;47
3808;27.06.2020;31;22;11;54;25;47;46;53;30;43;32;15;41;20;38;9;10;27;23;8
3807;26.06.2020;1;18;44;4;32;48;13;9;40;31;24;16;52;3;15;10;58;60;2;56
3806;25.06.2020;59;10;53;47;3;30;44;56;26;58;8;34;37;46;5;7;2;42;38;19
3805;24.06.2020;42;40;47;46;44;57;51;23;14;27;18;8;2;34;53;3;5;41;25;13
3804;23.06.2020;47;53;44;5;13;34;18;30;42;27;3;16;12;55;51;60;7;40;4;54
3803;22.06.2020;40;7;30;24;53;52;42;21;13;29;19;10;22;9;23;49;8;50;55;27
3802;21.06.2020;20;50;33;18;1;25;6;47;22;53;42;2;31;55;15;36;56;24;44;14
3801;20.06.2020;16;35;49;14;12;10;4;11;31;5;23;20;48;33;39;51;8;57;52;29
3800;19.06.2020;13;31;19;11;16;49;3;50;56;54;39;44;32;52;17;34;35;59;51;10
3799;18.06.2020;29;43;47;2;14;36;26;17;16;22;15;39;6;11;10;58;40;7;5;60
3798;17.06.2020;35;33;58;51;28;30;60;9;36;32;29;12;10;38;7;3;21;31;52;53
3797;16.06.2020;54;33;24;23;58;12;32;31;38;47;37;34;16;9;36;20;52;11;49;53
3796;15.06.2020;60;5;28;3;22;31;18;16;34;40;59;2;35;11;37;15;41;17;45;9
3795;14.06.2020;15;50;23;37;20;6;9;57;29;19;8;46;38;18;21;55;16;1;10;60
3794;13.06.2020;25;44;21;6;46;11;59;47;29;57;43;17;36;13;3;7;5;42;38;51
3793;12.06.2020;40;25;9;6;46;32;7;14;33;44;21;57;36;38;37;52;59;35;43;19
3792;11.06.2020;57;33;31;50;36;56;2;32;26;40;49;38;12;48;54;28;13;47;58;51
3791;10.06.2020;59;47;6;9;25;44;42;4;57;14;15;36;46;58;22;31;8;60;56;5
3790;09.06.2020;19;51;28;34;12;17;9;23;21;47;50;11;48;3;6;30;24;15;35;2
3789;08.06.2020;21;57;49;52;54;47;25;7;37;44;38;39;42;24;13;12;30;23;4;19
3788;07.06.2020;10;21;25;9;27;4;42;1;53;45;28;55;37;5;33;29;15;36;8;6
3787;06.06.2020;43;56;17;45;1;6;32;38;39;9;30;40;48;54;59;46;33;23;42;58
3786;05.06.2020;39;60;16;29;42;12;7;54;2;30;21;18;53;19;25;50;47;49;57;26
3785;04.06.2020;55;57;13;12;52;56;15;41;35;45;51;24;54;17;14;3;49;31;11;1
3784;03.06.2020;26;17;7;54;31;3;18;50;39;51;49;15;41;42;25;22;43;32;1;38
3783;02.06.2020;46;25;40;17;55;45;24;35;13;41;4;38;34;49;12;54;3;32;14;43
3782;01.06.2020;59;1;6;5;19;34;10;57;53;11;7;12;13;58;49;46;42;23;30;8
3781;31.05.2020;34;4;49;35;14;45;20;29;9;27;24;59;48;15;33;55;3;46;44;40
3780;30.05.2020;9;2;28;17;25;42;48;23;1;36;38;22;10;16;30;57;7;47;59;44
3779;29.05.2020;26;57;12;9;29;35;38;10;40;50;15;43;7;2;47;39;6;30;1;28
3778;28.05.2020;48;30;2;37;34;18;12;4;24;14;5;21;3;9;45;23;58;8;41;43
3777;27.05.2020;19;53;58;54;27;38;23;26;7;48;56;12;46;33;9;10;35;2;42;8
3776;26.05.2020;53;12;41;36;7;35;3;57;42;8;2;18;43;48;38;17;46;4;19;47
3775;25.05.2020;11;51;56;9;47;42;30;36;14;13;38;28;53;41;16;19;40;43;20;7
3774;24.05.2020;59;16;23;36;53;1;29;44;21;30;17;2;32;20;47;11;9;41;48;10
3773;23.05.2020;59;33;38;26;25;55;56;60;34;21;6;57;9;31;35;23;7;53;51;1
3772;22.05.2020;15;28;32;3;36;14;22;48;57;8;21;37;11;26;29;20;31;23;59;50
3771;21.05.2020;50;28;38;46;16;5;21;33;6;17;24;48;26;40;1;4;35;18;42;11
3770;20.05.2020;31;32;43;17;11;49;14;58;45;5;8;10;60;7;30;24;41;3;1;23
3769;19.05.2020;16;39;48;41;40;15;3;55;9;8;46;60;12;18;5;4;32;1;20;21
3768;18.05.2020;20;56;59;22;53;58;13;27;19;7;38;36;37;23;11;2;41;52;50;17
3767;17.05.2020;49;17;39;40;14;10;50;6;12;31;19;28;56;48;32;59;1;35;16;24
3766;16.05.2020;9;18;51;47;26;39;49;16;33;25;7;15;57;22;6;43;58;41;45;11
3765;15.05.2020;17;31;5;42;25;29;59;57;16;41;38;27;13;28;23;35;40;45;21;18
3764;14.05.2020;4;37;27;29;41;11;14;5;57;48;49;15;26;36;13;30;58;53;12;33
3763;13.05.2020;49;26;16;7;30;1;15;38;56;11;31;5;3;40;24;14;25;34;58;9
3762;12.05.2020;19;23;56;16;60;38;7;48;1;8;22;37;34;4;42;36;59;44;33;52
3761;11.05.2020;32;5;57;53;55;44;33;29;17;46;28;45;43;52;8;27;30;51;16;41
3760;10.05.2020;57;50;11;33;10;39;44;6;51;22;35;21;9;36;42;43;1;25;3;16
3759;09.05.2020;36;31;34;3;10;2;49;9;25;59;35;22;29;16;42;46;18;58;5;55
3758;08.05.2020;16;21;12;14;38;26;36;13;34;32;18;10;29;37;54;22;39;50;11;48
3757;07.05.2020;53;26;33;44;40;20;8;17;37;29;55;14;58;23;19;38;56;52;36;24
3756;06.05.2020;10;56;4;7;30;15;8;16;44;49;37;35;38;51;53;11;42;41;9;39
3755;05.05.2020;15;2;41;21;7;40;39;51;55;31;37;27;13;8;35;43;11;25;49;9
3754;04.05.2020;2;35;34;38;48;55;23;46;6;33;8;27;4;44;10;53;5;52;37;59
3753;03.05.2020;44;43;28;26;7;21;60;49;38;12;27;31;16;25;56;13;33;58;4;15
3752;02.05.2020;15;29;58;2;32;37;48;3;45;33;24;53;7;55;10;21;51;8;50;59
3751;01.05.2020;50;14;8;30;46;48;42;2;47;60;12;56;22;17;16;36;39;37;7;53
3750;30.04.2020;14;49;41;40;57;34;36;44;45;22;48;23;10;1;11;28;5;25;37;39
3749;29.04.2020;32;47;1;55;9;31;20;11;8;40;26;60;25;44;51;38;5;7;42;4
3748;28.04.2020;30;34;39;42;6;31;55;35;32;58;49;25;59;17;24;41;38;44;46;2
3747;27.04.2020;25;24;16;30;44;28;40;51;42;45;47;35;58;27;3;57;8;56;39;20
3746;26.04.2020;54;36;29;6;43;35;30;55;40;26;59;53;18;32;23;19;39;17;60;28
3745;25.04.2020;32;37;39;27;14;15;2;36;50;57;51;28;8;56;40;53;24;3;59;29
3744;24.04.2020;20;23;56;36;22;34;17;59;47;9;32;11;7;14;25;12;45;28;37;4
3743;23.04.2020;15;19;34;55;59;31;37;12;24;38;53;58;8;35;44;33;13;17;50;20
3742;22.04.2020;41;5;58;46;60;17;13;16;29;27;12;33;23;19;7;34;4;42;48;26
3741;21.04.2020;50;23;49;12;13;41;15;44;5;18;9;16;57;35;29;3;10;40;6;38
3740;20.04.2020;16;38;35;53;59;17;49;1;55;3;5;44;24;52;26;15;19;36;54;29
3739;19.04.2020;41;37;58;7;13;43;30;6;48;10;57;9;45;44;2;20;59;39;16;11
3738;18.04.2020;22;14;20;16;31;28;47;59;49;12;18;60;5;43;56;40;37;27;46;30
3737;17.04.2020;22;35;46;23;48;18;24;34;7;10;13;57;15;20;47;43;6;26;53;29
3736;16.04.2020;14;30;41;40;33;49;23;57;56;6;46;51;20;43;4;28;2;34;21;17
3735;15.04.2020;43;37;57;51;34;45;8;39;4;52;7;27;53;22;38;20;31;59;33;19
3734;14.04.2020;12;23;13;33;20;31;58;53;21;3;19;32;46;28;42;14;30;8;24;34
3733;13.04.2020;25;46;20;45;1;2;31;40;19;60;22;41;47;28;53;12;24;4;29;16
3732;12.04.2020;16;8;23;45;58;12;31;21;54;19;6;7;25;56;15;47;14;57;3;20
3731;11.04.2020;8;36;9;49;54;22;27;28;46;42;21;1;4;16;58;3;24;19;57;43
3730;10.04.2020;59;20;31;9;45;23;2;50;37;17;54;4;18;53;12;35;33;52;42;47
3729;09.04.2020;8;31;21;19;46;27;42;28;54;50;53;5;25;15;22;40;10;58;9;34
3728;08.04.2020;6;29;13;47;59;25;52;35;38;50;42;24;3;33;11;37;27;7;46;31
3727;07.04.2020;20;29;7;33;5;10;42;30;56;49;19;1;46;25;28;13;40;41;34;14
3726;06.04.2020;36;53;54;26;25;58;24;13;32;35;38;37;41;44;57;17;1;11;16;39
3725;05.04.2020;11;2;34;10;3;23;44;53;17;45;5;59;42;46;25;29;54;31;7;9
3724;04.04.2020;41;44;52;5;16;60;38;15;42;27;26;29;32;34;43;28;3;56;37;1
3723;03.04.2020;41;46;10;13;12;2;6;42;55;36;59;37;47;50;18;54;14;24;32;20
3722;02.04.2020;43;8;53;51;29;2;25;32;23;21;55;7;10;9;42;41;27;15;14;38
3721;01.04.2020;21;37;38;41;31;58;39;8;5;40;13;33;34;56;51;11;44;22;27;28
3720;31.03.2020;35;11;29;18;60;6;5;3;43;49;24;10;45;39;57;27;33;14;19;46
3719;30.03.2020;41;47;13;25;29;6;58;7;50;1;60;27;30;53;17;21;55;4;34;19
3718;29.03.2020;50;56;4;36;51;14;45;20;57;44;2;22;17;42;54;46;30;24;13;47
3717;28.03.2020;46;30;34;16;42;32;19;8;44;41;3;23;35;28;58;17;1;60;13;21
3716;27.03.2020;55;29;11;15;14;38;53;17;33;18;60;57;10;59;27;20;48;34;23;13
3715;26.03.2020;46;12;14;15;55;9;51;60;26;54;2;11;43;47;38;44;22;52;30;56
3714;25.03.2020;48;15;27;4;56;29;59;5;28;54;23;19;25;8;36;37;43;22;2;31
3713;24.03.2020;34;6;19;14;45;41;40;59;43;35;20;28;3;11;58;55;23;57;7;1
3712;23.03.2020;29;34;13;27;22;40;42;23;26;15;18;9;53;38;5;54;44;57;51;8
3711;22.03.2020;48;55;15;25;32;44;17;28;49;34;43;39;5;7;12;4;23;24;46;6
3710;21.03.2020;44;20;42;8;52;53;40;41;10;58;54;24;21;16;13;60;6;38;31;35
3709;20.03.2020;16;55;44;59;31;35;39;56;45;57;27;24;34;50;38;37;13;47;12;20
3708;19.03.2020;20;47;59;52;27;18;14;2;54;5;30;29;1;4;9;40;57;12;19;28
3707;18.03.2020;15;50;31;14;58;55;44;8;26;39;3;12;37;54;56;35;27;13;34;47
3706;17.03.2020;40;57;31;39;41;52;1;37;53;20;24;16;54;59;32;48;25;27;50;13
3705;16.03.2020;23;6;36;17;42;43;4;49;25;45;33;18;37;1;46;34;22;9;5;53
3704;15.03.2020;51;33;55;16;17;50;18;40;41;43;42;48;28;7;2;13;10;23;37;54
3703;14.03.2020;18;37;47;9;56;1;14;59;10;7;13;38;17;5;45;20;52;55;33;24
3702;13.03.2020;32;51;29;17;54;1;48;25;56;3;13;5;60;22;30;16;43;46;57;15
3701;12.03.2020;7;29;57;54;58;38;49;34;12;25;24;50;32;45;31;44;14;16;6;37
3700;11.03.2020;12;23;22;56;51;28;25;4;44;30;20;49;41;55;54;8;31;29;18;33
3699;10.03.2020;25;60;40;41;30;52;56;28;49;15;38;31;46;8;23;36;19;16;51;48
3698;09.03.2020;58;27;47;11;15;3;51;34;43;44;33;8;46;24;17;7;28;18;35;12
3697;08.03.2020;19;50;41;40;49;21;30;36;17;58;11;14;34;4;18;45;37;31;8;48
3696;07.03.2020;23;53;20;48;52;29;28;10;49;25;17;6;43;3;4;27;36;24;21;11
3695;06.03.2020;3;43;8;56;15;48;28;13;9;16;18;32;2;59;50;11;51;45;6;22
3694;05.03.2020;54;30;42;43;22;37;20;33;46;3;47;29;28;36;16;18;59;48;7;9
3693;04.03.2020;52;48;9;37;57;18;1;15;26;34;31;2;11;28;4;40;56;58;7;8
3692;03.03.2020;8;1;27;44;3;50;26;42;38;52;49;51;37;17;10;34;30;59;33;45
3691;02.03.2020;17;50;37;36;57;4;54;42;59;38;52;55;53;15;3;9;41;27;33;31
3690;01.03.2020;33;48;12;9;30;17;4;22;3;56;58;25;10;6;34;60;2;41;53;16
3689;29.02.2020;29;57;13;23;44;22;52;24;28;12;26;3;42;31;50;15;2;7;36;53
3688;28.02.2020;4;53;50;15;58;25;23;49;30;18;13;36;31;8;22;60;43;7;20;14
3687;27.02.2020;42;33;17;14;13;52;40;38;11;15;32;54;5;12;41;58;25;53;9;29
3686;26.02.2020;45;58;28;57;33;20;21;30;29;59;43;14;52;10;4;17;41;56;19;60
3685;25.02.2020;17;14;56;10;40;5;39;55;31;11;51;1;59;43;24;57;12;28;8;33
3684;24.02.2020;3;51;10;18;53;2;48;35;41;40;5;12;54;52;23;9;50;46;8;22
3683;23.02.2020;50;23;25;48;41;20;39;35;30;58;52;4;6;40;22;28;43;49;33;12
3682;22.02.2020;58;49;42;6;1;46;7;15;24;47;16;40;26;34;60;30;59;31;56;5
3681;21.02.2020;20;54;58;12;50;52;22;35;10;17;51;9;28;36;43;40;1;57;30;33
3680;20.02.2020;44;21;54;19;3;37;10;20;53;6;41;55;49;14;30;58;13;8;52;17
3679;19.02.2020;57;33;13;15;27;36;7;34;39;16;35;51;1;38;21;30;32;41;47;44
3678;18.02.2020;32;44;40;26;22;16;18;5;17;25;60;41;4;54;38;36;20;37;14;21
3677;17.02.2020;40;34;53;26;49;29;43;20;42;51;55;45;60;48;21;18;50;17;41;44
3676;16.02.2020;36;30;48;16;38;50;52;1;58;13;59;3;17;57;46;41;60;39;32;18
3675;15.02.2020;45;46;20;3;9;47;60;34;59;39;40;48;25;15;26;30;13;57;43;29
3674;14.02.2020;45;54;51;40;31;49;32;13;4;9;5;53;14;46;21;22;23;34;38;60
3673;13.02.2020;1;13;52;56;50;43;49;32;58;26;36;54;18;12;53;10;2;16;48;44
3672;12.02.2020;2;58;18;19;55;40;34;50;29;3;49;7;9;17;10;59;30;11;13;53
3671;11.02.2020;26;9;39;3;56;57;42;58;10;38;51;45;8;60;1;37;21;4;31;25
3670;10.02.2020;3;1;20;8;51;19;41;38;15;16;58;53;40;24;48;13;25;50;17;44
3669;09.02.2020;60;53;34;42;18;45;36;28;31;57;47;9;35;8;26;22;1;39;43;7
3668;08.02.2020;57;56;5;44;21;8;33;48;19;11;41;50;31;30;20;15;18;28;46;54
3667;07.02.2020;42;11;6;32;20;18;4;44;19;17;37;9;1;13;45;51;53;52;25;23
3666;06.02.2020;8;40;58;19;23;35;28;25;34;45;51;47;43;16;48;18;11;38;59;46
3665;05.02.2020;29;6;46;38;47;52;17;30;59;60;37;54;31;1;4;7;55;19;27;10
3664;04.02.2020;34;60;44;13;50;17;45;30;9;19;5;42;56;58;11;46;33;10;14;6
3663;03.02.2020;56;22;5;12;57;49;41;18;9;30;21;24;14;15;27;50;16;10;28;4
3662;02.02.2020;48;12;23;34;30;50;15;24;10;42;18;41;45;3;43;51;52;59;28;39
3661;01.02.2020;45;33;14;13;5;20;34;16;7;22;26;21;3;17;55;44;47;6;53;12
3660;31.01.2020;38;3;11;2;45;17;57;18;22;4;49;47;60;53;48;7;8;14;9;23
3659;30.01.2020;9;39;19;41;23;38;25;15;24;49;45;13;11;34;35;17;28;4;43;7
3658;29.01.2020;53;14;23;38;33;19;5;31;51;47;35;6;22;45;39;54;55;40;26;30
3657;28.01.2020;31;47;56;48;4;23;51;3;38;1;19;28;22;44;9;29;6;13;21;26
3656;27.01.2020;20;2;38;28;43;44;40;60;9;53;46;5;1;31;59;52;36;49;56;34
3655;26.01.2020;52;37;7;39;30;13;2;28;20;48;38;9;32;1;6;19;17;59;26;27
3654;25.01.2020;39;4;29;18;28;60;44;33;45;48;40;7;17;21;1;15;11;35;49;41
3653;24.01.2020;58;23;9;27;1;38;50;26;28;11;22;51;5;39;3;49;16;24;37;29
3652;23.01.2020;3;59;51;20;29;33;31;23;49;32;38;58;30;44;45;12;40;36;47;9
3651;22.01.2020;38;31;6;54;45;26;58;60;47;30;12;32;16;2;43;11;28;9;24;20
3650;21.01.2020;16;15;22;47;5;41;36;13;57;27;56;51;35;48;39;45;10;4;1;40
3649;20.01.2020;44;25;18;24;22;34;4;7;11;13;16;47;26;48;19;8;36;57;43;38
3648;19.01.2020;60;10;22;8;48;1;21;59;7;24;6;42;55;47;16;13;2;54;11;3
3647;18.01.2020;31;56;51;60;14;43;32;8;12;45;26;22;27;47;46;42;40;24;7;21
3646;17.01.2020;16;60;13;22;38;7;42;28;15;9;48;54;44;46;18;52;21;6;4;11
3645;16.01.2020;59;29;38;44;4;14;54;10;5;39;1;25;22;19;27;48;34;15;35;20
3644;15.01.2020;13;53;12;24;3;10;26;58;50;31;22;17;33;41;46;34;37;23;20;2
3643;14.01.2020;25;17;44;49;14;33;55;18;11;6;21;59;51;42;28;7;1;35;2;41
3642;13.01.2020;14;37;43;7;24;35;48;13;41;23;17;46;59;31;9;19;56;53;22;6
3641;12.01.2020;3;47;59;30;8;42;20;54;50;58;56;57;55;37;15;10;21;43;52;9
3640;11.01.2020;45;48;39;12;50;3;17;26;35;33;21;56;15;27;31;29;28;44;55;51
3639;10.01.2020;34;6;50;48;60;13;26;1;51;46;11;14;45;15;17;55;42;10;23;27
3638;09.01.2020;49;16;15;18;55;46;43;50;41;13;1;22;37;17;5;39;25;28;42;7
3637;08.01.2020;55;53;57;25;39;16;33;36;48;37;42;19;28;1;10;23;12;4;54;51
3636;07.01.2020;3;50;38;33;9;7;31;1;47;29;4;21;58;48;57;10;35;25;14;59
3635;06.01.2020;39;29;34;10;43;18;40;6;8;58;38;59;13;24;28;42;32;41;54;35
3634;05.01.2020;40;28;37;11;25;6;17;29;24;34;7;56;13;44;32;10;4;16;41;20
3633;04.01.2020;55;43;3;1;10;34;47;48;17;16;49;37;11;22;33;27;26;7;41;24
3632;03.01.2020;41;8;1;3;51;55;49;14;17;44;24;40;26;33;10;42;45;60;11;5
3631;02.01.2020;4;31;22;17;44;37;43;16;19;8;23;9;20;51;42;47;1;36;29;7
3630;01.01.2020;16;41;40;12;57;52;20;51;45;38;10;7;13;25;39;8;48;3;26;33
3629;31.12.2019;53;17;20;54;18;22;21;36;43;48;25;50;51;2;45;59;33;41;52;56
3628;30.12.2019;32;57;9;6;25;42;4;27;11;7;21;49;12;47;48;39;3;41;56;55
3627;29.12.2019;3;53;34;5;51;9;55;11;26;15;59;52;47;20;42;13;56;18;44;43
3626;28.12.2019;29;5;26;48;34;7;6;46;60;4;38;49;41;25;44;21;30;54;15;3
3625;27.12.2019;15;22;40;39;31;23;60;20;10;46;56;19;45;27;17;38;36;55;12;13
3624;26.12.2019;31;47;30;41;55;11;27;53;46;60;37;24;19;49;23;26;16;7;45;4
3623;25.12.2019;6;59;15;1;55;16;39;29;8;19;22;35;27;14;41;33;54;45;49;32
3622;24.12.2019;25;7;14;2;41;60;5;17;56;30;23;1;11;15;8;47;13;9;58;57
3621;23.12.2019;36;23;25;40;4;42;41;19;5;56;24;22;9;39;6;37;1;21;55;17
3620;22.12.2019;5;12;53;49;52;60;48;21;14;9;23;38;24;30;6;35;54;15;4;25
3619;21.12.2019;20;18;50;58;44;35;27;41;14;60;2;51;52;39;36;32;34;10;47;16
3618;20.12.2019;12;34;8;50;46;18;53;24;27;58;51;13;5;28;47;7;36;3;57;11
3617;19.12.2019;25;21;47;23;54;53;10;7;45;56;14;44;41;36;33;57;5;8;17;28
3616;18.12.2019;13;2;6;38;1;14;34;30;12;19;43;7;48;16;50;31;58;28;47;53
3615;17.12.2019;45;27;24;5;11;19;1;51;10;28;25;37;32;14;39;2;18;60;47;59
3614;16.12.2019;39;30;41;58;35;59;45;57;23;27;37;10;18;36;47;25;21;38;3;13
3613;15.12.2019;4;56;1;41;16;53;13;49;3;42;31;51;21;20;50;48;18;15;33;19
3612;14.12.2019;54;8;25;10;40;47;13;24;26;60;32;55;4;11;5;12;50;1;15;44
3611;13.12.2019;31;54;14;9;32;20;23;21;6;39;45;7;1;59;29;30;15;4;42;35
3610;12.12.2019;49;60;39;9;51;59;56;41;8;53;36;55;6;32;17;35;27;45;44;3
3609;11.12.2019;44;50;43;19;56;38;1;25;16;28;5;42;59;23;48;9;4;3;8;31
3608;10.12.2019;52;10;56;43;29;5;6;24;38;13;28;36;3;55;18;45;46;35;42;53
3607;09.12.2019;35;26;28;40;43;45;30;5;20;22;29;16;49;13;39;32;4;15;59;12
3606;08.12.2019;15;20;5;13;3;18;6;9;2;31;11;24;58;12;44;46;41;34;28;32
3605;07.12.2019;1;45;46;28;11;43;26;19;5;34;17;39;14;8;52;16;25;32;57;4
3604;06.12.2019;51;20;50;54;6;36;59;48;45;38;41;9;46;35;17;57;44;32;5;10
3603;05.12.2019;54;10;24;44;12;40;46;48;15;5;35;30;21;6;31;8;1;49;14;19
3602;04.12.2019;23;26;4;36;19;59;39;10;47;57;45;14;3;35;2;60;53;7;44;16
3601;03.12.2019;52;60;57;38;42;39;40;33;48;35;3;28;8;50;55;51;10;25;21;20
3600;02.12.2019;9;55;1;46;43;2;29;21;4;44;54;12;18;24;6;50;45;42;57;59
3599;01.12.2019;56;45;55;42;6;50;24;31;57;27;58;23;10;21;44;34;37;17;38;28
3598;30.11.2019;31;9;32;19;8;30;14;25;22;5;48;59;56;23;1;6;52;37;36;38
3597;29.11.2019;44;8;30;48;47;25;27;4;28;24;33;35;9;51;58;21;60;11;5;42
3596;28.11.2019;6;19;31;40;1;38;9;12;25;10;21;7;3;53;36;28;18;11;14;60
3595;27.11.2019;33;43;32;57;49;36;27;13;18;34;25;4;48;55;42;17;46;7;26;58
3594;26.11.2019;10;15;56;43;23;52;33;41;57;54;36;25;46;59;8;18;60;30;58;28
3593;25.11.2019;57;12;17;37;25;48;14;42;5;16;3;9;45;19;52;26;47;24;60;7
3592;24.11.2019;34;19;57;42;43;60;9;8;41;4;11;26;21;36;3;50;44;29;49;18
3591;23.11.2019;27;59;38;47;55;10;43;58;29;52;54;41;28;2;26;56;5;46;50;30
3590;22.11.2019;49;12;43;51;30;20;23;56;46;58;45;52;3;47;31;57;17;32;24;8
3589;21.11.2019;1;16;29;27;57;36;31;48;51;18;40;14;22;13;38;6;42;21;24;26
3588;20.11.2019;35;9;32;56;8;39;43;22;53;31;14;26;10;37;7;28;19;3;45;47
3587;19.11.2019;40;16;53;23;17;9;6;12;30;25;44;56;29;38;36;4;1;50;20;14
3586;18.11.2019;38;26;18;48;2;39;15;45;1;29;7;46;20;22;60;5;11;44;30;40
3585;17.11.2019;15;25;32;6;52;44;41;31;29;48;24;55;34;9;22;28;39;16;38;26
3584;16.11.2019;17;29;33;43;50;59;1;20;42;54;22;53;45;8;12;27;52;58;34;18
3583;15.11.2019;33;23;53;8;45;6;30;51;5;55;60;14;59;52;46;32;35;39;25;24
3582;14.11.2019;7;54;49;53;43;47;18;21;41;4;3;16;42;17;28;51;2;29;26;37
3581;13.11.2019;53;1;50;36;31;49;55;34;10;28;18;52;27;8;17;56;45;12;16;54
3580;12.11.2019;13;44;42;20;12;21;22;57;30;32;60;26;17;5;39;56;55;48;46;1
3579;11.11.2019;12;51;54;32;24;13;46;29;38;31;40;6;28;47;30;26;8;22;11;16
3578;10.11.2019;41;45;14;39;49;59;12;43;58;28;16;46;25;22;47;18;21;30;3;55
3577;09.11.2019;27;52;24;17;13;55;37;9;23;29;21;34;35;10;40;31;50;3;28;44
3576;08.11.2019;16;38;52;59;48;55;18;20;33;11;12;24;34;56;3;27;7;40;19;45
3575;07.11.2019;36;27;59;26;3;35;17;14;58;13;25;24;16;37;33;48;30;4;20;44
3574;06.11.2019;15;36;52;17;6;10;53;1;44;39;24;11;48;2;49;18;55;50;5;21
3573;05.11.2019;38;20;26;55;13;16;37;5;51;11;22;59;53;54;32;24;50;34;35;42
3572;04.11.2019;9;5;52;46;35;37;25;41;42;36;59;51;24;22;55;47;54;27;13;49
3571;03.11.2019;41;32;52;23;13;33;16;36;46;18;21;53;34;51;17;47;39;9;40;44
3570;02.11.2019;1;2;47;46;27;58;6;53;20;23;28;38;40;59;12;3;35;22;14;49
3569;01.11.2019;28;11;55;32;39;54;25;53;43;36;44;12;29;30;35;41;22;48;3;13
3568;31.10.2019;20;56;5;8;11;18;44;53;41;33;12;39;2;22;32;51;31;26;50;34
3567;30.10.2019;6;60;51;31;33;16;15;44;11;14;8;25;22;56;23;49;17;35;55;38
3566;29.10.2019;51;57;40;52;10;20;25;9;39;60;1;4;6;50;8;13;30;31;33;35
3565;28.10.2019;40;7;19;53;13;33;14;58;42;26;1;32;60;37;59;54;56;29;30;34
3564;27.10.2019;9;25;41;18;57;24;42;35;53;6;56;47;23;55;40;60;58;54;50;7
3563;26.10.2019;12;16;14;35;2;31;26;59;22;9;8;60;53;27;10;54;50;45;48;56
3562;25.10.2019;37;12;35;55;2;5;26;22;30;39;50;24;18;21;48;38;4;8;29;34
3561;24.10.2019;37;48;46;30;14;50;24;28;2;7;58;29;47;60;10;31;8;36;20;23
3560;23.10.2019;14;54;51;23;9;3;19;50;18;12;10;47;60;2;11;31;27;1;59;36
3559;22.10.2019;60;22;11;37;56;39;13;46;32;8;28;17;12;6;23;3;54;1;7;50
3558;21.10.2019;30;18;37;58;8;19;56;25;24;59;23;27;26;36;46;53;5;42;57;28
3557;20.10.2019;42;54;19;59;49;60;15;34;25;9;10;45;53;37;38;1;48;4;29;55
3556;19.10.2019;46;12;60;4;8;6;59;54;36;42;1;29;35;27;52;49;39;45;38;51
3555;18.10.2019;44;39;41;42;5;28;15;3;51;11;4;56;12;19;35;21;10;45;53;6
3554;17.10.2019;30;45;10;15;14;29;49;32;40;37;16;53;17;5;28;60;11;55;39;58
3553;16.10.2019;34;52;36;26;45;39;33;13;57;9;29;8;20;56;1;59;4;50;3;18
3552;15.10.2019;8;7;4;52;21;3;41;25;42;34;35;59;45;27;6;54;40;33;17;39
3551;14.10.2019;44;33;55;58;28;57;22;1;40;50;42;26;21;25;24;29;27;37;49;53
3550;13.10.2019;23;18;20;42;38;56;33;46;54;30;52;25;1;31;39;40;4;37;7;44
3549;12.10.2019;11;26;28;51;31;10;57;50;55;49;43;3;15;47;2;46;22;16;34;7
3548;11.10.2019;57;19;27;59;44;3;32;54;56;52;16;36;39;48;33;23;26;43;42;11
3547;10.10.2019;14;23;47;40;6;43;21;12;31;13;46;1;45;20;19;8;53;18;3;9
3546;09.10.2019;12;4;10;55;47;15;44;27;28;1;13;49;17;53;40;2;58;6;22;31
3545;08.10.2019;7;10;20;13;48;58;31;51;43;23;52;17;11;44;55;25;37;14;41;19
3544;07.10.2019;57;42;44;45;51;19;15;22;7;23;6;1;5;29;38;54;11;43;49;58
3543;06.10.2019;9;53;22;44;56;12;15;40;47;35;25;31;2;38;50;18;14;39;17;45
3542;05.10.2019;44;7;2;17;40;37;8;49;22;19;34;4;33;3;24;25;43;48;36;18
3541;04.10.2019;40;12;17;26;16;53;36;46;44;25;49;48;23;13;10;51;41;5;8;19
3540;03.10.2019;50;42;47;57;20;11;7;22;58;1;40;3;27;37;14;26;15;51;10;31
3539;02.10.2019;1;22;50;9;7;11;21;46;8;25;31;39;36;2;47;13;38;24;54;60
3538;01.10.2019;52;27;35;9;12;20;40;7;4;14;31;36;43;46;47;24;1;19;8;58
3537;30.09.2019;21;27;54;42;5;43;4;19;33;37;1;49;13;8;46;44;25;47;56;40
3536;29.09.2019;7;59;26;27;20;15;16;6;21;46;29;45;30;53;51;48;22;40;2;44
3535;28.09.2019;3;56;39;51;57;22;28;7;38;23;14;25;21;2;45;19;16;32;47;40
3534;27.09.2019;41;50;6;9;7;42;23;16;2;58;46;31;44;5;29;34;53;8;47;60
3533;26.09.2019;37;6;41;58;3;34;17;36;42;39;28;5;1;56;20;12;30;55;18;35
3532;25.09.2019;51;60;28;39;59;19;29;34;40;10;3;49;53;22;36;5;21;16;17;6
3531;24.09.2019;48;23;26;47;54;9;2;7;12;33;18;45;59;50;36;17;20;5;29;35
3530;23.09.2019;51;36;57;13;21;14;55;35;48;9;59;37;7;27;25;18;46;39;11;40
3529;22.09.2019;27;53;45;14;32;7;25;6;10;37;19;33;11;3;48;46;40;23;22;58
3528;21.09.2019;11;34;27;57;41;29;58;60;49;37;38;24;14;20;16;28;45;2;10;46
3527;20.09.2019;18;24;26;36;1;29;46;53;23;3;13;21;41;20;27;34;43;16;39;22
3526;19.09.2019;5;42;55;26;7;17;52;47;57;12;45;24;18;50;48;2;6;36;53;60
3525;18.09.2019;25;52;21;13;40;42;59;41;55;4;50;49;14;58;29;34;23;16;1;48
3524;17.09.2019;4;28;48;51;56;27;16;52;35;11;17;37;29;2;12;38;30;13;55;49
3523;16.09.2019;52;23;1;13;59;33;27;55;32;20;16;10;48;6;11;45;29;22;60;8
3522;15.09.2019;15;26;28;2;38;48;37;52;30;41;29;4;47;20;25;44;42;49;39;59
3521;14.09.2019;6;3;58;22;33;29;8;27;24;51;35;41;23;36;18;47;20;28;31;43
3520;13.09.2019;4;10;5;43;49;22;34;55;51;31;28;1;50;58;36;27;13;40;7;38
3519;12.09.2019;16;7;20;47;55;9;37;23;11;53;14;15;2;44;59;56;51;10;5;24
3518;11.09.2019;52;53;51;6;47;45;15;11;26;40;12;33;5;7;37;57;32;10;14;54
3517;10.09.2019;37;22;27;5;20;32;51;57;45;26;39;4;23;49;34;48;19;59;46;41
3516;09.09.2019;24;52;1;5;11;43;37;6;27;2;17;47;15;58;49;23;55;10;40;41
3515;08.09.2019;4;48;7;15;32;10;30;43;60;33;2;22;6;34;45;42;25;31;14;35
3514;07.09.2019;22;36;44;58;8;40;59;45;28;37;15;31;18;35;48;34;33;54;32;30
3513;06.09.2019;1;32;35;54;52;57;58;44;56;51;8;41;59;17;19;36;24;28;3;12
3512;05.09.2019;53;44;2;31;5;54;29;12;60;7;13;4;9;49;55;36;18;19;35;20
3511;04.09.2019;4;22;39;50;23;57;40;28;27;55;35;12;6;10;44;60;5;41;7;3
3510;03.09.2019;58;54;56;60;17;35;2;59;31;48;36;53;25;4;30;22;21;46;28;26
3509;02.09.2019;31;47;59;25;7;27;35;32;38;60;45;4;49;34;21;37;41;23;56;20
3508;01.09.2019;46;44;1;34;41;13;40;38;25;54;58;9;17;52;20;57;3;30;8;55
3507;31.08.2019;43;8;17;15;42;14;40;29;41;22;27;49;52;10;1;11;44;13;45;12
3506;30.08.2019;28;59;47;23;6;55;22;34;45;48;19;30;26;12;4;32;35;24;39;41
3505;29.08.2019;28;43;55;20;59;3;53;49;29;24;4;46;14;57;5;25;40;27;10;39
3504;28.08.2019;11;48;8;15;29;33;46;23;55;7;5;16;39;52;58;13;57;38;53;24
3503;27.08.2019;21;11;2;53;37;9;19;49;4;46;18;1;12;6;35;14;43;56;5;55
3502;26.08.2019;34;47;41;14;27;35;16;59;22;1;26;15;55;49;45;11;48;56;38;60
3501;25.08.2019;51;29;8;30;33;42;47;27;54;40;3;38;6;32;53;26;25;31;17;58
3500;24.08.2019;24;59;2;32;44;27;55;15;20;36;26;51;53;41;46;11;29;40;35;28
3499;23.08.2019;43;29;45;48;51;53;9;30;59;20;49;17;27;2;25;44;6;50;57;54
3498;22.08.2019;48;38;9;14;59;22;17;26;50;36;32;47;13;23;55;21;56;51;18;57
3497;21.08.2019;25;30;56;34;29;52;20;33;57;6;46;53;23;50;7;13;10;4;39;19
3496;20.08.2019;5;56;36;32;19;53;10;60;28;21;15;7;2;44;33;25;45;8;14;31
3495;19.08.2019;50;51;24;28;7;42;43;10;38;55;48;11;31;40;47;33;44;14;30;21
3494;18.08.2019;10;34;19;36;45;54;33;13;32;60;37;14;50;9;17;5;21;30;16;26
3493;17.08.2019;52;10;36;24;34;23;9;31;6;53;49;45;29;21;19;40;28;55;27;14
3492;16.08.2019;18;38;23;25;6;56;54;50;16;40;33;12;34;11;17;60;48;13;59;31
3491;15.08.2019;6;5;34;4;36;26;28;13;54;49;25;50;58;7;53;3;56;43;42;46
3490;14.08.2019;40;21;51;10;39;30;31;15;55;56;36;2;29;24;49;44;22;7;8;46
3489;13.08.2019;37;42;25;36;27;35;1;7;44;13;22;11;58;51;40;39;45;50;4;17
3488;12.08.2019;22;27;59;44;2;21;28;43;49;39;17;36;57;26;23;12;52;31;29;24
3487;11.08.2019;20;26;14;45;2;6;41;38;24;18;32;21;5;34;53;23;42;30;43;8
3486;10.08.2019;15;44;21;3;23;6;37;32;36;33;4;28;56;10;52;17;43;16;58;22
3485;09.08.2019;58;6;15;50;47;24;36;45;1;21;8;48;40;32;28;7;16;31;14;4
3484;08.08.2019;13;42;51;39;2;26;27;22;32;36;38;3;33;48;5;28;60;35;24;25
3483;07.08.2019;53;36;13;50;27;8;48;39;4;17;43;29;57;46;20;10;11;21;55;33
3482;06.08.2019;41;20;2;9;36;17;60;34;38;1;32;42;58;31;47;29;46;50;49;54
3481;05.08.2019;50;10;4;3;27;49;53;46;6;14;25;26;57;48;22;54;11;47;35;13
3480;04.08.2019;15;39;29;21;50;7;40;48;31;57;60;25;54;45;27;1;16;35;55;33
3479;03.08.2019;29;58;14;48;59;56;50;40;11;44;19;33;26;12;49;54;55;27;36;16
3478;02.08.2019;49;5;7;54;50;20;27;4;35;11;32;29;48;36;9;8;1;41;21;43
3477;01.08.2019;41;30;51;11;1;4;48;55;5;19;2;50;40;15;31;20;57;58;60;46
3476;31.07.2019;41;18;52;57;13;55;1;25;6;28;54;35;48;31;12;34;3;45;27;58
3475;30.07.2019;25;8;26;52;60;44;1;2;43;11;32;24;37;39;18;23;6;17;46;58
3474;29.07.2019;29;44;58;11;34;51;48;59;9;49;28;8;17;39;21;46;7;25;20;6
3473;28.07.2019;52;25;32;11;38;10;49;39;36;46;31;17;1;16;18;2;55;44;5;3
3472;27.07.2019;7;38;32;22;41;25;11;15;20;4;36;23;21;51;24;28;46;45;18;13
3471;26.07.2019;49;48;12;36;30;27;34;44;21;43;37;58;17;10;41;31;38;50;35;54
3470;25.07.2019;60;41;6;57;49;48;42;4;22;39;29;56;18;9;25;58;12;31;11;20
3469;24.07.2019;52;7;51;11;42;58;49;50;19;33;47;3;17;20;13;60;44;16;25;30
3468;23.07.2019;51;21;27;20;7;40;57;43;25;47;35;24;56;55;37;54;60;26;18;12
3467;22.07.2019;9;26;40;46;27;31;15;20;48;52;33;53;57;30;6;16;59;49;45;12
3466;21.07.2019;1;55;50;39;21;7;51;44;57;14;46;60;52;22;11;54;5;31;20;9
3465;20.07.2019;41;43;40;16;54;11;35;58;13;10;30;9;57;56;22;18;26;55;50;28
3464;19.07.2019;3;9;46;36;60;33;13;15;40;17;1;49;24;48;58;28;7;8;6;57
3463;18.07.2019;34;57;14;13;52;45;11;21;37;31;17;10;48;24;9;20;30;40;32;2
3462;17.07.2019;53;34;58;56;27;33;35;43;47;59;1;60;12;25;21;46;15;3;39;57
3461;16.07.2019;49;18;52;36;4;17;59;35;31;11;41;53;38;1;50;8;15;51;34;2
3460;15.07.2019;6;10;2;60;18;4;32;19;9;53;29;36;45;49;58;15;39;7;31;33
3459;14.07.2019;15;7;24;43;53;59;33;37;17;16;4;55;46;34;54;48;2;19;11;5
3458;13.07.2019;15;12;28;27;43;41;24;53;30;46;2;3;49;8;58;1;36;50;5;42
3457;12.07.2019;46;58;52;8;3;14;27;35;34;49;42;41;23;18;29;55;19;5;20;39
3456;11.07.2019;24;42;35;3;10;19;50;12;59;54;15;56;22;17;34;44;48;53;51;29
3455;10.07.2019;3;7;50;60;29;48;58;21;59;46;14;26;39;6;32;22;38;33;17;19
3454;09.07.2019;31;60;2;28;51;8;1;58;20;16;4;29;38;12;18;17;19;23;26;25
3453;08.07.2019;27;41;33;46;20;60;5;51;35;3;53;14;1;13;45;8;56;52;39;23
3452;07.07.2019;30;10;16;52;41;21;7;27;60;42;4;55;36;25;47;2;33;51;53;58
3451;06.07.2019;57;18;44;48;60;27;22;36;13;49;20;59;21;54;39;30;58;12;31;55
3450;05.07.2019;50;22;45;12;35;28;16;55;34;3;15;47;14;37;18;10;23;32;27;57
3449;04.07.2019;11;48;49;18;34;41;23;52;51;45;31;53;32;36;6;7;3;50;59;25
3448;03.07.2019;17;33;21;31;46;11;32;57;19;35;55;29;12;8;42;51;6;43;48;7
3447;02.07.2019;30;44;16;39;4;20;12;52;24;9;27;15;3;38;46;21;23;50;53;47
3446;01.07.2019;17;35;31;38;8;36;51;43;59;34;4;9;26;18;27;14;11;21;29;22
3445;30.06.2019;15;13;3;2;16;59;21;14;54;44;1;4;31;12;48;9;28;42;60;57
3444;29.06.2019;30;48;14;17;58;16;10;38;15;21;6;41;2;24;47;51;23;1;54;3
3443;28.06.2019;4;47;37;11;49;18;20;34;53;39;45;13;7;31;24;14;15;54;52;32
3442;27.06.2019;56;7;2;58;5;29;40;6;18;16;25;14;3;51;19;10;41;59;50;8
3441;26.06.2019;42;54;35;49;52;16;27;59;4;18;13;31;24;17;26;51;36;22;29;53
3440;25.06.2019;2;13;31;59;23;17;21;26;29;55;40;48;3;38;33;4;34;10;46;8
3439;24.06.2019;45;39;28;24;5;58;40;42;25;34;1;11;47;33;22;3;31;57;37;46
3438;23.06.2019;43;51;26;6;13;56;9;52;32;17;2;58;31;21;55;8;39;18;53;41
3437;22.06.2019;45;47;38;22;23;4;2;51;32;36;16;42;50;46;9;54;7;48;1;41
3436;21.06.2019;16;39;53;15;35;38;22;47;10;8;14;50;42;49;32;56;46;48;5;58
3435;20.06.2019;38;8;15;36;54;31;49;58;40;23;20;34;13;7;47;41;55;44;51;46
3434;19.06.2019;57;21;28;58;7;24;52;44;37;56;48;11;32;25;5;29;33;1;41;13
3433;18.06.2019;41;1;45;37;48;2;46;53;59;38;16;43;51;18;21;30;58;4;39;56
3432;17.06.2019;29;25;43;53;10;26;48;28;38;59;37;49;55;31;47;57;1;2;60;6
3431;16.06.2019;10;42;1;19;20;14;45;55;9;25;17;50;43;40;15;47;58;29;41;56
3430;15.06.2019;25;19;38;15;56;30;5;23;9;50;8;36;41;44;4;34;31;1;12;3
3429;14.06.2019;7;5;57;51;1;12;13;43;21;28;34;47;19;38;59;58;33;52;29;24
3428;13.06.2019;38;22;25;30;44;2;53;54;28;5;37;46;20;26;52;1;13;7;43;39
3427;12.06.2019;11;48;35;13;29;34;17;32;9;19;50;6;45;38;54;40;15;16;12;56
3426;11.06.2019;45;55;29;30;34;56;59;10;17;57;41;7;33;39;20;25;3;42;35;18
3425;10.06.2019;49;59;48;56;51;13;58;14;4;37;33;1;9;3;26;24;57;23;47;31
3424;09.06.2019;11;4;40;3;24;18;26;53;17;28;22;33;10;57;55;59;14;36;42;12
3423;08.06.2019;18;33;15;8;40;59;37;16;4;1;2;38;29;52;5;17;24;44;3;53
3422;07.06.2019;39;24;4;26;33;21;57;10;31;23;19;28;51;46;53;9;8;48;35;40
3421;06.06.2019;49;38;12;39;28;7;9;52;27;5;57;1;14;43;15;30;40;34;53;19
3420;05.06.2019;10;38;31;56;28;49;12;58;57;50;33;44;52;19;23;22;29;11;47;40
3419;04.06.2019;23;1;54;13;3;33;35;58;60;41;17;28;26;21;45;5;47;44;31;25
3418;03.06.2019;54;57;41;6;50;39;10;36;48;16;38;9;15;2;31;52;23;13;18;40
3417;02.06.2019;17;58;35;36;47;7;55;26;46;13;14;12;56;41;37;19;53;48;9;4
3416;01.06.2019;52;54;51;29;50;53;8;2;14;41;56;26;40;36;10;32;5;57;45;25
3415;31.05.2019;43;20;17;1;53;46;39;14;4;45;55;22;59;2;57;31;47;8;56;9
3414;30.05.2019;46;49;38;7;54;39;16;20;51;44;60;53;33;37;2;55;23;57;21;22
3413;29.05.2019;54;28;37;41;4;42;48;11;39;36;24;31;2;22;29;56;18;14;33;40
3412;28.05.2019;48;22;1;49;30;34;47;26;19;50;32;39;56;21;24;36;38;14;18;53
3411;27.05.2019;42;15;24;37;19;47;54;23;31;30;56;12;36;35;59;46;8;16;2;10
3410;26.05.2019;34;33;25;59;28;14;19;17;31;23;6;24;8;36;20;44;18;4;47;41
3409;25.05.2019;26;18;15;21;54;48;20;1;6;30;14;55;3;50;52;40;46;58;34;27
3408;24.05.2019;46;48;56;41;54;22;59;21;40;18;19;28;52;55;27;42;57;30;29;47
3407;23.05.2019;47;21;56;26;54;4;2;27;31;23;25;15;42;17;59;44;52;51;12;41
3406;22.05.2019;15;36;54;42;34;12;30;16;45;58;10;31;20;26;35;18;3;33;39;44
3405;21.05.2019;4;48;36;8;46;38;15;57;13;56;19;43;2;12;51;33;53;44;25;17
3404;20.05.2019;4;53;51;31;19;8;12;30;58;49;20;3;13;22;60;29;28;55;50;36
3403;19.05.2019;55;58;14;50;8;15;43;52;9;32;57;19;25;23;51;44;56;6;49;20
3402;18.05.2019;26;57;54;21;10;18;31;34;39;56;16;24;47;55;60;20;4;9;53;28
3401;17.05.2019;10;56;28;55;7;22;38;33;24;44;11;52;3;27;35;23;34;1;26;43
3400;16.05.2019;55;21;19;14;23;10;28;50;54;18;40;15;27;58;33;31;17;29;45;53
3399;15.05.2019;12;39;36;44;28;56;7;35;9;18;21;55;26;17;24;42;20;3;1;32
3398;14.05.2019;20;19;45;21;51;41;17;31;44;38;57;9;52;49;28;39;27;24;37;8
3397;13.05.2019;38;49;55;53;58;35;45;18;36;59;34;1;50;48;47;52;43;41;46;44
3396;12.05.2019;14;59;42;52;49;11;30;27;10;6;8;58;44;36;3;47;29;43;16;33
3395;11.05.2019;58;50;30;31;18;34;28;43;55;11;48;26;24;38;42;52;3;35;4;20
3394;10.05.2019;45;57;58;29;35;49;43;24;37;9;4;32;53;40;38;30;23;28;54;39
3393;09.05.2019;10;41;58;25;1;55;26;17;28;48;59;47;44;9;50;39;54;43;27;33
3392;08.05.2019;50;11;25;32;7;53;20;2;58;8;37;49;57;19;9;44;48;28;51;59
3391;07.05.2019;29;44;21;47;7;14;20;34;1;60;26;58;33;30;40;3;25;39;51;43
3390;06.05.2019;49;14;30;1;10;28;58;27;22;7;50;52;40;16;5;13;11;36;60;59
3389;05.05.2019;3;34;52;44;24;16;50;57;38;35;45;15;5;60;42;36;54;25;32;11
3388;04.05.2019;32;24;45;39;13;1;6;2;56;5;29;25;54;40;4;51;41;8;21;12
3387;03.05.2019;29;21;34;13;39;11;51;36;59;2;19;6;4;15;42;44;41;8;48;33
3386;02.05.2019;17;42;35;25;10;13;43;32;38;26;15;5;22;27;6;53;50;8;39;4
3385;01.05.2019;45;23;12;44;13;28;5;17;46;49;60;19;53;43;25;14;34;15;57;11
3384;30.04.2019;41;4;10;8;17;14;21;47;25;1;16;53;5;38;22;7;2;39;49;60
3383;29.04.2019;17;45;38;16;37;3;7;60;53;32;15;24;44;58;28;47;55;36;21;51
3382;28.04.2019;5;41;3;51;32;28;15;8;23;40;14;38;30;12;22;59;48;13;56;29
3381;27.04.2019;11;23;8;49;50;6;13;10;29;26;28;7;31;42;25;15;43;40;17;12
3380;26.04.2019;28;9;40;7;13;49;12;15;33;18;3;36;35;29;27;14;32;5;30;2
3379;25.04.2019;4;32;26;12;55;14;6;60;21;56;46;54;24;38;45;34;33;48;16;15
3378;24.04.2019;49;25;52;19;57;36;58;5;20;47;12;44;23;4;15;9;31;1;29;17
3377;23.04.2019;21;42;50;19;54;8;30;51;25;59;26;1;32;5;40;47;18;2;22;28
3376;22.04.2019;36;13;37;26;48;55;10;57;41;12;21;44;6;29;46;35;16;51;14;9
3375;21.04.2019;47;1;25;45;16;22;23;2;27;3;35;4;41;15;38;39;30;42;9;24
3374;20.04.2019;41;33;11;60;51;8;52;39;17;32;9;49;48;53;25;5;43;31;24;4
3373;19.04.2019;25;34;41;15;42;49;13;33;6;58;54;44;23;48;35;51;39;36;38;46
3372;18.04.2019;57;34;25;49;11;23;26;21;56;41;30;45;44;43;4;22;33;52;12;18
3371;17.04.2019;45;25;24;12;42;32;1;38;57;46;11;50;33;17;15;40;59;8;48;30
3370;16.04.2019;27;1;5;20;55;36;24;33;44;19;4;59;6;25;37;29;40;60;46;26
3369;15.04.2019;19;52;16;24;42;31;47;7;14;28;13;36;57;50;35;27;34;58;1;10
3368;14.04.2019;23;35;48;32;5;57;22;19;36;37;3;25;20;29;14;52;59;15;34;7
3367;13.04.2019;1;9;45;16;20;3;44;17;55;58;15;5;60;11;35;7;25;14;37;42
3366;12.04.2019;39;26;42;22;18;9;15;60;4;27;57;17;56;24;48;59;58;11;51;31
3365;11.04.2019;53;4;39;23;45;30;32;18;38;1;55;40;29;10;52;46;36;44;42;15
3364;10.04.2019;43;58;4;48;50;54;12;14;52;8;57;5;38;39;13;41;7;49;9;29
3363;09.04.2019;30;27;55;1;47;31;5;29;24;25;8;52;10;43;32;41;34;11;13;36
3362;08.04.2019;60;31;45;22;17;18;23;29;41;36;50;49;57;54;35;11;10;55;38;40
3361;07.04.2019;22;3;41;11;31;16;7;23;2;30;32;24;49;21;39;33;9;44;42;36
3360;06.04.2019;57;51;11;2;46;54;53;8;58;43;12;24;6;13;22;25;7;17;35;44
3359;05.04.2019;42;27;55;18;38;51;28;58;22;2;19;45;39;8;34;10;41;24;37;44
3358;04.04.2019;27;42;43;36;1;10;40;34;51;55;28;30;58;53;60;16;9;26;23;7
3357;03.04.2019;6;43;7;18;17;28;47;25;32;20;5;27;2;1;3;30;38;19;51;39
3356;02.04.2019;15;1;22;19;55;24;56;52;18;37;13;28;57;45;8;14;5;47;48;2
3355;01.04.2019;40;11;42;23;2;30;39;12;51;44;8;41;5;59;43;35;45;28;48;22
3354;31.03.2019;48;52;59;57;37;54;56;21;51;22;1;31;42;39;23;55;43;25;24;49
3353;30.03.2019;5;32;16;23;28;45;30;11;4;31;39;20;12;26;9;24;3;47;51;55
3352;29.03.2019;41;2;33;59;24;51;58;15;5;55;25;46;26;18;9;53;60;31;42;34
3351;28.03.2019;33;53;30;54;60;42;51;9;26;13;22;39;20;4;15;59;23;18;52;45
3350;27.03.2019;47;2;6;29;60;46;53;7;19;44;9;27;5;58;4;52;40;32;28;49
3349;26.03.2019;49;26;19;55;14;58;10;35;23;36;48;17;20;22;31;11;21;33;27;34
3348;25.03.2019;22;56;15;41;28;9;52;26;4;44;51;37;59;1;49;23;38;17;48;55
3347;24.03.2019;49;23;40;24;46;19;15;10;32;1;26;14;16;7;59;28;51;22;20;13
3346;23.03.2019;60;31;54;7;37;6;40;22;27;44;50;17;58;9;21;11;55;35;16;48
3345;22.03.2019;25;35;52;5;23;40;8;42;55;20;51;41;9;27;60;15;54;49;59;53
3344;21.03.2019;8;34;22;32;60;55;17;27;53;1;49;33;15;43;57;10;23;3;2;24
3343;20.03.2019;11;54;32;7;26;58;13;53;24;6;12;19;43;3;33;30;16;20;51;50
3342;19.03.2019;31;39;27;8;55;59;4;19;56;9;11;49;46;42;18;58;30;47;5;6
3341;18.03.2019;36;55;7;30;2;12;60;51;31;32;48;18;6;17;41;10;8;19;40;9
3340;17.03.2019;27;4;12;1;11;15;57;59;32;7;39;18;48;50;45;34;49;17;13;52
3339;16.03.2019;29;28;34;19;14;26;27;60;15;42;1;52;39;16;57;56;41;49;53;2
3338;15.03.2019;15;34;42;17;20;31;29;8;53;4;18;9;19;1;28;54;5;30;56;26
3337;14.03.2019;5;36;2;33;38;59;22;20;39;48;55;1;29;32;50;11;19;54;56;18
3336;13.03.2019;18;30;23;53;52;14;59;31;24;13;45;2;39;6;29;57;25;19;28;11
3335;12.03.2019;12;60;32;7;47;30;46;35;44;51;58;23;26;59;5;38;25;54;21;56
3334;11.03.2019;21;11;55;34;10;1;46;16;15;32;6;41;47;48;2;53;42;4;38;50
3333;10.03.2019;17;54;38;1;27;57;28;58;8;46;21;24;19;10;32;33;4;45;42;16
3332;09.03.2019;54;2;39;16;44;38;46;43;13;27;9;26;50;20;17;23;21;6;34;11
3331;08.03.2019;54;44;37;51;30;58;53;56;20;57;27;9;45;10;19;35;33;41;50;11
3330;07.03.2019;44;54;2;9;47;40;35;31;33;37;34;39;55;60;46;21;17;43;5;24
3329;06.03.2019;3;21;38;13;36;27;50;30;6;35;47;49;57;11;37;54;51;59;39;16
3328;05.03.2019;55;41;20;35;2;52;11;26;24;51;42;12;7;50;46;27;4;58;43;54
3327;04.03.2019;28;44;16;51;14;55;52;57;43;6;40;32;36;33;56;30;47;15;60;49
3326;03.03.2019;51;35;54;31;40;6;36;32;52;37;49;17;20;5;11;16;44;14;50;13
3325;02.03.2019;36;43;30;13;38;2;37;27;21;15;18;10;33;54;59;40;23;9;20;24
3324;01.03.2019;12;46;31;37;15;38;8;48;40;13;39;5;50;55;19;3;16;10;32;6
3323;28.02.2019;11;23;44;16;20;18;49;22;56;51;29;54;30;36;59;15;55;10;28;48
3322;27.02.2019;33;24;42;54;56;19;55;36;5;57;3;7;12;20;23;34;45;50;40;8
3321;26.02.2019;31;32;33;47;40;46;57;29;24;23;52;15;54;51;14;6;7;55;37;3
3320;25.02.2019;56;4;31;23;11;22;2;37;40;55;29;5;47;46;30;20;9;42;38;54
3319;24.02.2019;59;12;32;8;50;21;49;55;42;41;36;5;40;14;35;17;58;28;54;23
3318;23.02.2019;1;18;30;56;15;32;60;35;36;39;19;28;50;57;13;33;58;54;29;53
3317;22.02.2019;54;2;57;28;18;52;29;44;13;51;24;17;11;30;58;10;55;19;14;32
3316;21.02.2019;8;37;40;5;39;19;35;38;31;49;24;9;32;6;54;16;57;21;7;22
3315;20.02.2019;60;38;40;50;18;41;22;21;23;43;47;12;51;4;44;2;7;17;10;32
3314;19.02.2019;29;23;25;31;38;5;46;36;52;44;17;8;20;60;37;34;42;3;56;33
3313;18.02.2019;2;24;10;19;27;57;17;54;20;6;8;25;45;12;32;35;7;5;40;51
3312;17.02.2019;40;55;27;46;36;58;6;34;24;17;4;23;14;51;26;59;42;21;39;38
3311;16.02.2019;57;28;20;44;45;59;38;48;30;2;26;52;19;55;46;60;5;22;17;11
3310;15.02.2019;43;46;37;54;1;35;60;2;32;48;39;21;45;28;59;19;31;47;17;50
3309;14.02.2019;24;32;39;29;36;58;13;18;46;33;47;16;1;14;5;2;48;57;22;40
3308;13.02.2019;46;10;48;4;40;11;58;19;52;31;1;7;14;24;59;28;26;20;33;25
3307;12.02.2019;51;56;50;26;4;8;10;45;5;54;29;38;27;49;28;25;52;15;40;21
3306;11.02.2019;30;60;3;9;45;40;29;44;21;58;52;49;16;14;59;32;20;18;54;31
3305;10.02.2019;52;45;18;41;1;31;7;19;20;21;22;27;48;39;30;42;34;36;53;51
3304;09.02.2019;58;3;24;9;57;15;28;54;51;32;14;16;44;40;50;39;34;4;8;1
3303;08.02.2019;13;60;47;1;57;42;59;25;53;52;21;10;32;6;26;54;48;9;24;11
3302;07.02.2019;13;51;58;30;29;24;22;57;31;23;54;15;1;37;19;43;35;26;59;9
3301;06.02.2019;38;27;9;24;35;7;2;21;40;51;50;33;8;25;3;1;32;6;20;5
3300;05.02.2019;5;16;55;21;46;12;23;59;9;11;4;38;18;48;24;49;13;22;43;58
3299;04.02.2019;27;25;45;23;35;17;33;29;31;26;58;43;8;30;2;52;49;28;40;12
3298;03.02.2019;21;20;27;46;44;12;37;13;53;1;17;10;49;7;41;28;35;45;39;2
3297;02.02.2019;28;36;33;21;59;35;60;10;25;32;48;37;7;55;1;3;8;26;51;40
3296;01.02.2019;36;57;1;38;4;28;47;17;49;11;53;20;55;58;54;9;51;18;3;50
3295;31.01.2019;17;36;14;48;30;58;7;47;12;15;31;37;18;29;27;10;25;28;19;5
3294;30.01.2019;6;48;35;55;57;27;45;17;50;10;28;30;20;4;39;34;29;37;31;24
3293;29.01.2019;34;55;54;59;3;18;8;2;53;50;21;20;10;1;9;30;47;37;35;45
3292;28.01.2019;44;56;17;13;42;55;33;9;45;6;40;39;5;18;25;59;53;30;54;23
3291;27.01.2019;10;50;7;43;20;44;59;3;16;41;21;52;38;55;29;30;49;6;22;60
3290;26.01.2019;50;4;32;52;26;44;16;48;59;13;21;41;39;1;18;10;5;9;7;40
3289;25.01.2019;29;24;2;46;18;49;39;25;57;4;60;10;7;41;21;3;43;56;11;6
3288;24.01.2019;14;36;25;51;40;50;12;5;44;35;10;48;16;26;3;39;30;24;47;31
3287;23.01.2019;57;30;20;4;14;38;3;44;22;25;1;28;11;23;2;19;51;33;35;47
3286;22.01.2019;11;41;25;20;22;52;36;46;10;15;37;54;23;30;50;58;28;57;48;32
3285;21.01.2019;22;52;15;34;31;14;56;27;30;8;25;4;41;46;42;5;24;21;17;57
3284;20.01.2019;18;28;5;59;19;16;13;44;14;40;30;8;55;9;31;60;20;29;58;11
3283;19.01.2019;4;30;13;33;10;54;34;36;12;59;11;3;29;26;58;48;46;41;8;17
3282;18.01.2019;55;52;17;35;41;19;24;28;59;56;45;40;8;54;34;25;9;5;57;16
3281;17.01.2019;23;57;49;40;1;56;6;25;11;29;35;20;3;24;41;47;18;37;9;55
3280;16.01.2019;37;29;59;23;2;24;28;8;17;12;31;52;32;35;34;41;60;54;20;43
3279;15.01.2019;19;24;54;17;47;35;30;59;29;6;53;58;36;5;31;16;33;49;4;37
3278;14.01.2019;45;58;27;23;28;52;42;1;6;25;46;16;53;18;10;14;19;26;22;39
3277;13.01.2019;18;59;6;27;4;40;57;38;28;1;44;53;58;32;11;46;47;16;25;19
3276;12.01.2019;12;13;22;5;49;10;6;42;30;54;4;7;40;47;15;26;27;48;38;37
3275;11.01.2019;7;40;51;16;37;45;12;4;36;46;5;47;2;50;22;15;23;35;10;18
3274;10.01.2019;15;36;44;53;40;4;55;3;6;8;35;60;10;25;56;45;38;59;43;23
3273;09.01.2019;27;15;44;42;58;40;8;5;12;13;52;18;33;37;35;51;32;54;41;56
3272;08.01.2019;12;6;55;53;42;20;58;21;14;19;32;11;9;13;30;4;16;34;31;35
3271;07.01.2019;1;42;57;37;5;4;11;10;51;44;17;6;58;53;27;24;9;56;40;32
3270;06.01.2019;23;5;4;34;50;30;29;15;12;26;41;39;40;9;57;38;46;6;1;3
3269;05.01.2019;49;52;39;56;9;16;41;6;40;28;59;50;45;7;2;58;27;17;18;53
3268;04.01.2019;23;55;11;34;48;36;35;12;1;22;13;39;17;2;52;16;26;42;49;43
3267;03.01.2019;30;11;57;1;15;45;27;47;29;3;13;54;49;36;2;60;56;53;17;34
3266;02.01.2019;32;12;44;42;17;60;8;58;31;39;10;27;53;15;52;25;18;54;20;30
3265;01.01.2019;25;41;14;19;31;55;27;56;58;12;7;51;2;10;28;26;34;17;60;52
3264;31.12.2018;11;34;58;37;57;36;32;48;25;16;47;14;10;46;21;53;7;33;40;43
3263;30.12.2018;26;24;11;34;13;10;43;47;29;22;33;36;19;41;30;27;32;25;56;48
3262;29.12.2018;35;1;47;8;49;17;43;52;9;39;27;24;10;12;6;57;51;29;55;20
3261;28.12.2018;36;58;14;44;55;48;35;43;2;57;51;45;37;15;27;53;23;46;8;40
3260;27.12.2018;8;51;49;52;21;57;18;43;30;28;12;59;24;31;23;33;25;58;10;11
3259;26.12.2018;38;60;18;35;51;55;3;21;6;43;52;46;48;5;25;31;45;29;40;59
3258;25.12.2018;33;5;19;29;22;35;58;20;51;14;40;6;7;45;1;16;21;43;46;11
3257;24.12.2018;21;45;59;53;28;7;35;38;48;57;41;9;27;23;50;54;6;19;39;12
3256;23.12.2018;29;3;60;1;56;30;35;37;53;33;14;41;48;42;31;44;22;19;46;49
3255;22.12.2018;20;49;11;1;13;7;33;19;21;58;23;27;56;8;15;48;25;16;60;39
3254;21.12.2018;27;42;41;24;14;11;56;46;54;1;45;57;26;37;22;4;17;5;15;18
3253;20.12.2018;30;11;16;3;56;31;23;36;7;48;51;18;42;40;19;43;29;20;2;25
3252;19.12.2018;37;13;7;8;40;29;4;3;41;50;45;44;11;47;32;51;28;43;57;48
3251;18.12.2018;16;25;13;60;50;43;2;21;46;28;3;20;4;10;49;41;30;9;45;38
3250;17.12.2018;32;58;16;3;53;51;38;40;55;54;50;57;34;46;21;29;45;6;23;7
3249;16.12.2018;1;54;60;6;5;47;8;36;29;19;49;56;45;11;32;3;44;22;42;55
3248;15.12.2018;14;33;28;50;59;56;34;51;7;3;52;2;37;30;44;48;23;45;55;53
3247;14.12.2018;5;56;18;14;6;15;30;23;38;24;19;4;54;52;47;22;20;48;27;1
3246;13.12.2018;57;51;20;26;35;11;55;22;54;18;5;45;25;50;29;27;59;37;48;60
3245;12.12.2018;8;33;10;57;53;24;28;17;35;30;51;2;42;46;16;47;60;32;50;12
3244;11.12.2018;53;20;13;25;49;15;26;5;37;51;55;57;36;41;59;21;10;33;50;23
3243;10.12.2018;15;55;20;36;40;54;45;34;35;14;13;12;30;27;31;1;37;25;6;58
3242;09.12.2018;15;36;42;31;10;11;51;23;53;52;41;33;8;1;9;58;19;22;12;54
3241;08.12.2018;31;55;32;27;25;34;56;9;59;23;57;58;47;26;43;8;41;39;29;20
3240;07.12.2018;36;42;4;49;7;13;33;44;16;12;39;19;54;52;10;24;60;5;45;8
3239;06.12.2018;41;39;31;11;18;8;4;23;22;34;48;27;10;25;40;33;21;49;6;30
3238;05.12.2018;43;49;3;59;54;14;30;11;8;1;6;19;57;28;20;60;25;45;4;48
3237;04.12.2018;5;16;19;37;44;55;27;31;21;46;8;57;23;52;40;33;4;9;42;12
3236;03.12.2018;50;51;45;58;52;15;29;17;33;35;10;48;44;41;38;53;6;23;59;20
3235;02.12.2018;19;46;37;6;36;10;28;48;4;45;25;59;30;57;18;49;17;55;40;51
3234;01.12.2018;29;36;34;19;11;53;3;18;12;5;54;44;17;16;21;10;2;42;31;45
3233;30.11.2018;47;7;53;18;30;41;57;19;32;35;5;42;20;3;26;49;27;15;58;11
3232;29.11.2018;45;7;21;28;58;29;23;20;39;48;44;14;5;12;22;51;33;19;18;35
3231;28.11.2018;56;50;33;9;51;32;27;57;21;18;2;1;31;25;8;59;42;11;36;14
3230;27.11.2018;59;1;53;10;39;20;17;31;33;28;9;23;51;22;41;48;3;24;2;19
3229;26.11.2018;49;8;28;54;58;17;59;15;48;60;20;5;45;39;51;55;27;7;42;50
3228;25.11.2018;38;18;14;17;10;11;57;21;59;23;25;54;47;37;6;19;30;20;55;15
3227;24.11.2018;24;15;45;27;46;31;33;5;48;11;52;17;35;49;28;47;12;51;41;29
3226;23.11.2018;14;28;6;10;23;20;2;49;24;39;44;38;33;50;56;4;13;19;8;43
3225;22.11.2018;37;56;9;59;2;47;57;36;28;52;29;12;33;46;26;39;19;8;23;18
3224;21.11.2018;44;57;45;41;58;28;27;31;55;46;12;9;19;60;50;1;51;43;32;56
3223;20.11.2018;9;26;20;52;27;53;21;44;42;34;28;39;50;8;25;29;48;14;13;60
3222;19.11.2018;32;21;39;16;23;3;51;53;27;6;33;52;17;50;12;15;1;28;20;49
3221;18.11.2018;30;6;39;21;60;54;46;5;33;23;12;56;47;9;58;37;48;34;31;40
3220;17.11.2018;26;47;46;54;42;1;21;31;57;33;7;2;8;6;9;24;48;39;20;28
3219;16.11.2018;53;35;2;41;13;25;50;14;8;19;43;18;1;4;16;30;42;38;21;5
3218;15.11.2018;49;42;10;14;23;43;28;2;33;50;39;16;29;8;3;37;35;18;51;20
3217;14.11.2018;54;41;38;49;8;3;36;7;28;37;56;45;32;2;9;31;50;21;55;59
3216;13.11.2018;21;54;23;26;17;42;35;53;55;13;33;14;60;52;5;18;43;7;12;41
3215;12.11.2018;41;14;6;55;25;17;27;43;24;45;30;57;7;50;15;31;29;3;38;4
3214;11.11.2018;53;17;25;37;31;51;26;2;58;19;20;28;41;56;15;35;34;39;44;33
3213;10.11.2018;8;48;25;13;39;32;41;17;42;55;16;3;46;37;59;56;14;53;33;35
3212;09.11.2018;46;2;3;55;21;12;41;59;6;49;54;44;16;25;35;20;60;4;15;57
3211;08.11.2018;55;5;2;34;31;30;37;45;18;21;32;20;51;41;49;40;9;33;26;11
3210;07.11.2018;50;41;19;18;25;26;17;32;56;53;38;60;31;12;54;4;28;59;55;40
3209;06.11.2018;7;51;9;43;13;10;4;31;2;20;8;16;1;49;55;52;36;17;58;35
3208;05.11.2018;13;39;59;21;3;60;5;49;9;40;35;58;47;43;41;7;4;24;6;29
3207;04.11.2018;18;9;3;25;6;47;40;17;33;27;58;22;31;48;45;54;5;57;59;56
3206;03.11.2018;47;29;56;5;20;41;4;21;18;2;27;32;45;46;1;49;11;38;55;15
3205;02.11.2018;28;20;26;46;34;54;3;23;4;44;19;32;10;45;51;50;18;27;41;53
3204;01.11.2018;2;46;60;13;23;15;17;6;38;41;40;14;59;52;43;54;3;8;37;47
3203;31.10.2018;38;54;51;18;45;42;27;16;9;2;60;32;43;11;4;7;15;57;5;24
3202;30.10.2018;15;25;6;27;8;2;1;22;52;60;37;34;53;54;32;19;36;28;47;46
3201;29.10.2018;48;30;4;33;58;38;26;51;3;29;36;22;13;45;41;31;52;6;32;53
3200;28.10.2018;42;39;34;22;18;56;25;26;24;44;4;48;38;9;54;60;29;33;30;41
3199;27.10.2018;41;21;20;7;48;34;49;35;60;55;13;32;53;56;40;33;17;31;54;38
3198;26.10.2018;47;10;27;4;43;23;46;56;2;42;11;49;39;51;25;36;16;40;58;9
3197;25.10.2018;5;25;38;40;1;23;32;21;53;54;49;4;33;31;28;48;47;3;50;26
3196;24.10.2018;58;44;50;59;34;12;24;27;46;4;18;57;13;19;38;14;32;52;48;15
3195;23.10.2018;38;24;16;14;13;48;15;56;52;36;21;11;43;10;19;4;28;18;46;39
3194;22.10.2018;10;23;9;25;53;55;17;41;6;47;57;19;58;24;39;45;16;38;48;26
3193;21.10.2018;54;23;2;9;15;55;20;7;16;56;28;31;52;17;42;5;44;34;38;45
3192;20.10.2018;55;8;36;44;24;23;10;41;46;29;12;52;28;3;30;51;59;4;49;15
3191;19.10.2018;21;36;16;40;44;55;34;5;23;27;37;51;4;33;48;39;11;19;52;3
3190;18.10.2018;59;38;56;8;22;30;46;44;4;25;35;10;1;14;19;20;23;11;16;40
3189;17.10.2018;5;50;12;34;27;7;57;25;30;56;1;2;4;17;55;14;53;52;58;8
3188;16.10.2018;37;32;52;6;49;24;12;40;9;46;30;31;18;22;50;26;10;35;25;7
3187;15.10.2018;19;46;7;17;51;42;33;34;38;44;13;11;2;23;39;53;58;36;47;45
3186;14.10.2018;33;46;38;50;5;58;2;22;56;30;20;4;37;55;25;48;35;60;31;29
3185;13.10.2018;32;10;20;23;45;34;28;39;50;46;52;2;47;56;15;13;3;22;54;8
3184;12.10.2018;24;48;58;59;46;8;49;1;13;35;39;31;44;17;56;60;45;11;29;34
3183;11.10.2018;53;7;35;20;28;40;50;17;3;22;13;44;26;29;52;38;15;10;8;57
3182;10.10.2018;46;23;25;21;24;13;31;26;27;5;9;40;30;57;14;4;7;54;33;52
3181;09.10.2018;8;41;14;23;9;50;35;3;56;55;7;1;38;43;4;15;44;2;18;12
3180;08.10.2018;55;25;16;53;13;11;20;24;22;34;4;26;58;2;33;3;6;35;21;51
3179;07.10.2018;2;12;34;13;46;32;27;10;20;30;1;42;23;36;48;24;26;41;37;55
3178;06.10.2018;8;3;44;57;1;10;58;24;15;12;43;29;19;47;9;35;7;36;23;25
3177;05.10.2018;13;29;46;58;17;12;15;53;24;38;43;9;48;41;51;42;47;4;3;23
3176;04.10.2018;46;24;26;54;50;18;19;12;8;5;31;27;34;35;33;16;2;44;45;11
3175;03.10.2018;2;35;10;40;45;4;60;30;36;25;46;1;26;44;24;11;43;38;29;39
3174;02.10.2018;22;56;31;33;48;49;1;16;44;47;19;12;20;7;17;54;35;13;41;29
3173;01.10.2018;7;4;55;29;27;14;39;45;32;56;11;51;5;23;49;26;17;20;13;28
3172;30.09.2018;4;54;57;17;47;50;22;10;14;42;38;36;28;29;37;23;41;13;5;46
3171;29.09.2018;51;57;27;8;41;20;6;29;59;38;31;13;3;39;15;35;43;48;22;47
3170;28.09.2018;48;24;32;60;57;30;29;6;35;54;11;39;25;14;17;58;18;10;27;50
3169;27.09.2018;1;17;56;45;37;42;59;9;49;4;60;14;25;43;15;40;35;54;30;50
3168;26.09.2018;27;14;1;56;55;26;34;40;16;31;37;17;5;6;22;52;53;33;20;48
3167;25.09.2018;4;10;54;34;56;15;58;30;26;42;24;27;11;51;2;45;14;28;31;18
3166;24.09.2018;24;43;27;22;47;57;45;10;23;53;50;30;3;32;59;2;25;31;42;20
3165;23.09.2018;39;18;50;26;33;23;48;27;58;19;53;57;55;24;56;54;25;45;10;47
3164;22.09.2018;27;44;41;35;31;48;11;58;15;20;38;49;34;30;36;4;24;6;3;29
3163;21.09.2018;39;32;5;19;47;51;25;27;17;30;26;46;34;52;12;20;38;41;54;49
3162;20.09.2018;36;30;5;37;2;43;28;15;60;32;29;21;57;35;34;49;9;25;51;40
3161;19.09.2018;32;6;51;37;35;4;30;53;38;36;48;47;27;58;1;41;7;8;13;52
3160;18.09.2018;33;24;49;45;53;18;52;23;20;26;2;7;8;54;1;15;3;12;22;43
3159;17.09.2018;6;37;35;14;1;18;26;41;51;46;12;15;16;55;13;30;17;60;52;29
3158;16.09.2018;3;42;56;13;43;29;7;14;25;45;34;24;16;15;37;59;10;46;23;19
3157;15.09.2018;39;34;15;29;57;25;56;26;24;40;4;23;59;18;51;16;3;17;45;50
3156;14.09.2018;33;46;2;7;49;38;17;12;26;20;5;43;21;1;34;13;11;36;19;31
3155;13.09.2018;12;56;44;49;23;7;51;43;4;32;22;18;34;46;35;47;59;33;36;1
3154;12.09.2018;59;39;56;6;21;1;46;55;33;15;11;54;23;12;52;41;49;57;50;42
3153;11.09.2018;44;11;46;7;21;36;48;26;57;47;60;50;23;19;5;8;27;12;43;33
3152;10.09.2018;12;48;56;25;33;31;54;18;8;34;17;16;26;35;9;59;10;52;39;58
3151;09.09.2018;28;12;32;5;53;7;33;25;56;39;31;10;20;24;30;1;11;38;57;42
3150;08.09.2018;40;54;37;48;35;20;60;45;23;55;29;56;52;21;14;5;27;19;43;25
3149;07.09.2018;41;35;40;54;25;57;14;56;37;10;55;2;13;43;59;47;4;44;48;46
3148;06.09.2018;20;40;37;36;18;11;26;44;38;53;46;49;30;12;24;23;22;15;4;34
3147;05.09.2018;22;28;26;48;43;59;6;55;27;12;10;58;41;18;11;24;46;30;17;49
3146;04.09.2018;34;39;28;55;53;3;32;48;22;9;31;50;36;30;37;5;21;16;19;20
3145;03.09.2018;16;40;21;52;31;47;48;8;51;36;19;58;2;13;18;50;44;45;25;23
3144;02.09.2018;55;42;53;4;9;27;10;54;31;24;45;2;40;16;29;26;52;14;23;32
3143;01.09.2018;37;59;53;10;51;47;19;17;39;52;15;13;56;16;20;7;55;44;32;29
3142;31.08.2018;58;6;13;51;1;22;42;7;21;50;16;35;12;14;25;19;34;49;46;27
3141;30.08.2018;43;29;20;28;6;41;59;35;42;49;52;5;1;14;11;46;12;8;57;60
3140;29.08.2018;8;20;16;37;28;5;48;33;18;34;50;27;15;55;17;43;11;1;29;44
3139;28.08.2018;35;2;21;31;14;34;37;59;38;4;18;16;25;26;3;50;44;46;29;19
3138;27.08.2018;12;44;24;14;4;5;42;43;28;41;40;13;38;25;6;27;19;35;2;7
3137;26.08.2018;50;35;16;59;24;29;9;26;51;48;54;15;22;21;3;34;45;42;36;37
3136;25.08.2018;35;26;3;53;33;22;45;27;30;38;49;8;44;60;52;43;37;7;41;21
3135;24.08.2018;53;24;23;56;40;33;52;31;18;21;46;42;6;44;49;45;7;47;26;22
3134;23.08.2018;43;32;11;53;49;4;46;30;48;16;26;28;24;38;54;8;41;18;29;9
3133;22.08.2018;55;30;4;54;12;57;24;18;6;48;25;5;56;43;42;17;46;28;14;40
3132;21.08.2018;12;26;17;44;43;39;37;38;23;14;45;13;5;59;54;29;7;28;31;21
3131;20.08.2018;59;18;42;57;23;4;27;16;24;56;46;35;41;45;44;8;7;60;49;6
3130;19.08.2018;10;37;34;5;8;7;23;16;19;35;57;39;1;25;6;42;12;15;55;47
3129;18.08.2018;47;10;34;2;31;7;33;44;18;20;12;25;17;4;27;24;22;6;60;59
3128;17.08.2018;57;38;60;8;4;41;27;43;21;24;58;2;55;39;20;22;48;59;12;54
3127;16.08.2018;52;37;33;23;15;24;50;59;1;43;53;56;25;6;13;14;46;3;31;22
3126;15.08.2018;36;10;32;35;3;9;49;25;38;5;53;33;31;39;28;45;1;4;43;6
3125;14.08.2018;38;29;39;50;53;49;22;23;56;54;19;2;48;60;27;52;11;17;41;31
3124;13.08.2018;41;10;20;57;4;9;39;40;26;55;7;2;33;30;49;11;5;32;53;18
3123;12.08.2018;24;48;37;10;52;51;60;53;7;30;40;17;29;55;19;11;43;15;46;44
3122;11.08.2018;31;41;21;11;42;30;48;59;3;53;51;12;60;13;6;28;38;4;35;17
3121;10.08.2018;46;52;12;60;11;33;19;35;18;25;47;2;3;9;53;41;48;50;54;44
3120;09.08.2018;32;27;31;56;47;44;58;11;13;37;9;35;19;17;2;30;48;36;43;21
3119;08.08.2018;24;9;15;40;11;36;56;39;4;43;42;25;54;10;1;44;22;59;55;51
3118;07.08.2018;6;19;55;1;32;15;60;21;8;44;3;12;47;36;40;35;52;59;26;33
3117;06.08.2018;3;22;9;56;49;15;43;4;13;25;24;11;59;14;28;20;8;51;53;38
3116;05.08.2018;49;3;33;48;9;31;26;20;28;58;43;59;36;8;13;47;40;11;15;53
3115;04.08.2018;32;42;1;44;54;20;23;39;38;25;50;12;45;28;11;53;57;59;40;48
3114;03.08.2018;20;2;46;1;6;32;55;57;4;56;22;11;41;3;58;13;17;43;29;49
3113;02.08.2018;28;7;22;4;15;19;45;47;57;49;16;23;27;34;48;17;52;32;29;58
3112;01.08.2018;49;48;58;25;41;44;38;34;22;53;33;28;19;26;39;11;12;52;47;5
3111;31.07.2018;54;35;5;36;39;42;16;23;44;41;24;56;18;29;60;52;46;13;43;2
3110;30.07.2018;24;44;15;22;10;55;12;33;50;7;32;21;60;42;29;48;18;41;38;47
3109;29.07.2018;22;37;15;17;41;31;7;8;26;59;29;57;25;13;11;20;34;12;33;38
3108;28.07.2018;17;60;39;43;40;57;42;19;7;26;51;9;20;33;18;59;24;1;11;22
3107;27.07.2018;42;19;59;32;56;29;9;48;50;10;27;16;17;1;55;41;49;23;14;40
3106;26.07.2018;56;25;8;9;23;35;51;50;17;7;38;3;26;11;1;57;45;29;5;22
3105;25.07.2018;1;28;40;19;25;26;36;8;32;46;21;29;33;14;44;3;56;31;15;55
3104;24.07.2018;25;35;21;53;34;22;28;51;36;12;31;44;50;49;59;3;14;29;38;54
3103;23.07.2018;52;23;53;39;3;24;38;41;36;31;35;30;25;28;59;47;1;57;54;34
3102;22.07.2018;55;32;46;10;12;4;9;24;25;33;54;31;7;30;43;23;47;2;18;27
3101;21.07.2018;51;10;55;24;30;37;56;52;9;50;2;20;17;28;19;11;29;23;58;31
3100;20.07.2018;13;59;60;55;12;8;51;2;1;21;45;47;34;52;17;36;50;7;16;42
3099;19.07.2018;43;4;34;5;32;28;26;42;33;25;19;3;58;29;37;14;9;27;50;16
3098;18.07.2018;7;49;42;56;43;2;12;13;35;38;18;41;11;37;26;1;3;30;58;15
3097;17.07.2018;1;6;40;3;11;50;17;5;59;21;55;22;34;8;9;53;49;23;35;7
3096;16.07.2018;15;43;55;18;37;35;16;49;33;23;44;1;12;58;53;22;47;60;34;27
3095;15.07.2018;4;35;14;42;27;2;41;1;52;36;56;16;20;45;58;40;50;8;48;22
3094;14.07.2018;24;28;35;32;56;7;30;46;16;34;29;37;36;9;3;22;45;25;57;17
3093;13.07.2018;34;28;38;16;49;50;48;56;36;23;18;1;29;58;2;8;5;35;15;57
3092;12.07.2018;16;1;57;56;60;34;37;41;54;5;33;43;36;17;14;45;59;51;10;35
3091;11.07.2018;56;41;54;45;8;57;37;51;20;15;48;33;38;23;58;24;17;12;60;34
3090;10.07.2018;1;52;32;50;25;24;20;42;53;60;9;47;10;27;26;12;35;14;4;38
3089;09.07.2018;23;9;52;2;4;18;19;49;26;33;56;3;12;1;37;20;59;11;54;60
3088;08.07.2018;40;57;37;22;32;10;3;4;16;49;11;2;60;47;39;21;23;19;18;51
3087;07.07.2018;39;41;10;40;24;17;16;6;53;33;4;8;45;32;20;56;29;42;28;60
3086;06.07.2018;7;47;16;24;38;54;3;12;39;1;37;19;59;9;25;22;20;53;23;10
3085;05.07.2018;51;38;16;15;24;37;31;42;28;19;56;2;29;59;57;52;23;36;10;5
3084;04.07.2018;45;31;11;21;41;58;59;46;25;15;26;6;49;32;13;47;1;55;20;57
3083;03.07.2018;9;46;28;49;29;26;51;30;6;32;60;1;10;5;25;7;39;33;42;2
3082;02.07.2018;42;10;37;48;9;12;54;59;21;24;46;5;36;27;34;35;56;40;49;39
3081;01.07.2018;44;53;28;6;48;33;38;35;8;50;58;27;11;45;55;43;20;32;47;54
3080;30.06.2018;38;14;22;29;2;36;53;58;32;49;37;55;26;5;6;34;28;43;27;35
3079;29.06.2018;34;41;15;6;21;35;11;16;25;54;40;8;10;49;23;26;44;56;58;18
3078;28.06.2018;60;1;26;22;44;16;13;14;30;56;48;18;58;5;42;57;21;41;25;6
3077;27.06.2018;11;12;39;21;18;54;1;16;13;56;35;44;41;15;17;45;55;53;40;49
3076;26.06.2018;31;60;49;23;59;36;21;5;18;27;7;15;32;41;17;13;30;11;4;22
3075;25.06.2018;57;27;28;11;52;51;56;9;20;32;48;53;29;10;14;22;21;23;19;59
3074;24.06.2018;14;50;47;29;9;51;54;26;44;59;19;43;34;5;37;10;45;16;35;52
3073;23.06.2018;10;59;49;44;58;54;2;52;46;1;38;55;28;16;17;36;50;45;60;48
3072;22.06.2018;59;32;18;44;57;34;42;36;7;11;22;12;3;16;54;45;47;52;4;19
3071;21.06.2018;9;52;33;34;47;1;36;43;40;7;28;3;53;13;27;12;41;39;38;58
3070;20.06.2018;25;48;24;26;21;9;4;52;5;6;3;28;47;29;58;45;15;19;10;18
3069;19.06.2018;20;9;38;43;42;32;3;47;27;10;45;34;60;24;52;12;54;59;49;6
3068;18.06.2018;60;17;11;43;1;24;15;48;39;54;19;8;33;55;3;29;46;16;20;26
3067;17.06.2018;58;24;2;18;55;15;37;23;8;59;43;12;46;20;10;7;9;36;50;4
3066;16.06.2018;10;40;60;28;21;46;5;22;45;44;58;20;2;56;16;39;13;41;18;43
3065;15.06.2018;37;9;23;22;3;59;44;7;34;49;42;4;46;17;5;28;31;2;52;54
3064;14.06.2018;2;1;39;60;17;54;42;22;46;58;36;59;5;27;18;30;10;47;41;57
3063;13.06.2018;22;26;24;52;59;45;9;14;43;21;48;18;38;44;30;6;31;5;56;29
3062;12.06.2018;3;35;53;7;15;54;22;28;46;52;18;55;30;50;24;11;33;48;39;19
3061;11.06.2018;39;9;40;3;24;60;29;41;2;7;16;50;52;44;13;36;53;59;32;15
3060;10.06.2018;60;1;45;6;29;40;31;35;24;51;15;26;27;30;33;18;20;13;50;14
3059;09.06.2018;41;10;18;22;54;32;36;28;1;57;6;33;3;30;11;16;42;56;23;43
3058;08.06.2018;50;5;22;58;1;53;23;54;9;20;40;27;39;44;4;7;51;24;38;60
3057;07.06.2018;50;15;34;57;21;18;3;4;5;13;45;7;1;40;51;17;23;48;6;11
3056;06.06.2018;21;16;34;4;43;58;28;59;2;44;39;53;27;26;31;23;11;60;52;17
3055;05.06.2018;29;20;30;56;31;45;47;44;32;26;22;21;16;35;8;53;18;40;42;13
3054;04.06.2018;41;59;33;13;36;44;47;55;16;28;48;45;50;58;6;52;46;60;42;30
3053;03.06.2018;13;7;40;45;37;15;25;58;2;8;44;53;20;55;33;19;26;54;34;27
3052;02.06.2018;28;6;30;35;51;34;8;27;53;33;41;55;59;47;18;56;48;39;50;24
3051;01.06.2018;1;36;43;47;32;52;2;56;28;30;35;7;10;16;45;46;53;23;15;27
3050;31.05.2018;27;15;13;37;31;46;49;51;40;2;55;60;53;28;52;19;48;1;12;41
3049;30.05.2018;23;35;54;6;13;2;45;15;38;46;59;52;4;28;14;60;20;36;16;27
3048;29.05.2018;52;60;45;25;17;6;57;56;33;9;14;40;35;44;51;47;43;10;38;42
3047;28.05.2018;56;42;1;26;2;21;24;8;43;16;15;50;31;38;39;60;48;34;57;20
3046;27.05.2018;33;58;14;36;28;50;10;18;7;51;25;43;39;46;13;19;1;6;59;40
3045;26.05.2018;53;60;59;31;9;41;45;1;54;18;11;27;5;48;10;40;57;14;52;4
3044;25.05.2018;57;30;50;47;45;35;18;44;49;26;31;29;27;21;6;58;17;53;48;33
3043;24.05.2018;40;38;39;44;51;37;7;43;48;26;14;60;46;11;25;9;13;33;12;10
3042;23.05.2018;1;20;40;35;10;18;44;59;2;26;25;4;3;43;48;28;29;23;15;19
3041;22.05.2018;29;52;40;8;54;48;19;20;27;53;2;41;56;15;9;22;43;49;12;26
3040;21.05.2018;40;4;9;52;37;32;21;6;41;26;44;57;49;53;58;25;54;43;27;15
3039;20.05.2018;14;7;51;33;57;45;2;46;27;26;15;21;43;49;24;12;40;56;30;8
3038;19.05.2018;18;48;23;43;35;47;31;29;33;22;32;6;41;30;16;58;51;55;20;53
3037;18.05.2018;23;17;58;12;29;49;28;59;60;4;40;11;26;7;54;41;56;32;52;50
3036;17.05.2018;48;23;27;30;58;20;33;2;12;57;59;47;8;4;14;50;6;25;44;54
3035;16.05.2018;36;16;35;58;24;13;14;4;50;10;41;32;26;60;27;45;55;9;46;8
3034;15.05.2018;54;23;35;52;48;20;49;8;1;31;34;45;25;40;2;43;55;33;42;18
3033;14.05.2018;45;37;40;46;52;35;16;48;44;28;9;23;54;55;8;10;39;42;25;21
3032;13.05.2018;21;51;23;7;11;1;46;40;36;12;35;29;52;38;41;57;28;44;8;42
3031;12.05.2018;59;20;31;26;11;28;46;55;35;7;6;15;57;52;4;40;30;21;54;39
3030;11.05.2018;36;2;58;59;16;44;54;33;56;14;42;51;37;46;43;19;52;49;38;40
3029;10.05.2018;26;30;40;58;5;53;45;19;4;57;3;10;21;36;50;6;48;51;52;16
3028;09.05.2018;28;50;8;12;9;32;46;44;48;20;45;21;10;52;24;18;55;47;57;25
3027;08.05.2018;10;51;52;4;46;18;15;38;50;42;9;56;16;54;41;8;19;32;33;45
3026;07.05.2018;55;14;23;24;51;16;29;7;48;21;18;3;22;32;10;47;49;30;53;25
3025;06.05.2018;45;57;56;14;9;20;34;39;47;37;48;18;41;17;6;1;38;7;36;3
3024;05.05.2018;58;43;3;20;52;48;7;37;38;6;33;14;22;24;50;21;47;13;2;39
3023;04.05.2018;42;16;10;12;41;33;28;3;17;5;20;37;27;22;23;4;30;46;26;54
3022;03.05.2018;11;21;55;37;58;53;17;16;5;30;18;22;19;38;41;59;34;35;32;50
3021;02.05.2018;30;58;4;41;40;35;10;38;54;45;3;6;21;25;46;5;27;48;12;53
3020;01.05.2018;4;53;10;15;24;16;54;8;44;40;7;6;45;11;47;29;49;23;9;52
3019;30.04.2018;12;5;38;40;15;37;29;28;24;55;54;58;52;13;60;45;48;21;56;22
3018;29.04.2018;20;48;42;12;50;52;1;3;26;6;58;13;11;10;32;36;35;7;31;19
3017;28.04.2018;21;60;11;59;30;40;58;16;32;41;50;31;6;36;54;28;13;17;23;27
3016;27.04.2018;11;9;7;26;18;59;42;57;14;32;49;22;21;58;44;17;34;25;56;23
3015;26.04.2018;41;6;14;19;45;44;52;11;13;42;28;16;48;8;35;5;18;38;47;2
3014;25.04.2018;43;20;7;14;29;58;19;44;24;39;16;55;38;47;40;22;21;5;57;2
3013;24.04.2018;55;7;2;50;39;41;3;52;43;58;4;49;23;12;45;30;25;60;46;13
3012;23.04.2018;53;33;26;40;46;39;30;48;32;1;22;41;29;56;18;25;35;34;55;12
3011;22.04.2018;27;35;48;36;4;3;47;34;31;7;45;39;38;24;6;17;10;54;15;37
3010;21.04.2018;10;23;15;36;7;5;22;11;19;3;55;47;20;53;44;33;16;57;27;42
3009;20.04.2018;15;51;21;14;52;37;46;1;7;42;58;19;54;56;8;9;5;59;30;44
3008;19.04.2018;52;50;14;37;12;8;59;27;25;29;21;9;23;16;44;43;33;49;15;57
3007;18.04.2018;34;19;28;33;51;42;3;38;56;58;5;1;9;26;54;17;13;48;27;49
3006;17.04.2018;12;48;49;47;1;32;8;56;2;23;39;50;54;21;14;9;27;33;13;53
3005;16.04.2018;16;6;1;43;14;36;44;45;59;12;52;60;20;21;34;35;37;53;15;29
3004;15.04.2018;43;3;1;47;20;5;58;15;17;23;56;37;9;33;13;25;10;59;44;6
3003;14.04.2018;21;45;26;14;41;6;46;38;23;3;10;1;9;37;22;24;49;31;17;58
3002;13.04.2018;35;28;11;17;55;8;47;2;29;46;54;50;4;26;6;56;59;60;31;44
3001;12.04.2018;26;9;12;57;18;60;58;27;2;39;37;54;52;38;14;24;21;3;50;35
3000;11.04.2018;60;16;43;32;34;40;31;3;53;49;11;28;30;22;15;14;4;48;45;24
2999;10.04.2018;17;52;1;58;29;19;53;23;41;11;36;16;59;3;28;33;39;10;45;38
2998;09.04.2018;43;14;19;20;16;52;30;45;49;50;36;6;46;2;40;32;44;33;18;60
2997;08.04.2018;2;52;60;16;28;58;12;23;54;57;14;5;30;48;17;13;8;24;20;37
2996;07.04.2018;12;32;9;51;60;18;59;55;28;48;46;37;47;29;40;25;8;54;1;24
2995;06.04.2018;58;20;31;56;5;47;21;33;35;29;52;49;37;26;12;51;16;9;10;13
2994;05.04.2018;46;2;24;34;28;25;1;45;52;8;54;35;21;43;3;60;18;47;22;14
2993;04.04.2018;13;18;31;49;4;10;22;32;47;33;42;30;1;36;7;15;55;25;9;5
2992;03.04.2018;44;3;52;50;21;5;17;19;35;30;45;15;22;42;41;11;37;56;53;51
2991;02.04.2018;47;9;33;16;18;43;24;42;4;37;31;12;38;6;5;17;59;51;13;28
2990;01.04.2018;60;46;36;48;31;24;47;57;16;1;56;21;52;32;43;19;35;13;30;49
2989;31.03.2018;1;2;56;41;54;39;55;43;49;29;42;11;3;31;45;38;37;16;36;12
2988;30.03.2018;49;21;14;7;38;37;53;40;8;25;50;12;4;52;57;58;16;2;32;3
2987;29.03.2018;2;56;47;13;20;60;33;27;38;41;17;55;51;8;34;18;10;5;46;19
2986;28.03.2018;5;25;37;9;4;54;22;48;19;49;11;58;8;32;51;57;28;23;53;10
2985;27.03.2018;46;31;9;58;2;51;17;35;16;36;3;30;8;45;47;48;11;20;4;53
2984;26.03.2018;37;20;42;1;52;34;54;19;12;3;39;23;5;6;14;25;4;21;60;27
2983;25.03.2018;26;44;4;46;48;13;12;3;59;20;54;23;28;36;18;16;58;47;10;56
2982;24.03.2018;44;21;18;17;10;29;32;39;5;47;41;58;9;2;20;34;31;42;43;1
2981;23.03.2018;11;43;16;32;52;51;8;13;25;60;28;46;5;7;24;55;56;9;54;30
2980;22.03.2018;13;10;46;25;60;9;59;19;5;40;30;43;8;29;44;12;53;38;24;50
2979;21.03.2018;10;38;46;56;57;31;19;21;58;40;44;9;17;1;20;51;30;35;49;41
2978;20.03.2018;41;54;21;53;24;50;5;3;16;48;45;44;8;1;58;20;33;2;18;7
2977;19.03.2018;12;55;54;38;19;32;9;5;13;34;23;15;45;60;11;46;33;44;7;47
2976;18.03.2018;20;57;53;21;51;8;49;50;5;9;46;30;18;7;52;1;48;17;4;40
2975;17.03.2018;19;8;21;57;51;18;9;22;43;2;12;42;46;28;31;52;58;37;6;14
2974;16.03.2018;53;59;29;24;33;31;44;1;10;49;55;51;40;58;46;11;56;19;13;43
2973;15.03.2018;7;18;11;45;56;53;15;1;51;60;3;48;40;2;47;24;4;14;39;16
2972;14.03.2018;33;27;19;32;25;11;51;48;39;16;12;4;50;6;3;22;7;23;52;57
2971;13.03.2018;35;28;58;13;46;53;56;44;55;7;51;4;3;49;1;12;32;59;29;60
2970;12.03.2018;21;44;59;36;10;5;18;6;27;54;38;40;45;34;24;33;32;58;13;60
2969;11.03.2018;21;45;15;23;11;13;54;44;41;30;36;22;47;4;32;2;34;8;9;5
2968;10.03.2018;47;23;32;30;11;28;35;58;37;38;44;41;55;1;20;39;51;16;3;45
2967;09.03.2018;47;24;15;27;19;14;39;52;28;3;37;31;48;56;55;51;26;30;59;4
2966;08.03.2018;3;33;56;18;44;42;8;12;10;47;39;21;51;53;14;35;38;24;2;25
2965;07.03.2018;46;56;43;35;58;19;21;57;31;20;44;7;17;37;48;54;40;4;36;6
2964;06.03.2018;43;55;35;41;27;25;14;59;18;28;40;54;21;3;24;37;23;9;16;6
2963;05.03.2018;47;41;14;27;36;42;15;11;32;56;29;55;48;31;20;33;19;26;57;37
2962;04.03.2018;15;5;8;27;24;4;38;32;49;52;40;60;42;3;43;46;20;53;37;41
2961;03.03.2018;18;29;56;6;8;39;4;16;3;55;7;14;52;47;53;9;60;40;21;20
2960;02.03.2018;19;56;16;31;38;21;2;9;57;44;50;1;18;24;29;26;12;48;30;36
2959;01.03.2018;3;43;44;33;50;31;21;53;2;26;5;23;1;35;55;20;22;24;17;54
2958;28.02.2018;49;36;21;17;9;33;31;38;45;51;43;41;10;54;59;34;30;26;47;48
2957;27.02.2018;41;34;59;55;4;35;25;44;51;26;11;56;28;45;40;32;17;49;24;7
2956;26.02.2018;40;41;11;47;50;27;56;59;18;23;2;31;21;54;9;36;7;30;25;39
2955;25.02.2018;21;47;11;57;7;6;60;32;39;13;26;14;54;31;45;37;1;50;36;48
2954;24.02.2018;14;37;10;57;9;18;7;42;35;56;55;26;49;59;36;22;33;21;45;24
2953;23.02.2018;54;21;49;12;30;20;32;38;6;13;53;37;60;50;16;40;22;46;15;45
2952;22.02.2018;13;53;50;39;51;10;17;1;49;29;43;7;60;58;3;42;15;27;40;8
2951;21.02.2018;1;23;39;25;31;11;52;21;27;60;56;26;42;20;8;58;14;57;24;13
2950;20.02.2018;10;26;13;46;11;19;9;29;33;41;22;57;5;50;27;21;17;52;44;30
2949;19.02.2018;14;60;32;49;23;59;40;58;26;54;9;12;27;30;5;52;34;36;19;21
2948;18.02.2018;55;16;22;28;25;41;31;7;33;4;52;14;11;48;57;12;2;24;53;26
2947;17.02.2018;47;55;16;28;60;44;15;8;25;37;18;17;53;54;34;14;41;23;22;4
2946;16.02.2018;45;55;16;31;15;37;29;3;40;53;1;28;39;51;60;32;38;41;24;5
2945;15.02.2018;14;13;37;27;25;11;34;30;51;23;39;16;48;2;6;43;29;18;5;44
2944;14.02.2018;35;11;34;2;3;25;20;19;6;41;49;28;21;24;30;58;26;48;15;12
2943;13.02.2018;25;41;51;28;6;49;26;4;54;29;11;34;24;52;1;59;19;3;38;32
2942;12.02.2018;23;49;30;55;56;44;52;54;15;47;13;32;18;50;53;51;4;60;29;6
2941;11.02.2018;12;51;22;31;15;19;14;13;8;9;40;11;55;42;29;41;43;44;6;17
2940;10.02.2018;12;8;34;48;4;54;60;18;52;23;28;7;16;29;57;45;26;13;25;42
2939;09.02.2018;25;40;52;1;15;50;44;21;28;4;29;42;33;14;32;23;51;57;37;54
2938;08.02.2018;36;2;29;5;18;26;24;1;39;25;54;45;4;23;7;32;27;49;53;42
2937;07.02.2018;43;8;6;22;23;21;20;19;28;46;34;40;44;3;5;36;10;32;15;59
2936;06.02.2018;19;1;58;10;28;5;55;36;9;26;24;47;31;17;3;21;8;60;14;38
2935;05.02.2018;22;20;18;33;52;40;37;42;2;12;48;15;47;45;26;30;25;9;29;60
2934;04.02.2018;45;42;52;11;25;21;19;36;16;38;20;58;28;32;48;15;7;41;29;5
2933;03.02.2018;55;13;3;34;46;24;33;14;37;7;27;44;56;39;38;53;18;52;17;57
2932;02.02.2018;4;26;27;8;11;25;45;5;42;44;3;30;31;54;20;35;60;2;46;52
2931;01.02.2018;4;38;7;49;44;14;24;17;57;54;50;2;21;5;55;9;40;35;60;59
2930;31.01.2018;4;35;60;45;49;44;2;13;58;3;15;17;33;11;47;21;16;29;53;50
2929;30.01.2018;48;28;7;60;42;51;35;19;6;56;12;21;37;39;26;41;45;50;36;8
2928;29.01.2018;14;16;55;25;2;29;59;4;42;6;46;57;43;39;26;52;44;47;60;18
2927;28.01.2018;24;43;33;22;52;44;50;55;53;48;27;59;13;2;8;57;12;5;25;35
2926;27.01.2018;31;42;48;53;36;12;8;29;11;15;19;54;30;5;21;2;44;55;18;32
2925;26.01.2018;34;29;42;50;56;58;25;18;57;10;55;40;17;39;37;60;59;19;38;24
2924;25.01.2018;28;27;24;55;13;38;51;3;40;34;16;39;57;19;49;30;9;52;7;21
2923;24.01.2018;29;8;53;3;39;10;11;13;7;56;47;49;54;58;5;59;23;48;60;16
2922;23.01.2018;59;32;23;17;58;6;15;55;49;24;54;56;25;42;20;43;44;52;38;45
2921;22.01.2018;16;21;48;45;11;55;18;41;57;1;60;44;33;43;26;5;22;39;6;14
2920;21.01.2018;22;31;40;15;19;1;25;49;52;11;53;45;18;46;27;2;10;50;55;6
2919;20.01.2018;36;35;24;46;48;16;27;41;3;57;39;9;5;13;21;20;45;60;6;7
2918;19.01.2018;32;17;14;9;12;23;15;42;54;1;30;53;52;34;55;41;37;50;13;5
2917;18.01.2018;16;1;4;58;53;19;32;14;44;48;54;9;17;27;8;40;55;28;3;21
2916;17.01.2018;55;52;43;21;24;18;23;58;48;42;8;36;49;59;11;50;44;12;38;15
2915;16.01.2018;36;44;25;48;12;16;6;33;40;3;8;35;11;39;26;7;38;23;14;10
2914;15.01.2018;52;27;60;7;11;56;25;57;12;1;23;19;30;46;21;32;9;50;49;17
2913;14.01.2018;2;17;26;46;60;18;50;58;9;7;29;27;4;12;28;51;48;6;42;39
2912;13.01.2018;39;2;44;46;3;20;23;31;7;50;9;38;5;57;60;29;40;41;32;13
2911;12.01.2018;43;55;18;3;17;8;11;42;53;13;60;46;38;40;52;59;37;36;54;39
2910;11.01.2018;48;39;3;2;52;51;5;37;19;58;13;18;12;6;7;59;20;17;36;53
2909;10.01.2018;4;31;35;28;23;32;7;34;38;57;43;54;5;17;20;44;18;29;26;45
2908;09.01.2018;27;30;49;39;52;37;26;17;10;18;41;29;32;45;14;8;23;46;28;5
2907;08.01.2018;14;33;47;39;31;4;2;7;43;38;17;8;27;24;16;59;13;37;25;3
2906;07.01.2018;28;30;57;37;15;9;19;17;33;32;38;60;50;45;51;43;56;21;53;49
2905;06.01.2018;59;43;27;51;4;30;18;50;47;17;53;57;14;19;55;7;1;6;39;32
2904;05.01.2018;8;10;5;26;16;1;15;39;49;14;37;45;20;52;47;51;4;2;13;25
2903;04.01.2018;6;22;48;59;28;60;43;17;13;39;32;50;40;33;8;23;16;41;52;55
2902;03.01.2018;39;12;44;22;11;29;33;16;35;41;26;40;51;47;57;50;43;17;19;15
2901;02.01.2018;56;9;44;34;29;20;37;31;16;54;2;55;4;39;24;49;38;23;5;53
2900;01.01.2018;51;29;30;34;59;33;40;41;13;57;60;52;25;50;47;24;48;46;31;37
2899;31.12.2017;40;29;32;34;33;15;35;54;58;23;50;17;14;53;21;11;9;56;25;5
2898;30.12.2017;13;54;23;3;18;25;40;7;48;37;27;41;6;55;4;49;60;38;43;39
2897;29.12.2017;22;24;54;6;2;48;40;42;23;19;7;44;56;38;52;39;51;45;31;43
2896;28.12.2017;48;53;18;25;39;58;6;16;40;11;9;20;17;30;41;49;13;38;31;23
2895;27.12.2017;55;46;22;10;9;37;23;14;2;30;28;6;18;29;32;20;8;34;5;21
2894;26.12.2017;32;57;45;31;46;24;56;2;26;25;34;5;9;48;44;36;42;21;13;12
2893;25.12.2017;5;10;44;24;9;46;22;52;47;31;33;59;60;39;6;18;48;29;45;49
2892;24.12.2017;53;20;30;22;46;54;52;18;56;2;48;27;6;38;60;34;4;41;57;36
2891;23.12.2017;3;20;27;60;18;39;45;9;52;1;46;59;54;28;55;7;5;16;11;44
2890;22.12.2017;13;54;9;51;38;58;55;47;19;46;31;57;33;28;40;5;3;10;50;6
2889;21.12.2017;35;14;31;55;44;26;47;10;12;45;36;24;16;59;41;9;53;43;39;54
2888;20.12.2017;3;48;58;49;42;39;40;35;32;29;15;43;30;34;53;18;4;36;13;25
2887;19.12.2017;11;53;19;48;3;23;26;34;42;10;18;58;7;30;32;13;29;33;16;6
2886;18.12.2017;4;25;34;54;35;30;17;58;59;38;56;24;31;60;48;20;27;18;43;41
2885;17.12.2017;11;46;56;59;14;34;33;9;51;44;27;13;47;18;17;4;20;16;35;57
2884;16.12.2017;49;27;32;28;51;20;12;48;37;52;60;40;23;13;18;15;22;46;54;25
2883;15.12.2017;53;39;58;2;5;49;11;34;40;51;52;55;7;28;23;4;9;18;20;37
2882;14.12.2017;40;13;2;37;12;56;57;35;38;23;58;17;14;33;45;22;46;26;10;4
2881;13.12.2017;33;51;57;39;42;16;5;13;58;17;46;56;38;45;12;23;55;24;43;1
2880;12.12.2017;41;14;12;22;60;55;54;2;56;1;52;4;3;40;27;37;43;51;28;26
2879;11.12.2017;7;1;55;5;36;38;17;41;25;14;22;21;30;34;12;3;15;2;27;6
2878;10.12.2017;8;37;44;10;21;29;40;57;45;11;3;16;38;30;22;24;19;52;18;28
2877;09.12.2017;19;22;25;4;37;35;18;47;50;36;9;41;17;39;23;57;11;6;27;20
2876;08.12.2017;28;11;16;40;48;7;35;9;13;33;32;6;2;56;60;1;10;58;36;21
2875;07.12.2017;28;9;1;19;60;58;59;55;57;11;53;15;35;6;52;4;34;47;14;48
2874;06.12.2017;26;6;28;59;36;43;7;17;2;10;60;16;35;38;18;27;37;50;11;41
2873;05.12.2017;12;48;9;30;51;58;59;8;24;35;45;56;13;38;10;21;60;14;50;53
2872;04.12.2017;10;24;13;57;47;39;45;14;25;36;53;23;49;40;2;28;46;29;7;42
2871;03.12.2017;32;51;33;12;38;27;28;2;45;37;41;55;1;40;29;60;20;10;11;35
2870;02.12.2017;42;22;16;55;49;57;50;13;35;10;33;9;17;7;52;2;5;41;54;31
2869;01.12.2017;55;54;27;19;59;8;48;18;21;5;35;52;60;22;41;10;13;14;11;47
2868;30.11.2017;49;28;5;29;54;15;32;9;51;25;30;35;20;60;26;33;17;19;8;22
2867;29.11.2017;7;26;11;22;47;25;31;39;42;20;1;18;43;17;19;40;58;60;8;59
2866;28.11.2017;54;16;11;2;59;52;39;35;47;20;60;37;22;3;18;51;14;31;44;48
2865;27.11.2017;44;50;20;13;28;56;31;45;18;11;12;49;51;43;24;42;55;3;27;35
2864;26.11.2017;53;45;14;48;57;43;30;9;6;31;59;11;21;47;33;60;55;18;44;32
2863;25.11.2017;27;46;20;9;60;19;39;11;32;14;49;47;22;50;45;51;54;16;26;2
2862;24.11.2017;22;45;36;18;26;31;14;1;44;12;20;39;57;24;34;40;27;2;17;3
2861;23.11.2017;50;57;56;15;16;44;42;1;29;19;2;3;14;48;11;12;51;4;41;28
2860;22.11.2017;51;28;41;7;22;2;20;10;39;27;18;55;5;57;38;36;60;45;16;42
2859;21.11.2017;4;47;31;57;42;7;1;33;51;19;13;14;54;10;18;59;34;48;38;55
2858;20.11.2017;58;19;31;4;49;60;43;35;56;53;14;39;24;6;2;44;46;48;52;26
2857;19.11.2017;9;58;41;40;48;27;26;11;14;56;57;7;42;60;21;3;4;33;43;25
2856;18.11.2017;46;44;48;56;58;5;50;33;19;3;26;14;27;57;4;52;35;41;2;1
2855;17.11.2017;8;1;23;12;55;25;41;51;57;26;16;20;40;28;9;29;14;35;60;19
2854;16.11.2017;39;3;53;44;26;59;29;22;57;30;17;34;15;14;45;31;47;54;28;23
2853;15.11.2017;21;46;26;31;52;24;19;4;58;59;9;40;33;23;22;7;35;12;11;37
2852;14.11.2017;19;23;8;50;40;7;18;20;46;53;21;16;42;22;37;17;29;24;52;41
2851;13.11.2017;56;33;5;47;4;45;9;16;46;13;37;48;49;3;25;39;8;21;17;52
2850;12.11.2017;21;10;17;34;37;42;26;40;57;16;38;32;41;36;58;45;5;19;12;20
2849;11.11.2017;29;52;56;58;12;46;1;34;13;7;37;11;32;4;54;19;30;9;27;59
2848;10.11.2017;46;7;22;17;48;2;34;54;6;52;4;45;31;60;57;15;43;25;56;16
2847;09.11.2017;7;60;43;5;16;50;54;46;36;8;11;2;55;27;49;24;47;20;28;25
2846;08.11.2017;17;20;6;9;29;26;16;54;22;3;21;27;59;31;52;47;8;44;23;1
2845;07.11.2017;39;26;34;7;59;41;14;6;60;13;1;30;52;15;21;24;4;3;46;54
2844;06.11.2017;4;18;5;26;52;17;2;38;31;32;27;20;22;13;11;49;23;59;21;15
2843;05.11.2017;34;57;30;27;51;18;36;28;31;35;49;50;1;5;22;23;7;42;60;39
2842;04.11.2017;10;42;13;14;21;35;19;52;45;33;60;3;55;51;32;9;15;7;54;53
2841;03.11.2017;39;55;40;3;10;23;19;21;33;25;52;17;41;58;16;12;53;50;31;42
2840;02.11.2017;10;7;3;60;59;18;13;15;16;38;30;24;43;57;2;54;37;36;32;5
2839;01.11.2017;36;43;12;60;6;24;41;42;17;34;52;28;30;56;20;33;45;31;10;23
2838;31.10.2017;49;55;36;21;8;18;25;42;59;41;13;47;3;46;19;15;26;39;28;1
2837;30.10.2017;32;18;36;27;16;23;3;47;22;6;2;50;53;12;11;28;58;42;31;13
2836;29.10.2017;17;1;15;56;8;44;51;2;48;36;11;18;49;58;10;21;59;54;42;19
2835;28.10.2017;45;56;51;1;57;31;26;8;58;41;50;42;27;54;14;32;10;38;25;15
2834;27.10.2017;35;54;55;1;41;45;24;32;23;40;15;2;44;17;26;25;51;21;50;29
2833;26.10.2017;2;19;26;47;7;27;37;36;32;9;17;15;60;46;55;8;57;53;54;14
2832;25.10.2017;43;40;12;3;14;15;11;47;30;8;49;13;51;53;9;54;38;34;36;46
2831;24.10.2017;3;51;33;46;32;39;23;52;20;24;45;2;55;48;54;28;27;21;22;13
2830;23.10.2017;50;33;52;15;9;47;58;38;13;17;40;3;2;49;48;16;46;57;29;59
2829;22.10.2017;21;52;34;54;41;60;1;38;47;56;5;58;46;20;37;23;53;36;16;51
2828;21.10.2017;26;56;2;52;23;17;58;7;32;31;37;34;20;24;12;35;10;9;39;42
2827;20.10.2017;26;51;52;27;39;1;12;22;56;54;3;6;24;7;28;21;40;33;23;19
2826;19.10.2017;57;40;50;6;47;15;16;5;3;60;4;7;54;13;23;42;58;32;18;56
2825;18.10.2017;54;40;12;20;55;51;22;46;57;25;3;14;53;24;2;8;42;60;56;9
2824;17.10.2017;17;21;2;23;15;31;51;60;54;8;27;48;46;56;5;1;26;57;24;40
2823;16.10.2017;23;59;16;6;24;49;57;10;43;29;11;2;32;58;54;5;17;30;1;55
2822;15.10.2017;10;9;4;23;46;2;30;45;56;33;20;8;43;28;35;29;12;44;21;22
2821;14.10.2017;48;19;3;6;44;34;11;46;47;57;58;1;49;15;17;9;52;55;35;13
2820;13.10.2017;44;59;1;54;24;25;45;28;47;30;51;33;39;18;37;48;35;34;41;38
2819;12.10.2017;49;54;60;8;48;22;37;24;9;39;20;11;15;2;16;56;51;12;46;55
2818;11.10.2017;19;36;11;57;45;60;54;33;13;15;18;53;26;31;46;2;44;34;23;58
2817;10.10.2017;34;43;35;56;17;3;33;36;31;44;46;42;27;39;50;7;53;52;4;57
2816;09.10.2017;53;47;20;55;19;38;22;8;6;45;57;35;34;50;1;42;5;49;52;2
2815;08.10.2017;38;56;22;45;11;23;17;25;46;60;47;12;10;31;2;30;27;13;51;55
2814;07.10.2017;1;46;23;14;51;41;43;15;12;4;17;38;34;54;33;42;3;5;29;30
2813;06.10.2017;60;21;48;30;49;12;27;35;31;55;50;53;24;56;59;52;23;13;37;38
2812;05.10.2017;29;32;30;5;43;9;33;13;2;41;22;44;56;20;6;1;21;3;54;7
2811;04.10.2017;9;28;18;2;58;40;7;48;6;47;11;55;36;52;43;1;12;33;13;19
2810;03.10.2017;2;60;17;7;13;28;44;34;23;49;8;22;38;53;16;14;47;46;51;27
2809;02.10.2017;40;35;3;7;20;17;10;23;8;50;42;52;24;34;44;9;41;43;26;12
2808;01.10.2017;59;32;26;11;28;49;50;35;16;33;29;2;60;46;58;56;13;8;25;41
2807;30.09.2017;10;3;57;53;15;59;21;12;39;8;46;13;36;7;32;54;26;6;48;24
2806;29.09.2017;21;40;34;16;56;31;28;48;58;22;30;6;51;11;8;26;37;46;13;55
2805;28.09.2017;56;26;58;37;36;23;3;10;27;60;53;30;5;44;45;51;18;13;38;8
2804;27.09.2017;50;29;4;8;46;58;14;30;18;31;52;60;36;26;15;44;27;45;1;51
2803;26.09.2017;51;54;3;34;45;59;16;18;55;8;60;31;48;46;2;36;30;50;57;52
2802;25.09.2017;50;20;11;51;7;43;5;56;14;45;49;58;13;32;29;12;33;23;25;60
2801;24.09.2017;39;29;58;22;60;2;42;9;36;35;28;23;52;3;19;38;13;8;14;56
2800;23.09.2017;1;32;16;13;52;53;4;54;10;12;20;6;44;27;46;50;58;34;39;14
2799;22.09.2017;32;48;7;20;29;30;24;37;56;33;60;9;21;19;42;12;6;58;35;47
2798;21.09.2017;17;48;19;37;52;23;51;54;41;46;21;26;3;25;27;59;44;11;39;20
2797;20.09.2017;39;10;15;24;6;20;14;49;4;55;37;53;51;50;27;35;46;12;3;16
2796;19.09.2017;23;17;58;33;26;22;15;32;39;51;13;8;25;52;1;37;50;14;30;57
2795;18.09.2017;59;11;58;16;29;23;40;37;42;24;3;12;31;15;52;43;45;44;53;27
2794;17.09.2017;21;43;45;53;46;24;41;11;47;20;44;60;35;19;8;50;48;54;10;4
2793;16.09.2017;30;19;5;38;6;39;55;22;32;46;27;17;31;1;16;37;12;11;48;58
2792;15.09.2017;26;52;12;53;13;15;19;56;40;20;28;48;2;32;36;51;58;8;39;16
2791;14.09.2017;9;14;36;25;51;19;16;53;54;8;3;32;59;30;42;29;43;50;23;26
2790;13.09.2017;44;31;22;34;55;40;7;19;14;11;56;25;24;42;20;16;43;2;17;21
2789;12.09.2017;59;46;25;38;42;31;35;3;48;60;29;10;12;45;22;50;8;57;32;18
2788;11.09.2017;16;12;53;6;7;37;24;56;55;21;9;59;33;2;25;50;52;47;42;8
2787;10.09.2017;38;59;49;26;55;54;42;52;46;31;25;1;30;14;45;16;27;58;50;40
2786;09.09.2017;46;10;27;23;58;49;25;43;54;44;52;14;24;50;59;20;12;6;21;55
2785;08.09.2017;52;44;11;17;5;18;42;41;46;30;23;38;33;26;20;59;55;28;54;49
2784;07.09.2017;48;50;39;21;10;20;18;33;25;1;27;6;49;60;26;3;44;58;53;30
2783;06.09.2017;39;10;46;21;7;45;37;55;25;47;14;31;16;51;32;23;22;33;60;54
2782;05.09.2017;38;7;21;19;27;60;8;6;49;39;42;50;26;37;18;3;10;57;15;56
2781;04.09.2017;50;22;37;38;24;60;6;26;39;16;56;34;2;17;31;15;27;52;43;29
2780;03.09.2017;40;11;42;14;50;46;39;28;19;34;48;30;4;9;27;13;23;49;25;7
2779;02.09.2017;26;34;57;52;23;50;11;30;45;38;49;58;16;48;33;56;40;7;6;54
2778;01.09.2017;39;18;29;52;44;12;16;20;15;13;21;28;26;7;25;1;38;57;45;37
2777;31.08.2017;49;41;30;9;25;29;1;46;51;14;24;28;47;39;10;3;19;40;6;11
2776;30.08.2017;25;48;44;11;6;2;46;5;57;51;31;42;18;8;37;54;53;52;38;43
2775;29.08.2017;20;2;34;26;30;18;47;56;27;42;11;43;38;45;10;28;17;24;57;3
2774;28.08.2017;17;39;8;46;31;37;38;29;49;40;19;34;6;43;30;47;51;13;3;58
2773;27.08.2017;14;20;46;47;40;6;50;49;7;51;32;48;36;8;37;4;41;31;13;35
2772;26.08.2017;41;5;10;6;13;52;12;48;20;40;45;4;57;7;50;43;37;51;2;3
2771;25.08.2017;36;19;6;5;23;17;35;52;26;60;12;32;8;28;38;59;31;14;46;10
2770;24.08.2017;56;57;51;43;20;29;27;6;24;45;11;4;47;52;3;35;1;8;48;44
2769;23.08.2017;7;34;3;21;16;18;4;35;29;8;38;60;49;10;40;37;44;56;57;55
2768;22.08.2017;55;48;19;20;53;56;44;8;7;14;58;51;46;17;32;52;6;26;10;24
2767;21.08.2017;26;9;60;56;31;50;18;40;14;34;41;1;46;24;43;28;37;54;38;22
2766;20.08.2017;38;6;53;40;27;3;22;18;8;30;10;35;20;49;58;43;56;44;42;25
2765;19.08.2017;45;30;1;29;13;6;4;24;54;25;17;22;23;10;49;38;36;15;51;18
2764;18.08.2017;2;27;57;10;19;34;21;14;52;56;11;40;51;43;39;24;29;31;46;48
2763;17.08.2017;39;59;18;32;8;34;3;14;5;58;23;12;16;7;47;31;44;52;57;48
2762;16.08.2017;51;37;56;49;27;13;17;40;8;43;46;23;6;53;16;5;48;30;21;32
2761;15.08.2017;22;33;52;21;38;46;17;35;42;44;32;53;6;12;31;19;47;18;13;16
2760;14.08.2017;21;4;41;42;29;39;35;13;30;9;24;46;7;38;51;26;10;5;1;8
2759;13.08.2017;19;10;24;21;18;12;38;57;43;46;47;17;59;16;56;40;50;39;20;32
2758;12.08.2017;2;5;59;52;44;60;16;37;24;49;38;28;39;18;46;50;54;13;17;4
2757;11.08.2017;43;6;39;7;49;18;23;1;60;28;34;33;36;54;25;37;11;13;15;48
2756;10.08.2017;37;38;30;35;55;34;13;48;20;51;27;54;6;45;31;49;25;19;56;21
2755;09.08.2017;51;12;8;55;44;38;25;40;46;4;34;35;30;58;48;24;1;33;9;21
2754;08.08.2017;51;47;22;55;3;1;2;32;24;8;4;6;57;52;14;56;13;12;10;11
2753;07.08.2017;26;58;42;18;31;38;8;15;53;41;16;27;9;52;29;30;47;1;45;51
2752;06.08.2017;12;3;30;9;16;22;14;17;59;42;57;54;5;26;35;34;48;36;39;51
2751;05.08.2017;5;7;14;56;33;3;10;21;27;30;1;38;31;35;12;50;40;37;42;4
2750;04.08.2017;25;26;14;12;1;55;23;56;31;30;57;39;28;49;6;8;13;51;40;3
2749;03.08.2017;38;10;35;54;42;18;31;55;8;51;16;52;19;49;23;48;22;50;3;4
2748;02.08.2017;44;45;31;24;47;11;56;3;26;58;6;21;1;9;42;14;22;15;54;8
2747;01.08.2017;6;48;46;3;12;51;22;4;7;45;11;49;14;29;60;13;35;17;15;43
2746;31.07.2017;35;49;43;55;5;15;47;59;42;46;16;17;19;56;33;44;40;58;45;52
2745;30.07.2017;27;2;32;14;25;47;56;55;4;35;45;51;29;59;38;44;3;28;24;11
2744;29.07.2017;15;42;50;28;38;4;41;60;18;30;10;37;51;39;5;13;14;57;8;23
2743;28.07.2017;51;17;15;38;20;48;2;56;12;47;37;11;31;25;18;34;5;39;41;45
2742;27.07.2017;53;12;40;52;28;59;27;20;42;37;43;26;1;24;35;41;11;23;22;21
2741;26.07.2017;30;7;39;18;54;17;48;52;40;11;21;29;16;42;15;58;46;10;27;9
2740;25.07.2017;22;15;33;7;46;37;14;26;10;13;60;57;27;51;25;4;40;5;44;54
2739;24.07.2017;40;48;29;20;50;5;19;56;25;33;3;43;41;10;23;16;13;34;39;7
2738;23.07.2017;43;60;11;19;15;59;12;45;9;36;38;6;51;34;55;40;18;10;25;53
2737;22.07.2017;1;24;29;4;10;54;26;9;17;20;2;25;43;53;40;59;3;51;37;38
2736;21.07.2017;40;8;48;14;9;18;56;6;47;2;25;17;13;33;52;34;21;27;53;37
2735;20.07.2017;60;23;11;50;31;22;28;45;25;43;2;32;35;57;26;7;5;9;38;49
2734;19.07.2017;6;8;29;31;42;58;22;16;38;3;34;1;21;7;51;18;43;33;40;26
2733;18.07.2017;15;56;34;59;42;37;5;39;47;13;6;53;43;49;33;48;10;17;51;12
2732;17.07.2017;60;25;4;30;16;58;54;39;3;42;43;8;15;53;22;17;9;5;12;47
2731;16.07.2017;57;25;6;26;30;27;48;23;20;28;3;44;33;56;19;47;12;2;52;51
2730;15.07.2017;33;12;48;8;3;34;22;50;15;26;51;6;44;28;27;10;37;54;4;46
2729;14.07.2017;10;44;52;51;31;57;27;18;14;24;5;19;1;4;46;15;30;55;13;36
2728;13.07.2017;14;43;35;60;10;25;8;28;7;38;27;13;37;6;49;16;17;34;5;23
2727;12.07.2017;5;27;6;15;8;25;59;44;9;48;24;29;19;38;50;47;40;35;34;30
2726;11.07.2017;45;3;47;50;35;53;24;1;56;19;33;42;39;12;11;13;34;7;58;49
2725;10.07.2017;27;24;5;6;60;32;45;30;22;49;19;7;17;39;59;35;42;55;25;20
2724;09.07.2017;8;23;12;54;7;52;53;35;6;42;14;11;26;21;58;39;3;38;22;27
2723;08.07.2017;5;40;32;35;11;24;33;19;60;10;23;54;38;2;43;57;37;58;26;8
2722;07.07.2017;25;15;44;16;37;19;13;36;24;22;28;11;31;41;29;38;2;58;17;35
2721;06.07.2017;38;14;30;9;25;1;56;60;55;27;10;51;35;22;21;6;53;28;33;39
2720;05.07.2017;43;23;41;29;13;56;7;40;16;30;17;57;31;60;33;10;44;58;52;14
2719;04.07.2017;33;60;38;7;59;57;12;54;31;21;15;32;23;43;14;53;37;3;50;19
2718;03.07.2017;24;14;60;1;58;59;21;25;19;41;52;10;48;3;23;33;22;15;56;47
2717;02.07.2017;33;29;52;21;22;23;27;38;26;1;56;46;45;19;5;60;6;49;13;58
2716;01.07.2017;45;36;15;30;31;22;34;5;33;54;13;20;25;4;38;19;7;37;8;52
2715;30.06.2017;33;17;5;21;47;24;53;25;32;35;55;50;54;9;45;46;51;31;7;12
2714;29.06.2017;28;60;56;20;11;6;54;4;51;39;31;19;44;9;18;3;52;59;1;17
2713;28.06.2017;9;22;38;59;21;52;34;10;28;13;57;17;60;18;25;12;26;44;4;42
2712;27.06.2017;48;52;51;10;17;12;18;9;45;46;11;42;7;8;14;40;53;41;59;13
2711;26.06.2017;55;30;59;34;14;24;1;37;23;8;11;7;44;27;42;26;25;52;38;60
2710;25.06.2017;33;24;20;21;23;47;8;11;10;12;53;48;22;3;30;18;9;42;7;31
2709;24.06.2017;11;35;36;15;38;14;50;34;20;10;52;16;41;19;39;12;25;49;28;22
2708;23.06.2017;40;31;33;10;47;2;16;53;49;50;6;25;54;21;19;55;11;37;14;52
2707;22.06.2017;15;48;60;56;45;54;32;11;8;37;42;34;17;27;44;12;47;51;14;30
2706;21.06.2017;26;3;38;24;19;52;51;50;17;20;25;1;44;6;34;15;60;8;16;46
2705;20.06.2017;60;45;54;26;38;42;43;11;30;33;48;55;50;46;47;36;34;9;52;6
2704;19.06.2017;35;29;5;2;8;52;54;13;6;3;59;44;50;9;51;56;27;57;31;37
2703;18.06.2017;14;43;50;53;56;57;18;39;23;40;35;22;58;55;24;59;47;52;13;21
2702;17.06.2017;46;42;53;54;34;14;29;6;19;31;32;56;4;15;41;2;12;52;8;55
2701;16.06.2017;33;48;39;42;28;26;22;38;25;13;37;14;10;45;4;8;46;6;5;49
2700;15.06.2017;9;10;7;4;12;1;17;22;43;53;51;44;37;33;45;34;11;2;38;5
2699;14.06.2017;1;53;32;8;34;24;35;16;2;28;55;17;47;56;21;49;20;27;6;19
2698;13.06.2017;15;56;40;20;5;54;33;9;60;59;14;58;2;47;13;38;44;16;50;23
2697;12.06.2017;2;19;49;41;51;24;21;5;48;3;54;29;18;58;27;31;6;30;22;40
2696;11.06.2017;15;26;31;9;42;37;58;19;28;33;44;46;59;23;11;45;47;60;52;41
2695;10.06.2017;31;13;41;51;37;4;26;30;32;7;34;33;25;22;15;43;8;38;3;6
2694;09.06.2017;55;19;32;41;24;60;17;2;40;20;52;15;29;30;42;5;4;16;11;26
2693;08.06.2017;56;41;32;43;33;20;9;10;51;22;34;42;14;39;5;48;12;58;27;1
2692;07.06.2017;11;3;50;4;57;43;32;5;2;17;41;26;58;31;46;38;13;55;12;39
2691;06.06.2017;7;57;56;23;17;28;53;40;39;11;34;26;15;55;16;20;52;21;58;46
2690;05.06.2017;39;30;43;24;28;10;31;48;3;21;23;11;34;38;33;36;50;57;25;14
2689;04.06.2017;45;12;16;55;18;54;7;6;23;15;42;59;57;44;35;29;47;25;36;8
2688;03.06.2017;21;35;53;37;47;52;29;33;30;55;11;50;16;10;19;59;9;60;20;13
2687;02.06.2017;2;31;7;9;8;11;29;27;52;48;56;3;12;39;40;42;32;20;53;47
2686;01.06.2017;51;13;42;7;49;45;34;32;30;14;6;1;47;48;57;15;41;53;26;12
2685;31.05.2017;16;18;22;7;33;26;29;5;56;2;59;40;9;44;47;13;34;45;51;27
2684;30.05.2017;8;11;57;39;3;42;9;37;15;31;13;30;48;49;24;28;14;52;33;58
2683;29.05.2017;6;44;49;24;20;2;23;33;11;18;52;7;30;58;10;38;8;45;27;48
2682;28.05.2017;30;45;24;12;59;49;9;57;21;34;53;37;5;50;56;13;29;20;8;36
2681;27.05.2017;29;5;22;36;46;37;19;12;58;54;33;7;14;17;49;9;20;1;3;11
2680;26.05.2017;40;48;27;51;29;3;34;39;8;59;6;43;50;25;57;19;31;12;9;26
2679;25.05.2017;32;13;22;52;17;28;4;36;60;19;5;55;12;56;45;30;11;57;18;38
2678;24.05.2017;36;47;7;6;32;38;28;33;25;41;52;46;9;39;21;53;15;45;35;19
2677;23.05.2017;23;56;8;19;7;17;22;58;32;55;53;36;13;39;16;12;31;33;24;38
2676;22.05.2017;40;23;17;18;58;9;33;44;24;52;46;14;12;4;1;49;34;5;8;25
2675;21.05.2017;56;30;18;14;53;50;19;55;49;6;32;3;34;41;57;2;39;45;8;37
2674;20.05.2017;60;41;51;15;12;39;56;23;9;2;42;4;40;59;26;14;47;13;10;27
2673;19.05.2017;40;25;17;18;29;59;46;44;50;43;54;37;5;4;51;26;15;39;14;11
2672;18.05.2017;16;26;23;29;44;37;49;40;18;36;45;28;42;46;24;32;38;12;15;1
2671;17.05.2017;44;41;55;26;59;57;9;20;47;35;33;37;13;14;24;56;53;10;7;42
2670;16.05.2017;42;27;23;2;37;38;40;60;24;17;20;25;19;28;53;30;49;4;9;11
2669;15.05.2017;7;8;6;58;19;33;5;34;49;51;45;23;11;21;55;2;24;40;17;38
2668;14.05.2017;39;49;32;60;36;14;38;33;19;57;56;27;8;23;48;37;10;6;24;54
2667;13.05.2017;17;9;4;44;23;27;56;34;58;51;47;43;22;15;35;25;42;41;32;39
2666;12.05.2017;12;56;45;30;29;6;53;3;54;42;19;13;4;11;52;46;43;37;28;25
2665;11.05.2017;25;42;18;21;20;47;60;57;56;41;58;11;55;37;2;15;43;4;29;9
2664;10.05.2017;25;6;46;17;35;52;4;21;26;49;2;45;11;18;16;55;40;8;29;31
2663;09.05.2017;57;59;33;15;48;3;18;58;24;26;22;20;45;25;50;29;51;6;38;14
2662;08.05.2017;35;1;24;37;36;15;60;51;6;57;17;49;12;33;11;14;13;42;18;5
2661;07.05.2017;21;18;46;56;58;5;48;33;12;13;41;32;47;31;45;7;24;34;23;49
2660;06.05.2017;2;23;9;28;4;47;43;7;14;11;35;56;46;54;31;52;22;55;26;34
2659;05.05.2017;2;16;18;1;3;38;17;36;34;57;7;29;11;15;25;33;12;35;48;23
2658;04.05.2017;57;41;34;4;52;2;37;54;39;16;43;38;15;51;47;46;21;9;3;33
2657;03.05.2017;28;32;58;48;12;54;6;1;36;37;39;46;29;50;11;14;53;57;44;49
2656;02.05.2017;39;59;26;14;11;29;18;35;30;56;17;47;36;40;15;46;8;54;25;60
2655;01.05.2017;34;41;26;50;28;54;59;46;23;51;3;21;55;38;4;9;11;10;35;58
2654;30.04.2017;39;40;14;55;54;25;42;27;12;19;47;34;46;26;57;4;6;56;16;48
2653;29.04.2017;23;2;50;60;6;32;48;44;29;38;56;59;18;1;5;9;27;30;45;49
2652;28.04.2017;17;59;2;23;48;60;21;16;6;12;15;34;30;5;28;54;8;7;3;44
2651;27.04.2017;43;41;13;45;17;34;10;47;52;24;25;55;12;27;54;59;9;6;7;58
2650;26.04.2017;1;2;41;14;12;6;56;55;8;3;45;10;28;16;25;29;53;4;21;5
2649;25.04.2017;14;13;47;36;11;7;39;16;45;5;54;41;51;52;19;60;50;48;15;6
2648;24.04.2017;44;1;58;40;36;51;39;12;35;2;41;50;42;5;24;11;54;17;56;31
2647;23.04.2017;44;49;47;12;3;36;35;52;15;19;58;22;18;27;5;54;40;6;14;43
2646;22.04.2017;42;35;10;9;38;25;14;40;11;15;48;49;23;55;41;28;16;54;36;4
2645;21.04.2017;48;13;6;17;26;3;4;22;46;2;43;34;7;53;41;54;11;29;24;5
2644;20.04.2017;46;16;40;57;43;33;31;3;41;29;48;24;44;28;26;6;30;14;32;22
2643;19.04.2017;6;36;5;24;23;38;47;7;57;18;56;37;43;13;45;48;46;34;31;25
2642;18.04.2017;11;37;32;12;10;44;46;25;33;42;9;38;18;30;3;2;47;57;49;53
2641;17.04.2017;46;1;6;60;15;11;48;33;29;41;39;18;7;3;40;31;51;35;36;49
2640;16.04.2017;57;56;6;41;14;59;54;49;17;32;2;5;29;7;55;52;42;22;10;15
2639;15.04.2017;10;21;30;46;17;20;49;12;47;40;60;48;59;57;28;52;32;1;25;5
2638;14.04.2017;47;27;12;43;56;3;50;31;46;23;42;6;44;7;2;60;55;16;24;22
2637;13.04.2017;39;51;57;24;15;7;18;14;31;35;34;10;43;40;60;30;6;5;11;45
2636;12.04.2017;34;38;54;4;16;45;58;46;57;53;28;23;48;27;60;49;35;2;43;51
2635;11.04.2017;24;36;5;39;34;25;23;46;31;57;11;58;52;38;14;16;9;53;13;50
2634;10.04.2017;26;16;60;18;33;30;14;7;20;51;49;5;12;54;52;15;59;24;29;42
2633;09.04.2017;24;42;35;60;54;8;28;39;15;7;9;12;17;33;3;14;4;47;27;32
2632;08.04.2017;3;8;34;19;1;56;5;2;41;51;20;10;36;35;30;42;14;44;26;57
2631;07.04.2017;21;46;56;22;58;28;57;40;11;4;32;45;25;60;18;16;43;47;35;44
2630;06.04.2017;59;39;36;21;6;8;2;5;4;32;37;44;22;17;47;54;56;20;46;7
2629;05.04.2017;23;24;13;8;53;48;43;20;27;60;29;5;3;21;46;14;47;1;30;9
2628;04.04.2017;9;29;46;58;34;22;19;30;10;4;55;44;12;6;54;49;8;41;28;60
2627;03.04.2017;16;32;58;29;48;8;28;40;42;10;17;45;57;19;26;31;44;60;55;6
2626;02.04.2017;6;50;58;22;27;9;35;42;43;26;8;38;11;32;21;41;10;18;29;40
2625;01.04.2017;27;23;16;14;51;50;24;34;29;45;28;3;37;39;60;7;35;33;58;46
2624;31.03.2017;55;38;2;33;1;14;12;34;22;6;27;26;31;29;8;51;57;18;49;47
2623;30.03.2017;15;51;3;11;29;32;55;34;58;8;60;57;46;10;20;49;9;4;13;41
2622;29.03.2017;50;54;46;40;23;31;26;21;15;41;56;33;44;4;18;30;59;25;38;27
2621;28.03.2017;49;48;39;24;15;60;28;17;47;16;55;56;26;41;54;40;12;23;6;8
2620;27.03.2017;6;12;31;20;28;14;18;27;43;56;19;34;37;50;41;29;32;22;42;33
2619;26.03.2017;57;28;43;1;24;18;45;60;29;10;47;3;30;13;22;40;20;26;54;32
2618;25.03.2017;60;28;32;40;55;17;30;53;14;39;48;8;47;18;3;46;35;41;44;58
2617;24.03.2017;18;33;39;26;49;11;42;25;1;24;35;44;55;59;50;40;36;27;57;60
2616;23.03.2017;43;27;10;45;49;16;11;60;50;7;21;2;19;12;6;5;53;51;8;20
2615;22.03.2017;55;4;38;52;14;42;21;56;44;39;19;53;2;40;45;29;32;34;46;33
2614;21.03.2017;8;6;35;29;25;60;50;2;49;47;56;31;36;42;4;55;10;1;48;30
2613;20.03.2017;36;46;25;28;16;17;21;33;41;4;44;51;54;50;7;48;8;52;10;59
2612;19.03.2017;7;41;17;11;39;57;33;22;45;48;2;58;23;46;40;6;29;31;53;9
2611;18.03.2017;44;34;18;3;42;29;52;40;27;56;46;32;35;57;19;1;33;21;9;53
2610;17.03.2017;13;14;5;31;32;50;1;33;49;44;9;25;59;17;46;11;48;38;30;27
2609;16.03.2017;57;9;43;48;58;42;16;54;44;35;30;5;38;47;17;59;60;10;41;22
2608;15.03.2017;44;58;55;46;11;25;12;20;52;21;4;30;59;9;40;27;42;7;53;10
2607;14.03.2017;10;43;31;24;12;59;25;47;46;41;32;21;36;22;54;2;13;57;52;16
2606;13.03.2017;9;60;6;35;42;4;2;31;45;3;26;47;48;51;55;37;41;16;18;52
2605;12.03.2017;13;49;8;26;44;9;38;32;37;53;59;27;48;33;11;34;42;20;12;10
2604;11.03.2017;46;51;14;16;10;55;31;38;44;25;1;15;32;48;27;59;12;11;33;45
2603;10.03.2017;22;33;37;56;30;11;10;58;35;31;28;7;9;52;23;20;16;43;3;17
2602;09.03.2017;22;23;8;10;44;30;13;36;57;38;52;12;26;50;7;32;47;42;4;5
2601;08.03.2017;36;46;30;24;20;10;23;54;39;41;44;60;43;57;35;33;37;59;45;2
2600;07.03.2017;27;17;33;35;46;37;43;55;1;6;57;59;44;18;23;38;5;12;4;11
2599;06.03.2017;55;44;58;2;34;25;1;26;41;28;53;7;20;31;9;46;24;48;21;42
2598;05.03.2017;11;47;9;8;19;13;50;51;49;32;24;26;42;28;3;14;22;52;20;44
2597;04.03.2017;15;4;27;50;29;5;14;21;30;22;10;43;46;13;55;56;52;38;2;51
2596;03.03.2017;58;5;40;44;14;9;19;26;4;11;8;24;13;6;38;35;47;39;33;28
2595;02.03.2017;57;3;19;30;60;26;24;47;36;25;58;16;15;40;52;53;41;1;32;46
2594;01.03.2017;37;50;28;16;60;54;29;7;51;13;44;14;57;35;6;33;56;31;36;43
2593;28.02.2017;11;34;46;37;38;32;60;26;44;3;57;50;28;1;35;53;27;40;12;7
2592;27.02.2017;44;45;26;57;31;14;47;10;50;28;3;55;29;46;2;60;30;24;51;49
2591;26.02.2017;3;46;28;17;32;20;41;21;31;29;60;14;27;39;58;22;18;4;38;34
2590;25.02.2017;44;22;18;23;13;35;45;6;8;9;10;15;49;32;48;54;12;47;38;59
2589;24.02.2017;35;19;43;16;21;50;10;60;17;27;15;4;12;33;46;41;48;9;26;57
2588;23.02.2017;4;21;8;34;30;24;47;3;40;9;55;57;6;19;28;16;49;45;59;53
2587;22.02.2017;36;6;18;55;29;2;39;34;4;24;31;44;35;40;43;21;13;52;30;23
2586;21.02.2017;40;30;48;20;9;58;10;38;22;21;47;43;17;24;16;50;55;28;46;5
2585;20.02.2017;50;57;26;6;31;42;10;48;45;27;30;16;2;60;8;46;19;21;20;24
2584;19.02.2017;9;31;57;29;12;58;25;8;23;6;47;26;56;32;40;45;52;60;16;18
2583;18.02.2017;4;41;16;7;51;32;57;36;2;50;59;5;56;8;45;15;60;37;24;12
2582;17.02.2017;27;49;43;44;33;52;51;30;17;23;26;7;4;53;6;31;16;54;3;48
2581;16.02.2017;56;23;41;34;15;55;11;3;42;9;6;31;46;30;14;20;58;47;44;17
2580;15.02.2017;3;60;34;46;7;44;40;33;42;38;25;54;23;2;56;36;29;22;18;11
2579;14.02.2017;14;4;8;57;35;60;28;17;44;27;18;38;43;9;33;1;5;50;39;41
2578;13.02.2017;9;41;15;8;50;18;58;26;35;13;27;43;46;56;60;24;23;28;49;57
2577;12.02.2017;10;57;9;20;26;32;49;17;8;15;2;58;25;28;40;11;46;16;19;44
2576;11.02.2017;51;4;8;33;58;6;9;56;57;5;23;30;12;26;7;37;50;52;46;3
2575;10.02.2017;31;12;30;23;37;28;52;19;4;60;5;56;20;13;59;43;27;46;47;25
2574;09.02.2017;37;23;7;27;6;55;33;8;15;45;43;44;35;59;25;14;2;47;17;29
2573;08.02.2017;27;26;10;41;38;14;57;3;44;1;11;13;43;51;46;25;45;9;8;42
2572;07.02.2017;8;56;27;57;51;11;43;26;9;38;53;58;13;48;17;24;15;19;60;44
2571;06.02.2017;16;26;55;6;36;54;47;49;29;42;23;44;18;34;12;53;56;48;32;2
2570;05.02.2017;20;11;8;58;48;56;32;52;42;6;51;38;5;4;14;13;22;57;54;59
2569;04.02.2017;18;32;3;2;10;9;51;17;49;46;11;60;56;40;1;14;42;16;6;28
2568;03.02.2017;51;19;4;40;1;57;20;42;17;60;37;58;35;21;33;50;12;6;52;23
2567;02.02.2017;55;52;48;54;12;41;39;51;34;56;3;23;45;57;10;33;16;29;44;37
2566;01.02.2017;34;60;46;7;3;47;17;55;49;5;40;53;41;11;38;4;9;15;35;39
2565;31.01.2017;40;54;42;48;58;53;19;12;59;26;39;49;60;35;56;36;15;1;51;27
2564;30.01.2017;3;41;14;47;37;1;21;23;26;38;18;29;52;34;39;42;27;36;30;7
2563;29.01.2017;17;60;50;39;6;54;57;46;38;48;37;27;8;43;59;58;40;9;7;15
2562;28.01.2017;25;50;7;14;40;31;23;58;51;57;11;2;32;43;12;55;48;46;35;9
2561;27.01.2017;31;44;58;19;2;45;41;30;20;53;3;15;28;10;37;34;32;36;22;1
2560;26.01.2017;25;9;55;36;7;4;19;17;52;5;46;42;38;41;33;12;35;47;13;16
2559;25.01.2017;19;9;13;31;51;56;42;46;40;52;28;43;34;44;10;48;6;38;36;4
2558;24.01.2017;37;30;31;24;13;11;27;59;4;41;12;20;53;58;18;40;9;56;6;44
2557;23.01.2017;2;24;49;31;33;34;52;48;58;11;55;32;53;20;59;51;54;29;7;43
2556;22.01.2017;48;2;42;20;23;22;33;32;53;55;38;12;34;18;1;4;60;24;37;50
2555;21.01.2017;6;60;28;51;14;27;3;24;1;50;41;29;25;57;4;23;13;16;26;43
2554;20.01.2017;52;35;20;29;45;37;7;49;9;16;3;15;55;54;10;32;24;27;5;59
2553;19.01.2017;5;58;49;40;33;45;8;50;13;42;54;15;59;25;39;27;20;3;55;36
2552;18.01.2017;12;3;43;49;13;19;59;57;54;33;9;38;15;6;18;52;4;24;58;28
2551;17.01.2017;41;58;59;24;11;47;12;40;19;33;50;23;42;4;32;18;39;26;34;10
2550;16.01.2017;50;42;36;47;27;34;14;5;38;33;23;24;56;18;51;46;2;57;12;45
2549;15.01.2017;52;11;38;18;37;13;44;36;34;57;19;1;14;41;16;29;26;4;21;51
2548;14.01.2017;58;47;2;19;39;55;56;5;43;29;18;30;32;57;45;37;10;60;3;1
2547;13.01.2017;42;54;46;57;50;11;55;17;58;13;6;19;49;27;36;22;38;51;60;37
2546;12.01.2017;45;22;4;13;25;39;23;6;43;33;32;8;46;60;1;41;26;15;14;7
2545;11.01.2017;34;18;12;25;54;56;36;10;48;51;37;24;49;42;35;9;45;4;3;50
2544;10.01.2017;38;11;25;19;27;41;21;60;54;43;26;53;46;22;36;7;12;42;20;10
2543;09.01.2017;36;35;21;56;60;15;5;11;58;16;17;6;51;7;34;24;40;59;52;47
2542;08.01.2017;13;3;23;41;51;21;35;54;53;34;20;58;32;44;45;43;59;40;25;37
2541;07.01.2017;34;27;26;38;6;16;36;51;31;20;11;25;1;53;29;42;5;48;44;9
2540;06.01.2017;25;29;22;4;38;13;42;37;43;55;56;24;40;23;30;44;12;15;27;10
2539;05.01.2017;55;12;38;36;11;57;42;1;50;7;35;4;24;46;31;29;22;14;56;33
2538;04.01.2017;37;25;12;60;2;34;54;48;33;38;16;14;50;57;13;6;15;28;44;1
2537;03.01.2017;1;25;4;51;59;36;43;39;21;34;54;44;28;48;19;32;18;40;7;47
2536;02.01.2017;8;30;34;1;35;20;60;40;57;7;42;13;37;48;59;14;6;24;36;58
2535;01.01.2017;8;51;10;15;32;18;44;38;20;34;30;37;31;14;54;46;23;29;36;42
2534;31.12.2016;48;20;18;11;21;35;6;45;27;4;40;54;12;50;19;8;42;22;1;51
2533;30.12.2016;38;39;12;9;48;19;24;3;26;18;60;15;46;1;16;27;51;43;56;17
2532;29.12.2016;44;32;50;46;31;8;33;51;25;2;3;21;53;42;24;22;11;27;37;18
2531;28.12.2016;52;31;55;56;3;10;47;4;40;18;11;15;20;1;26;49;50;57;32;21
2530;27.12.2016;45;49;60;55;39;16;7;20;38;52;47;48;32;58;6;56;42;9;53;50
2529;26.12.2016;7;13;31;10;4;25;3;46;54;57;59;38;6;53;49;36;19;34;8;37
2528;25.12.2016;52;46;41;43;30;11;54;14;42;26;48;31;33;39;37;6;59;18;50;21
2527;24.12.2016;19;47;22;27;12;57;20;5;37;18;30;33;44;59;14;45;54;56;41;16
2526;23.12.2016;4;9;50;21;60;58;29;42;2;37;33;43;28;17;3;49;46;27;15;24
2525;22.12.2016;42;11;56;37;3;28;40;16;26;18;47;59;21;19;39;30;15;49;7;35
2524;21.12.2016;55;41;28;59;44;57;18;21;46;25;40;49;39;37;50;10;51;24;4;30
2523;20.12.2016;58;53;31;55;4;29;7;30;11;60;26;45;10;12;21;32;36;22;16;41
2522;19.12.2016;20;41;33;31;15;51;23;21;1;54;12;14;37;49;22;18;3;11;40;29
2521;18.12.2016;23;54;1;55;12;44;40;35;18;4;9;42;48;59;10;2;36;7;41;17
2520;17.12.2016;40;50;30;26;22;39;52;16;36;21;14;9;17;46;56;3;28;47;51;32
2519;16.12.2016;33;37;47;58;35;40;30;28;8;56;38;43;20;46;31;36;17;24;60;26
2518;15.12.2016;14;39;12;5;50;18;4;51;13;15;30;29;7;22;53;41;31;26;32;54
2517;14.12.2016;46;54;24;60;27;9;35;30;37;6;20;53;36;13;31;25;38;12;57;21
2516;13.12.2016;31;3;5;16;4;15;22;27;32;7;1;9;60;59;28;55;12;21;40;42
2515;12.12.2016;38;22;7;47;27;54;31;26;52;57;18;2;41;49;9;55;32;43;11;48
2514;11.12.2016;21;8;46;15;24;27;30;3;50;29;19;7;11;16;13;51;25;28;32;55
2513;10.12.2016;43;15;51;10;44;54;48;40;50;58;38;14;46;45;56;16;35;25;23;9
2512;09.12.2016;10;22;7;19;23;20;8;43;53;57;45;24;41;44;38;14;15;27;21;6
2511;08.12.2016;34;57;26;17;50;29;49;24;18;19;37;43;6;20;21;33;15;3;47;42
2510;07.12.2016;30;12;16;35;15;5;31;9;57;1;20;29;14;43;3;27;44;23;58;19
2509;06.12.2016;51;14;42;34;56;24;1;10;46;40;37;21;47;58;55;33;2;19;11;32
2508;05.12.2016;38;32;49;15;36;45;5;3;34;28;9;10;52;2;58;26;57;1;29;16
2507;04.12.2016;12;56;49;19;3;10;51;7;6;55;36;9;31;34;4;22;50;25;2;52
2506;03.12.2016;49;21;18;14;36;17;15;16;47;33;52;12;38;30;43;2;40;32;27;45
2505;02.12.2016;10;33;24;26;60;27;29;49;12;2;39;46;17;32;18;52;8;38;43;47
2504;01.12.2016;26;41;27;42;25;58;30;59;28;6;43;45;13;57;24;2;12;15;52;38
2503;30.11.2016;20;2;33;27;5;58;4;48;51;25;30;38;52;9;59;47;45;29;23;53
2502;29.11.2016;33;46;58;13;39;24;56;50;1;27;43;15;6;42;20;54;16;35;8;38
2501;28.11.2016;1;10;31;23;41;27;43;3;59;7;19;38;55;44;11;48;34;35;18;29
2500;27.11.2016;13;35;10;34;41;21;54;37;9;32;40;44;22;18;43;26;36;27;4;11
2499;26.11.2016;30;48;38;22;41;13;26;37;34;1;21;58;15;54;51;59;16;32;40;18
2498;25.11.2016;11;38;13;3;4;21;49;5;7;58;6;42;55;19;50;30;54;12;29;16
2497;24.11.2016;36;21;34;5;1;4;47;12;53;11;23;32;42;33;59;49;8;43;52;31
2496;23.11.2016;30;34;3;23;59;45;55;20;32;35;17;28;52;36;49;56;6;11;41;21
2495;22.11.2016;25;7;14;6;47;26;34;17;16;54;59;1;49;12;20;38;39;52;48;18
2494;21.11.2016;17;50;27;9;21;55;12;26;14;18;22;41;23;45;34;13;57;11;52;1
2493;20.11.2016;25;13;36;35;53;44;28;3;12;22;1;10;33;41;38;49;45;60;39;15
2492;19.11.2016;49;39;44;18;59;58;52;34;57;41;30;6;28;13;23;1;21;42;50;4
2491;18.11.2016;12;39;54;42;60;3;59;35;18;30;47;52;21;46;50;15;56;7;55;36
2490;17.11.2016;58;1;39;27;11;34;55;37;4;40;36;20;24;59;28;44;52;5;60;43
2489;16.11.2016;15;52;35;10;27;47;46;22;53;6;34;5;28;50;60;25;9;41;54;32
2488;15.11.2016;20;40;53;50;12;54;14;32;22;56;15;42;17;8;60;55;18;2;36;33
2487;14.11.2016;43;59;6;55;14;20;42;51;29;28;18;12;48;10;8;9;50;32;25;36
2486;13.11.2016;37;9;12;4;41;32;22;33;38;7;53;40;43;44;1;42;56;2;16;30
2485;12.11.2016;2;7;45;53;4;32;26;15;20;42;37;38;21;58;16;36;19;34;40;49
2484;11.11.2016;4;1;7;3;30;32;17;51;25;24;33;57;48;13;37;58;11;59;21;12
2483;10.11.2016;60;24;42;48;47;21;28;43;41;9;25;45;2;14;37;11;40;18;4;38
2482;09.11.2016;15;50;30;19;60;1;43;8;6;54;3;7;38;44;40;20;13;24;18;14
2481;08.11.2016;50;43;44;1;10;41;56;38;17;23;36;5;20;49;58;52;6;12;31;2
2480;07.11.2016;44;32;11;33;31;7;60;17;28;4;46;21;34;13;56;50;53;37;51;18
2479;06.11.2016;58;14;19;7;45;9;8;10;29;22;30;27;48;40;24;42;17;33;11;56
2478;05.11.2016;15;59;18;19;38;44;28;53;33;41;25;9;35;22;48;10;55;16;50;56
2477;04.11.2016;16;50;14;30;45;42;17;25;41;13;32;8;53;27;10;5;12;22;26;52
2476;03.11.2016;45;34;14;2;55;58;57;29;40;53;38;20;35;19;23;25;22;48;30;47
2475;02.11.2016;41;40;16;57;42;2;3;11;24;48;31;38;54;20;23;21;35;25;22;4
2474;01.11.2016;8;40;52;28;6;4;55;32;27;25;49;47;21;18;15;48;41;10;57;56
2473;31.10.2016;27;54;35;1;12;25;33;3;49;15;30;42;40;52;59;47;7;45;51;24
2472;30.10.2016;48;46;11;2;53;10;20;16;40;59;60;47;6;14;28;54;57;1;58;22
2471;29.10.2016;7;27;43;30;52;54;35;12;32;3;46;21;56;4;2;34;33;13;29;42
2470;28.10.2016;21;2;26;40;39;6;12;24;53;30;58;36;17;1;59;34;16;13;42;55
2469;27.10.2016;27;17;2;18;52;14;9;32;41;20;30;48;42;31;3;35;38;25;58;40
2468;26.10.2016;12;38;51;41;43;7;48;44;26;33;47;54;28;22;53;21;4;55;35;49
2467;25.10.2016;22;40;5;38;15;19;20;25;23;41;49;51;18;28;43;59;50;44;7;31
2466;24.10.2016;36;45;52;15;4;46;34;14;3;33;7;41;5;26;32;58;53;22;55;8
2465;23.10.2016;54;21;24;5;28;36;12;9;48;14;59;33;16;43;3;10;13;20;55;46
2464;22.10.2016;46;38;4;18;57;7;24;48;31;22;56;39;54;23;47;25;32;5;29;51
2463;21.10.2016;37;31;19;41;15;14;29;24;7;56;42;2;44;6;39;17;13;40;38;35
2462;20.10.2016;55;28;18;39;34;58;52;11;29;36;25;24;31;21;43;42;23;30;14;1
2461;19.10.2016;39;47;60;26;9;14;36;50;43;59;11;13;12;53;16;29;6;46;22;4
2460;18.10.2016;49;33;51;24;53;42;58;59;18;4;13;26;60;22;7;30;3;57;20;50
2459;17.10.2016;35;44;10;20;3;28;6;51;19;29;53;26;38;41;24;56;39;11;15;25
2458;16.10.2016;22;11;1;47;2;32;45;31;41;60;44;26;46;55;13;23;57;17;5;30
2457;15.10.2016;11;41;20;50;4;60;32;8;38;19;6;14;49;2;17;27;47;46;51;21
2456;14.10.2016;11;27;19;33;14;25;1;6;13;55;50;17;60;48;57;54;28;16;36;42
2455;13.10.2016;21;15;31;49;56;35;22;57;50;7;9;40;27;26;28;54;17;25;46;29
2454;12.10.2016;40;7;57;56;13;59;20;34;39;1;58;35;29;42;18;46;44;2;36;26
2453;11.10.2016;39;14;60;41;26;36;52;12;51;13;5;25;57;30;59;42;47;21;7;43
2452;10.10.2016;36;57;13;45;2;7;51;8;12;4;43;47;48;33;28;59;6;50;23;37
2451;09.10.2016;7;41;38;60;8;26;19;17;3;1;34;46;14;29;50;51;10;53;6;35
2450;08.10.2016;26;37;18;55;57;60;20;52;40;39;19;58;36;23;48;12;28;13;38;22
2449;07.10.2016;22;20;6;36;8;41;33;42;45;27;28;11;7;35;23;49;29;56;58;12
2448;06.10.2016;12;25;30;43;17;20;33;51;34;53;59;35;23;50;48;27;41;38;6;9
2447;05.10.2016;27;16;43;60;1;5;8;22;40;28;13;45;53;14;39;56;34;2;44;58
2446;04.10.2016;42;31;54;10;38;46;41;52;27;11;44;8;14;32;45;39;24;19;22;5
2445;03.10.2016;47;57;39;2;56;54;53;12;55;37;19;8;20;49;43;25;58;48;31;46
2444;02.10.2016;33;7;3;23;59;54;26;60;46;29;17;56;38;43;11;12;49;32;42;50
2443;01.10.2016;31;25;38;10;30;43;32;5;34;60;7;15;46;48;20;36;33;41;23;1
2442;30.09.2016;56;60;31;55;15;33;22;53;2;44;46;37;21;23;16;11;19;4;28;57
2441;29.09.2016;11;7;13;4;22;51;54;47;39;60;36;46;50;52;49;29;21;40;25;57
2440;28.09.2016;1;15;45;52;16;20;34;12;23;51;30;35;24;38;10;6;18;21;43;2
2439;27.09.2016;23;28;19;36;43;26;54;27;38;50;24;15;46;10;13;20;22;17;29;41
2438;26.09.2016;38;5;54;14;32;19;2;7;48;25;27;18;49;13;35;24;28;52;6;10
2437;25.09.2016;46;35;34;14;26;45;41;3;49;50;60;39;29;48;28;56;9;47;51;53
2436;24.09.2016;36;46;9;21;56;35;27;39;1;58;50;3;43;17;26;48;29;20;51;10
2435;23.09.2016;17;57;53;37;3;7;19;2;49;52;46;11;22;6;28;1;50;34;48;18
2434;22.09.2016;45;40;34;26;31;48;33;47;50;8;21;20;28;9;22;44;14;12;58;42
2433;21.09.2016;39;11;40;33;6;42;41;46;36;28;56;9;20;19;8;38;17;5;22;25
2432;20.09.2016;34;18;7;36;6;56;43;5;29;55;21;19;13;1;38;3;41;39;25;11
2431;19.09.2016;59;3;44;26;24;47;37;8;33;28;15;14;50;1;11;2;20;22;21;60
2430;18.09.2016;27;14;43;58;37;5;51;48;12;17;50;42;59;45;53;35;9;41;1;56
2429;17.09.2016;19;12;38;30;11;46;1;39;55;40;49;23;41;15;22;44;25;43;56;26
2428;16.09.2016;56;8;50;41;38;28;53;60;18;43;44;57;26;45;30;17;31;23;35;10
2427;15.09.2016;22;50;56;37;36;32;46;3;30;31;16;59;4;57;51;49;7;45;1;40
2426;14.09.2016;58;47;35;21;14;33;25;57;28;45;13;22;50;18;16;37;44;52;54;46
2425;13.09.2016;18;34;35;1;24;7;16;31;39;56;53;20;55;46;48;3;37;60;50;21
2424;12.09.2016;8;21;6;11;23;47;36;41;9;52;46;22;51;18;1;12;3;30;26;2
2423;11.09.2016;38;10;56;15;27;19;43;29;8;53;24;7;37;28;41;52;47;26;31;12
2422;10.09.2016;12;39;33;31;50;58;24;60;32;6;13;44;45;8;47;57;41;7;14;37
2421;09.09.2016;42;44;6;56;43;48;19;5;26;50;55;41;4;57;30;39;22;24;58;7
2420;08.09.2016;3;58;44;45;36;26;52;53;34;28;21;10;50;18;55;31;48;59;33;2
2419;07.09.2016;29;58;11;48;56;34;32;53;41;39;52;38;40;54;42;49;6;1;30;50
2418;06.09.2016;4;17;28;25;55;43;29;31;40;19;58;8;11;57;35;10;9;33;18;51
2417;05.09.2016;2;29;51;45;9;36;33;26;10;49;50;44;58;59;42;27;24;17;8;5
2416;04.09.2016;6;60;38;25;18;45;1;49;59;42;35;23;26;17;4;8;39;44;30;40
2415;03.09.2016;27;58;5;23;16;33;9;6;50;41;55;32;12;22;19;1;37;54;52;2
2414;02.09.2016;19;31;30;18;11;44;43;7;23;38;35;29;13;37;49;53;24;55;33;50
2413;01.09.2016;22;24;54;6;41;7;11;27;10;33;59;52;17;35;36;55;40;48;45;42
2412;31.08.2016;37;9;29;17;24;11;25;13;39;3;2;21;36;49;58;33;22;23;28;51
2411;30.08.2016;58;13;41;46;43;23;11;37;20;59;4;35;38;40;18;31;10;55;2;24
2410;29.08.2016;29;58;34;38;19;5;35;9;31;45;40;21;23;36;33;30;13;59;8;56
2409;28.08.2016;43;30;20;25;34;13;5;35;29;4;36;1;12;11;7;38;42;60;3;40
2408;27.08.2016;5;6;54;32;27;47;13;46;21;2;38;18;25;26;28;9;36;33;50;43
2407;26.08.2016;31;22;38;50;35;45;21;55;43;24;58;1;23;54;3;18;60;4;7;42
2406;25.08.2016;42;17;27;45;11;58;24;53;34;55;18;40;5;1;32;37;60;19;33;10
2405;24.08.2016;3;60;38;16;13;49;59;1;58;34;37;7;55;6;31;12;20;4;46;28
2404;23.08.2016;7;11;32;20;18;1;2;39;33;59;52;24;35;29;49;5;57;27;30;48
2403;22.08.2016;19;14;9;32;35;30;53;49;41;2;48;31;3;22;29;27;55;4;57;51
2402;21.08.2016;32;50;17;39;29;3;33;14;60;18;9;44;49;57;4;40;56;41;28;8
2401;20.08.2016;13;29;14;5;54;36;15;58;60;56;34;37;55;22;51;45;3;8;44;4
2400;19.08.2016;18;26;2;27;4;15;34;52;10;45;19;17;35;33;21;54;5;8;37;14
2399;18.08.2016;31;43;56;32;33;40;26;25;6;58;8;13;55;45;11;21;22;34;2;36
2398;17.08.2016;33;15;2;38;42;10;41;50;3;9;30;24;6;49;5;55;40;45;29;56
2397;16.08.2016;10;1;42;18;47;3;48;43;21;12;57;13;41;29;52;51;56;25;2;50
2396;15.08.2016;55;19;51;49;33;11;13;32;20;45;44;58;34;59;25;2;35;50;28;39
2395;14.08.2016;41;4;24;5;49;29;18;21;58;13;8;46;27;1;10;34;60;32;14;52
2394;13.08.2016;3;15;4;60;19;37;44;29;28;17;9;24;20;47;39;54;46;14;36;25
2393;12.08.2016;55;25;38;21;45;14;5;51;23;42;31;56;3;34;8;4;29;35;39;2
2392;11.08.2016;32;41;6;48;50;51;30;27;16;56;12;17;3;55;8;49;36;54;18;26
2391;10.08.2016;55;59;40;15;10;38;45;47;13;20;7;37;9;39;11;54;30;5;19;8
2390;09.08.2016;26;44;7;37;29;13;53;33;10;18;54;4;12;2;43;19;21;57;23;46
2389;08.08.2016;53;22;59;15;24;25;57;58;16;5;26;10;46;32;33;30;48;54;34;21
2388;07.08.2016;34;31;10;26;6;8;5;22;30;52;12;41;19;54;16;27;29;15;50;43
2387;06.08.2016;43;8;16;35;49;48;14;22;1;54;9;18;58;17;12;27;11;37;19;52
2386;05.08.2016;57;40;10;42;58;22;37;39;32;41;23;33;60;49;7;11;59;18;44;31
2385;04.08.2016;14;29;21;46;32;24;47;48;23;27;45;20;51;33;8;49;6;25;11;4
2384;03.08.2016;20;21;25;41;49;1;34;50;23;55;58;9;52;39;16;35;19;44;13;6
2383;02.08.2016;17;33;6;51;40;5;37;48;3;16;7;23;29;54;11;41;35;24;53;14
2382;01.08.2016;19;26;36;3;4;32;46;54;56;23;38;40;8;55;35;60;25;37;33;9
2381;31.07.2016;15;49;50;9;28;26;11;48;51;18;54;46;5;20;39;17;8;12;21;23
2380;30.07.2016;2;35;34;19;36;1;45;14;46;7;3;40;16;53;51;28;54;33;50;23
2379;29.07.2016;6;37;58;22;45;46;20;47;2;34;7;54;57;41;16;38;56;36;19;21
2378;28.07.2016;3;24;58;40;30;18;31;23;49;59;21;53;14;19;9;4;6;25;60;27
2377;27.07.2016;20;18;40;59;36;32;6;2;3;54;60;39;29;25;31;7;28;46;50;26
2376;26.07.2016;10;30;22;45;60;3;58;50;1;46;36;34;27;51;44;12;35;57;59;47
2375;25.07.2016;17;29;47;44;27;52;13;34;55;15;58;14;51;40;18;35;41;22;24;60
2374;24.07.2016;48;3;10;42;15;25;4;7;1;33;59;2;50;56;29;53;54;28;44;9
2373;23.07.2016;37;12;21;44;45;25;5;27;3;29;16;24;9;42;17;1;48;40;53;50
2372;22.07.2016;25;41;40;48;18;36;58;22;1;9;24;39;53;45;42;57;55;2;10;28
2371;21.07.2016;4;33;51;55;56;20;42;40;3;27;37;18;11;32;48;60;29;14;22;9
2370;20.07.2016;8;11;19;18;56;15;50;45;40;5;49;17;7;30;60;9;22;3;1;54
2369;19.07.2016;54;9;42;20;7;49;24;39;36;30;43;25;31;21;13;14;6;16;1;32
2368;18.07.2016;24;31;51;42;19;10;45;18;14;3;38;28;40;2;35;36;20;44;55;46
2367;17.07.2016;7;57;8;41;6;26;44;2;43;9;15;18;14;19;48;59;33;34;32;55
2366;16.07.2016;9;44;42;45;60;26;56;50;22;6;51;19;49;28;13;48;3;55;2;34
2365;15.07.2016;16;10;25;7;56;54;34;42;37;29;28;45;51;52;36;11;13;9;1;49
2364;14.07.2016;59;49;42;51;17;26;53;46;37;20;27;58;28;34;50;35;60;44;15;8
2363;13.07.2016;37;52;3;1;4;46;60;49;2;20;54;24;57;11;21;16;50;27;26;17
2362;12.07.2016;24;5;2;35;47;44;40;19;8;20;36;39;15;21;45;1;48;25;4;10
2361;11.07.2016;45;32;31;10;60;2;18;4;28;13;26;8;35;39;47;20;7;5;52;27
2360;10.07.2016;53;2;24;60;38;39;25;30;18;5;27;56;50;31;19;55;28;23;51;34
2359;09.07.2016;18;5;13;52;25;48;17;38;58;6;49;44;27;31;3;53;59;19;9;37
2358;08.07.2016;47;60;18;51;14;29;56;20;43;12;3;4;26;7;6;31;23;11;21;5
2357;07.07.2016;43;22;48;38;10;29;44;32;57;8;42;14;33;7;53;35;54;56;55;36
2356;06.07.2016;26;2;19;15;46;58;39;21;49;10;6;22;30;17;28;56;16;9;24;20
2355;05.07.2016;7;18;57;11;1;34;55;41;60;3;43;13;59;49;51;31;42;35;38;39
2354;04.07.2016;35;47;53;57;42;26;39;4;58;28;49;43;7;12;15;9;55;46;24;60
2353;03.07.2016;40;27;16;18;50;20;52;39;59;45;37;51;32;46;44;23;24;1;10;22
2352;02.07.2016;1;9;51;35;29;30;44;33;13;53;41;12;26;38;37;59;60;21;2;11
2351;01.07.2016;4;19;55;18;15;34;57;58;17;22;38;49;52;25;39;2;14;54;12;37
2350;30.06.2016;56;39;38;44;55;6;26;59;12;37;60;23;54;3;50;11;47;14;58;40
2349;29.06.2016;39;51;2;59;20;41;56;9;43;27;36;17;14;19;33;23;57;37;24;58
2348;28.06.2016;17;4;11;48;16;29;47;30;42;8;43;46;53;54;33;24;23;3;36;6
2347;27.06.2016;48;31;6;10;43;38;40;46;41;26;50;17;30;33;4;44;34;8;25;49
2346;26.06.2016;17;52;22;10;32;54;13;3;41;37;49;24;15;14;30;56;26;39;20;5
2345;25.06.2016;33;28;45;40;3;47;18;43;41;26;30;36;12;29;49;46;13;23;11;57
2344;24.06.2016;19;8;58;56;16;15;40;5;33;12;20;34;55;46;29;52;35;28;21;13
2343;23.06.2016;45;41;14;40;29;6;33;39;1;5;46;18;26;43;50;7;36;52;16;57
2342;22.06.2016;56;59;50;11;28;24;16;44;45;42;60;2;31;54;47;40;39;8;53;3
2341;21.06.2016;14;51;41;45;16;15;32;1;11;49;43;18;40;8;6;39;33;38;34;57
2340;20.06.2016;40;47;59;29;28;57;11;32;56;36;3;13;10;5;17;50;33;53;35;8
2339;19.06.2016;50;42;10;47;12;33;27;19;36;56;18;5;4;53;7;22;59;17;11;23
2338;18.06.2016;60;36;23;47;50;12;41;16;34;11;37;32;56;27;25;26;8;15;49;1
2337;17.06.2016;31;41;1;24;6;46;14;7;21;35;50;22;27;18;53;49;60;29;40;4
2336;16.06.2016;52;54;6;14;41;33;25;34;13;47;44;56;26;50;45;51;48;17;21;7
2335;15.06.2016;42;51;54;22;57;35;28;2;6;25;21;26;59;43;19;3;5;12;46;9
2334;14.06.2016;23;58;51;48;37;18;14;9;31;16;8;22;13;45;19;17;29;12;11;26
2333;13.06.2016;49;58;53;6;14;21;51;29;60;10;22;8;46;44;40;17;50;25;24;41
2332;12.06.2016;59;26;21;44;46;15;17;1;52;8;32;57;51;41;10;14;2;53;48;20
2331;11.06.2016;47;36;45;16;38;25;49;4;40;42;48;59;53;13;22;12;44;32;31;57
2330;10.06.2016;6;58;14;56;4;54;31;48;36;33;12;22;60;13;37;28;34;2;7;41
2329;09.06.2016;45;33;26;43;7;4;54;59;32;44;24;21;13;6;42;50;29;47;49;3
2328;08.06.2016;21;15;47;8;35;25;31;9;33;52;58;10;49;26;5;38;54;39;20;46
2327;07.06.2016;47;26;4;11;35;23;54;12;50;6;58;46;9;33;41;51;52;60;5;42
2326;06.06.2016;21;19;15;51;11;31;9;57;16;34;26;1;39;6;27;7;10;32;13;5
2325;05.06.2016;18;1;14;24;37;57;28;46;36;10;45;26;47;8;40;53;59;6;30;22
2324;04.06.2016;28;8;21;40;41;43;29;14;11;23;47;1;50;42;34;55;10;17;36;44
2323;03.06.2016;24;26;6;36;12;37;33;60;52;47;2;40;1;7;27;35;39;16;11;44
2322;02.06.2016;13;57;32;38;51;49;41;37;24;46;40;6;34;55;8;42;21;10;4;9
2321;01.06.2016;34;16;19;11;59;8;5;38;26;49;50;42;28;27;56;2;17;39;29;4
2320;31.05.2016;24;15;1;7;20;36;48;49;52;33;32;12;53;25;42;44;5;22;2;58
2319;30.05.2016;45;9;60;8;6;42;53;35;1;12;16;7;21;41;52;20;13;58;33;11
2318;29.05.2016;3;29;20;16;42;47;22;46;32;18;34;11;52;60;33;38;6;24;21;23
2317;28.05.2016;12;23;55;35;7;16;54;38;37;57;29;43;60;9;14;58;39;19;26;2
2316;27.05.2016;40;43;34;60;29;36;14;28;30;52;16;50;12;45;41;38;19;17;48;8
2315;26.05.2016;14;1;24;57;27;58;13;19;44;45;54;47;32;60;56;33;43;22;49;42
2314;25.05.2016;2;23;58;40;55;5;50;8;12;1;17;4;49;11;51;18;6;16;52;32
2313;24.05.2016;1;42;44;57;48;15;60;21;46;30;11;59;39;27;23;28;51;9;50;35
2312;23.05.2016;21;2;3;4;5;32;14;49;20;60;10;1;52;40;34;16;17;39;9;27
2311;22.05.2016;29;40;20;44;58;46;7;12;3;52;2;18;47;28;35;60;56;41;14;57
2310;21.05.2016;51;18;34;12;10;53;17;15;35;14;55;38;19;11;2;48;57;16;33;39
2309;20.05.2016;27;7;33;58;19;54;13;5;1;24;6;43;38;50;16;56;34;28;30;45
2308;19.05.2016;48;39;42;34;20;50;53;38;45;31;26;16;32;21;7;47;18;29;46;15
2307;18.05.2016;53;48;30;23;21;8;47;2;14;44;51;16;59;7;35;37;12;60;57;24
2306;17.05.2016;43;28;38;42;15;46;26;9;11;54;25;31;59;40;3;60;7;37;33;39
2305;16.05.2016;58;29;6;37;28;23;49;56;30;54;17;15;27;46;8;12;43;35;33;34
2304;15.05.2016;15;1;50;4;60;22;51;39;24;17;36;6;34;30;38;57;23;14;41;47
2303;14.05.2016;55;25;36;31;53;15;44;8;47;4;29;42;5;49;16;57;45;28;21;11
2302;13.05.2016;38;59;34;7;37;57;51;60;11;27;54;31;6;18;53;44;17;3;32;21
2301;12.05.2016;54;43;3;23;11;58;50;9;22;31;6;26;7;27;45;32;5;20;33;38
2300;11.05.2016;40;15;23;27;45;54;18;13;12;60;35;53;50;49;3;37;10;25;36;39
2299;10.05.2016;51;12;52;47;37;27;7;60;41;44;2;55;26;9;21;36;10;50;5;29
2298;09.05.2016;31;12;16;59;52;23;14;30;36;15;25;46;55;53;35;39;8;10;28;37
2297;08.05.2016;31;43;7;20;5;15;26;24;11;3;10;8;57;39;56;55;49;33;9;42
2296;07.05.2016;27;47;33;45;56;55;49;21;18;22;42;10;36;32;15;13;29;44;57;53
2295;06.05.2016;60;34;35;49;2;42;48;44;40;38;39;8;13;53;14;43;10;52;47;20
2294;05.05.2016;16;15;4;55;28;26;48;17;27;13;1;58;41;7;50;21;60;53;12;56
2293;04.05.2016;30;54;23;45;46;20;44;11;51;7;41;15;4;9;48;24;10;43;57;58
2292;03.05.2016;36;48;28;8;17;56;38;23;29;57;44;41;49;46;6;21;27;60;59;24
2291;02.05.2016;18;34;14;21;59;2;32;47;41;49;10;1;46;38;36;33;15;52;60;43
2290;01.05.2016;60;31;13;41;10;25;48;4;40;26;1;37;51;15;53;19;46;20;35;12
2289;30.04.2016;12;47;44;50;17;43;30;15;7;23;54;48;14;19;31;20;9;25;57;51
2288;29.04.2016;13;19;54;1;7;45;2;6;56;48;22;42;55;20;3;47;44;4;30;36
2287;28.04.2016;15;40;51;28;20;38;42;30;45;48;13;46;7;58;41;4;43;49;35;32
2286;27.04.2016;11;59;23;51;22;3;2;30;32;39;16;36;28;58;4;26;14;33;17;46
2285;26.04.2016;25;45;11;42;43;58;22;13;19;18;17;4;52;14;3;30;51;1;49;34
2284;25.04.2016;37;43;20;22;41;39;45;42;56;6;47;1;35;44;52;11;15;46;36;5
2283;24.04.2016;36;59;31;44;52;5;3;54;21;9;20;43;27;39;40;28;51;12;58;55
2282;23.04.2016;16;5;31;58;30;39;55;10;37;6;54;57;1;44;15;19;11;60;51;40
2281;22.04.2016;55;32;39;26;50;16;6;33;27;44;15;58;56;59;3;53;37;46;51;45
2280;21.04.2016;60;14;31;35;22;37;43;50;54;56;58;55;41;57;10;27;6;9;47;30
2279;20.04.2016;50;28;27;59;2;56;8;51;37;60;54;24;9;1;29;48;41;42;11;3
2278;19.04.2016;23;46;49;54;15;53;29;55;26;34;57;10;50;16;32;31;2;1;17;60
2277;18.04.2016;22;20;41;46;58;7;35;19;18;31;34;55;40;44;5;17;54;36;49;23
2276;17.04.2016;23;55;34;11;28;42;25;1;3;10;7;21;6;60;57;26;41;19;33;32
2275;16.04.2016;40;7;31;8;25;36;55;59;1;17;30;37;58;44;57;54;16;34;49;48
2274;15.04.2016;44;13;35;55;50;15;37;36;18;57;45;12;30;21;42;5;43;32;58;51
2273;14.04.2016;34;3;40;43;57;27;5;26;47;21;37;33;49;28;31;29;4;58;12;11
2272;13.04.2016;46;60;36;40;19;4;18;15;50;11;8;30;27;6;58;51;24;21;35;44
2271;12.04.2016;51;46;13;55;17;44;15;18;2;16;32;52;50;29;23;42;12;37;21;20
2270;11.04.2016;51;23;6;60;55;25;24;17;19;27;57;36;16;12;26;3;35;45;7;4
2269;10.04.2016;1;31;13;22;15;29;21;25;9;4;2;48;5;51;43;50;28;49;35;54
2268;09.04.2016;3;53;36;34;57;38;51;25;47;46;37;40;30;29;55;45;15;14;28;19
2267;08.04.2016;28;30;36;12;31;51;38;17;44;18;52;33;40;2;4;26;19;57;3;54
2266;07.04.2016;47;44;56;6;14;58;26;53;28;7;9;30;15;31;1;57;11;33;37;12
2265;06.04.2016;56;39;15;41;27;25;33;46;32;44;18;24;30;1;20;60;45;23;6;37
2264;05.04.2016;4;41;27;7;14;13;20;59;48;19;56;39;17;23;38;35;32;36;21;6
2263;04.04.2016;52;31;13;44;55;28;59;36;30;18;41;4;11;27;12;50;17;35;21;14
2262;03.04.2016;18;36;33;11;57;35;59;20;8;19;15;56;2;25;51;3;23;49;55;31
2261;02.04.2016;23;7;8;49;38;16;18;36;54;48;45;51;9;4;20;34;53;60;57;12
2260;01.04.2016;16;15;10;36;24;39;27;52;41;40;1;25;30;20;14;50;59;3;45;23
2259;31.03.2016;54;34;32;22;57;5;9;41;36;49;45;55;33;42;59;52;13;60;37;46
2258;30.03.2016;27;36;3;29;12;48;17;46;57;7;16;10;55;41;43;50;58;56;44;52
2257;29.03.2016;38;52;44;19;59;57;53;15;60;40;26;33;1;22;20;6;8;43;48;36
2256;28.03.2016;60;38;41;2;9;26;46;55;19;42;58;32;59;52;22;53;11;39;28;16
2255;27.03.2016;15;42;14;8;31;40;24;59;29;50;47;26;55;11;27;3;30;58;9;18
2254;26.03.2016;53;51;2;28;50;5;48;1;17;27;19;31;49;46;10;25;39;38;42;59
2253;25.03.2016;18;6;31;7;38;57;11;8;24;17;2;44;55;35;41;30;48;50;43;13
2252;24.03.2016;57;38;17;33;11;56;43;58;28;3;5;14;2;12;53;52;35;32;45;39
2251;23.03.2016;48;53;6;51;29;26;27;50;15;45;56;10;25;34;17;1;2;18;60;44
2250;22.03.2016;47;2;35;51;22;56;24;14;55;3;1;31;10;44;40;59;16;32;58;54
2249;21.03.2016;43;54;12;13;28;44;18;49;2;42;37;59;39;31;56;53;46;5;35;55
2248;20.03.2016;11;7;59;14;27;52;6;42;10;45;13;19;8;17;12;49;18;5;24;60
2247;19.03.2016;17;5;14;23;50;48;6;19;9;12;34;49;27;57;11;54;60;39;22;26
2246;18.03.2016;15;42;55;34;1;6;28;17;51;47;10;26;60;45;40;29;39;56;33;30
2245;17.03.2016;44;26;8;48;58;19;5;31;17;3;37;42;21;60;53;55;15;13;23;25
2244;16.03.2016;43;14;53;8;50;44;22;51;3;30;39;28;36;7;27;52;1;32;12;17
2243;15.03.2016;22;10;32;25;45;41;48;4;39;18;6;9;38;54;42;19;31;21;49;7
2242;14.03.2016;25;37;18;1;58;48;33;21;60;47;12;2;55;43;14;28;49;22;56;44
2241;13.03.2016;18;34;52;41;50;28;27;57;26;16;42;51;59;39;29;1;30;55;17;11
2240;12.03.2016;10;25;55;11;44;60;58;1;35;41;34;59;33;42;57;15;43;49;47;53
2239;11.03.2016;19;44;9;35;55;30;16;27;26;51;41;18;50;33;42;53;56;54;60;6
2238;10.03.2016;16;32;41;36;3;57;23;25;47;21;58;9;35;43;19;15;46;17;22;49
2237;09.03.2016;56;47;1;22;6;43;35;60;26;25;23;53;40;27;37;20;4;52;45;58
2236;08.03.2016;25;9;8;58;28;57;31;2;15;60;5;1;16;50;29;6;7;45;51;36
2235;07.03.2016;9;38;35;4;26;22;17;53;50;13;10;2;11;30;8;19;32;12;29;46
2234;06.03.2016;36;12;43;4;15;55;25;24;16;20;31;37;14;5;45;57;2;13;48;56
2233;05.03.2016;22;51;41;38;2;14;8;59;54;16;32;10;30;5;46;20;3;48;13;49
2232;04.03.2016;6;42;40;57;43;47;2;49;33;22;15;31;30;54;28;27;39;24;3;50
2231;03.03.2016;26;11;51;23;18;57;3;38;60;9;50;44;4;22;34;43;8;29;39;5
2230;02.03.2016;15;45;13;33;60;18;31;32;50;43;14;48;42;56;40;53;7;20;39;4
2229;01.03.2016;14;49;59;24;20;15;32;10;33;53;17;37;5;3;19;7;44;8;18;26
2228;29.02.2016;48;57;16;47;25;43;2;32;23;51;6;4;55;9;18;59;36;17;39;24
2227;28.02.2016;27;18;9;10;24;50;11;40;12;37;31;3;58;54;8;25;42;22;15;48
2226;27.02.2016;15;54;28;53;60;18;23;11;8;17;44;13;14;4;36;38;12;49;46;5
2225;26.02.2016;25;35;60;30;42;2;50;58;57;4;10;51;53;21;40;11;17;43;29;45
2224;25.02.2016;30;2;20;57;14;55;53;16;15;39;23;25;7;24;35;41;58;36;44;59
2223;24.02.2016;13;32;41;60;58;17;23;54;48;59;31;49;38;7;40;21;47;52;33;5
2222;23.02.2016;16;51;28;53;33;57;34;48;12;10;46;55;31;32;58;8;9;41;24;36
2221;22.02.2016;32;60;33;48;17;29;18;55;21;35;31;13;12;8;59;22;28;11;45;57
2220;21.02.2016;48;3;22;55;49;31;44;29;8;58;38;24;39;9;10;47;35;37;54;50
2219;20.02.2016;19;14;25;3;11;56;16;46;4;27;28;47;58;48;18;33;52;37;34;10
2218;19.02.2016;15;55;26;58;25;2;46;16;28;17;24;37;57;7;36;41;4;10;8;47
2217;18.02.2016;49;34;53;44;14;43;50;29;3;35;57;12;31;10;13;1;23;58;18;30
2216;17.02.2016;2;17;40;23;39;24;3;9;5;53;57;58;42;11;13;10;28;35;21;14
2215;16.02.2016;38;49;58;16;32;24;25;53;48;10;46;11;56;52;40;31;14;20;50;12
2214;15.02.2016;58;48;13;55;40;50;57;14;22;56;19;20;27;11;33;9;52;47;16;43
2213;14.02.2016;37;2;39;31;7;46;24;47;28;53;27;19;35;26;11;22;50;4;43;58
2212;13.02.2016;44;47;13;49;31;5;36;12;40;35;38;10;28;29;21;50;33;51;23;41
2211;12.02.2016;19;49;29;47;2;31;55;26;5;4;30;12;18;22;9;44;10;27;25;40
2210;11.02.2016;12;59;54;35;55;4;11;56;46;2;18;7;39;15;26;40;41;16;25;19
2209;10.02.2016;3;21;7;1;53;51;6;4;16;45;48;43;41;11;42;19;38;60;35;18
2208;09.02.2016;51;17;10;36;32;43;33;38;18;37;49;56;58;21;46;44;14;8;28;54
2207;08.02.2016;10;47;30;8;56;14;39;17;34;18;59;12;42;2;26;13;37;3;50;29
2206;07.02.2016;50;5;55;45;28;57;27;10;11;6;31;60;14;2;29;54;34;20;15;37
2205;06.02.2016;14;52;3;2;13;58;33;26;25;35;31;59;12;54;42;32;16;47;18;34
2204;05.02.2016;60;29;55;30;33;7;49;45;52;46;56;2;16;44;54;6;9;28;42;36
2203;04.02.2016;60;47;2;15;5;34;35;57;28;39;43;4;9;48;6;7;17;30;55;56
2202;03.02.2016;5;51;34;48;3;27;56;22;52;18;19;33;30;14;37;13;46;2;21;12
2201;02.02.2016;57;59;38;16;26;17;34;29;1;40;25;36;22;28;41;39;50;45;7;6
2200;01.02.2016;41;51;30;22;50;35;34;54;44;31;6;26;29;2;52;16;32;17;60;11
2199;31.01.2016;7;40;13;53;17;30;24;43;4;48;20;37;16;39;1;6;22;34;21;45
2198;30.01.2016;24;34;20;17;58;8;35;18;1;54;32;10;30;60;56;3;47;50;52;37
2197;29.01.2016;37;39;26;29;5;50;11;60;30;45;7;38;23;43;1;18;13;44;41;31
2196;28.01.2016;23;4;16;43;53;51;48;5;49;35;9;22;15;41;7;56;42;14;2;27
2195;27.01.2016;44;21;20;11;5;23;48;58;9;34;39;59;43;53;60;17;29;28;54;40
2194;26.01.2016;6;10;56;39;2;27;42;54;44;59;29;15;11;33;41;47;50;8;7;26
2193;25.01.2016;26;47;5;2;54;58;60;21;28;51;46;3;24;25;52;12;33;55;15;16
2192;24.01.2016;55;57;16;33;35;17;37;7;15;27;56;5;22;13;46;45;28;25;48;54
2191;23.01.2016;52;21;42;60;43;58;37;54;40;5;15;29;28;23;16;46;12;26;17;47
2190;22.01.2016;42;4;53;18;26;8;25;48;27;16;17;2;3;19;35;55;5;40;39;38
2189;21.01.2016;47;5;56;6;18;3;53;35;7;1;29;46;25;52;27;41;49;20;12;58
2188;20.01.2016;19;37;55;22;59;5;31;40;51;42;58;52;15;45;21;18;32;13;10;50
2187;19.01.2016;14;38;19;60;25;37;8;52;15;17;1;46;57;53;22;20;7;13;44;6
2186;18.01.2016;24;38;35;22;17;47;14;52;56;29;18;20;1;3;44;59;8;21;54;19
2185;17.01.2016;34;52;32;20;6;50;39;38;28;17;47;22;59;36;13;44;57;42;49;53
2184;16.01.2016;10;34;1;12;36;3;16;32;48;56;8;59;27;18;25;26;44;17;11;47
2183;15.01.2016;48;30;5;19;56;15;14;23;34;31;50;26;17;51;4;16;28;18;47;3
2182;14.01.2016;35;20;25;55;6;49;47;37;19;56;12;17;53;40;51;24;45;11;46;23
2181;13.01.2016;17;14;39;54;35;32;16;47;31;8;50;44;36;60;45;4;26;58;56;28
2180;12.01.2016;11;44;5;53;26;10;36;42;38;25;14;22;57;21;19;20;31;37;27;3
2179;11.01.2016;11;9;2;51;16;56;52;25;33;28;50;59;15;29;49;44;6;7;30;40
2178;10.01.2016;2;46;39;5;53;55;45;52;4;11;12;34;47;56;60;18;37;28;38;1
2177;09.01.2016;30;46;18;31;27;9;6;7;54;1;10;22;59;38;39;37;48;13;12;5
2176;08.01.2016;30;46;9;19;25;40;4;55;51;3;50;52;34;43;22;24;42;54;8;12
2175;07.01.2016;55;16;19;7;59;8;57;39;52;60;13;43;36;20;31;58;6;47;44;51
2174;06.01.2016;4;36;5;16;47;48;51;9;15;20;56;41;60;8;37;1;30;53;38;28
2173;05.01.2016;25;49;44;31;3;23;52;34;21;19;24;59;60;2;11;33;54;47;7;13
2172;04.01.2016;34;39;7;56;29;8;6;24;41;25;47;19;28;16;38;2;37;23;53;26
2171;03.01.2016;42;41;38;31;9;34;3;50;51;5;2;30;17;29;48;16;46;54;7;33
2170;02.01.2016;59;58;26;40;12;2;27;36;5;10;29;57;14;4;15;6;35;45;54;9
2169;01.01.2016;2;44;14;32;59;18;7;12;40;9;1;46;13;50;30;38;10;11;3;35
2168;31.12.2015;42;40;45;34;54;55;58;25;29;59;38;16;53;49;52;31;32;15;17;4
2167;30.12.2015;48;47;27;32;14;38;40;39;17;12;35;28;52;4;2;10;16;57;36;13
2166;29.12.2015;51;58;53;21;56;33;24;1;59;44;3;41;48;20;2;27;23;32;22;34
2165;28.12.2015;39;24;34;1;22;18;14;16;57;41;6;26;2;52;9;19;36;29;38;31
2164;27.12.2015;48;14;45;30;29;58;11;41;53;6;38;28;39;40;27;16;49;52;9;2
2163;26.12.2015;12;53;10;1;23;11;27;34;58;56;21;37;16;22;50;20;41;46;42;60
2162;25.12.2015;20;16;53;21;3;11;18;39;10;17;57;19;56;1;60;29;25;24;22;7
2161;24.12.2015;39;14;16;8;45;13;4;1;44;19;41;46;59;58;50;20;31;32;22;57
2160;23.12.2015;13;17;45;43;41;22;58;56;49;27;37;59;21;60;20;28;5;30;12;8
2159;22.12.2015;14;20;24;50;16;10;25;1;4;52;38;6;23;3;28;43;17;37;47;12
2158;21.12.2015;38;60;11;18;51;30;44;2;54;31;36;22;40;9;8;6;16;43;28;34
2157;20.12.2015;44;11;35;24;3;46;14;36;13;50;19;34;59;51;60;49;8;55;58;7
2156;19.12.2015;16;51;46;52;44;39;28;15;58;57;23;7;12;21;48;14;54;31;4;32
2155;18.12.2015;50;55;45;39;3;46;5;60;25;41;58;54;33;57;18;27;38;19;32;37
2154;17.12.2015;28;15;30;35;43;3;27;41;48;12;42;58;38;18;20;23;29;24;19;60
2153;16.12.2015;35;9;54;33;49;50;46;45;26;40;21;11;59;56;13;22;41;28;14;42
2152;15.12.2015;36;37;2;28;39;43;11;33;25;16;4;47;59;54;22;3;24;51;38;1
2151;14.12.2015;3;60;26;46;39;10;33;9;36;43;31;5;37;45;35;50;23;57;27;18
2150;13.12.2015;18;17;31;51;43;41;22;3;26;2;32;59;39;23;12;20;24;35;54;50
2149;12.12.2015;18;58;2;54;60;35;46;37;5;50;48;23;4;20;16;43;21;51;55;24
2148;11.12.2015;32;16;17;12;3;51;21;31;48;55;41;24;11;10;2;18;8;54;13;27
2147;10.12.2015;59;24;18;1;29;5;56;49;51;60;20;3;6;28;16;55;40;14;35;57
2146;09.12.2015;15;23;47;52;30;56;12;5;24;13;60;26;37;4;8;36;7;2;18;31
2145;08.12.2015;6;44;29;21;32;20;3;49;30;59;24;15;5;18;2;57;14;40;34;27
2144;07.12.2015;60;53;7;45;10;1;40;37;30;23;48;29;43;24;34;19;2;41;12;51
2143;06.12.2015;23;3;26;31;53;44;5;51;35;39;57;60;25;11;15;4;2;19;33;6
2142;05.12.2015;40;17;45;18;20;32;23;59;49;9;7;13;55;24;12;37;35;56;60;1
2141;04.12.2015;28;34;7;53;26;29;32;16;60;23;47;11;42;46;40;48;18;10;12;50
2140;03.12.2015;43;25;59;3;60;53;29;6;45;49;58;44;8;47;10;1;39;48;38;19
2139;02.12.2015;51;58;16;17;2;54;47;33;23;55;20;50;34;28;37;5;43;35;30;29
2138;01.12.2015;57;18;29;16;13;26;42;56;45;14;8;7;15;17;19;34;41;33;46;53
2137;30.11.2015;19;20;51;59;16;18;21;3;56;10;46;7;1;42;17;48;45;15;30;26
2136;29.11.2015;55;34;11;39;42;10;54;20;37;25;8;19;60;59;12;7;2;23;49;1
2135;28.11.2015;8;45;7;32;35;14;59;15;48;60;13;18;44;39;36;47;42;49;55;29
2134;27.11.2015;22;42;40;10;18;46;55;5;4;24;17;50;36;43;45;28;57;20;6;30
2133;26.11.2015;24;17;39;20;56;16;7;43;27;54;22;12;23;52;11;45;48;47;59;49
2132;25.11.2015;28;55;7;13;23;40;37;1;8;2;54;50;58;15;60;33;6;18;20;45
2131;24.11.2015;28;1;47;60;40;18;19;23;39;5;35;11;13;50;8;26;3;15;51;53
2130;23.11.2015;44;18;23;39;8;26;17;31;11;14;7;34;60;35;59;36;42;32;43;19
2129;22.11.2015;57;40;39;14;21;24;59;34;17;12;48;18;11;6;54;19;8;7;60;13
2128;21.11.2015;51;22;4;36;18;7;27;15;30;2;3;12;44;21;50;37;49;56;1;57
2127;20.11.2015;54;5;20;36;12;4;26;9;8;29;57;15;31;7;49;11;43;23;25;47
2126;19.11.2015;39;58;14;52;30;33;47;10;20;46;22;31;5;1;28;43;49;55;21;11
2125;18.11.2015;59;27;5;36;15;49;42;47;21;28;50;29;39;18;20;31;57;17;16;30
2124;17.11.2015;45;1;28;39;59;51;53;17;12;24;13;15;30;31;46;54;16;2;27;26
2123;16.11.2015;60;56;50;20;4;2;40;49;1;26;27;34;47;6;21;13;7;22;54;3
2122;15.11.2015;15;20;37;6;13;5;50;1;22;59;30;57;35;18;31;27;41;47;16;17
2121;14.11.2015;21;25;29;56;9;47;15;46;60;8;33;42;59;5;37;19;4;32;12;49
2120;13.11.2015;1;12;14;8;38;29;46;4;50;15;32;44;47;27;17;26;28;11;51;30
2119;12.11.2015;23;16;15;22;17;34;9;32;14;6;46;47;54;53;55;59;30;60;10;28
2118;11.11.2015;55;8;6;45;60;13;22;50;36;42;33;56;12;52;49;43;40;59;29;23
2117;10.11.2015;7;29;27;51;36;35;2;45;31;41;18;49;48;17;56;55;8;60;53;44
2116;09.11.2015;46;47;37;2;50;26;54;29;20;56;52;24;22;17;3;33;34;32;43;28
2115;08.11.2015;38;13;51;36;47;59;20;4;39;40;24;31;22;58;55;9;18;23;25;5
2114;07.11.2015;50;12;37;22;55;56;38;20;48;51;7;42;3;9;6;28;18;4;14;49
2113;06.11.2015;39;46;12;31;3;32;13;55;48;51;42;2;58;52;40;7;26;15;29;38
2112;05.11.2015;6;52;34;28;30;43;37;50;27;2;20;9;45;3;56;11;41;36;58;8
2111;04.11.2015;27;19;4;44;47;7;58;46;3;9;33;14;52;10;18;40;26;31;29;2
2110;03.11.2015;51;35;58;8;14;30;3;37;24;50;36;18;22;43;20;12;32;28;21;52
2109;02.11.2015;32;59;29;30;33;14;38;12;37;57;56;19;7;9;40;23;46;47;36;16
2108;01.11.2015;57;33;7;11;38;59;28;17;2;14;39;56;32;13;3;42;40;47;37;30
2107;31.10.2015;10;60;56;12;13;11;49;16;5;47;29;15;22;3;34;39;8;31;26;36
2106;30.10.2015;33;32;58;11;54;55;29;19;45;18;59;26;2;9;37;27;8;10;22;25
2105;29.10.2015;8;6;33;48;7;59;12;26;47;1;19;51;25;28;11;50;37;22;40;34
2104;28.10.2015;3;55;59;25;46;30;32;18;44;48;12;50;22;47;35;54;28;4;7;39
2103;27.10.2015;47;12;5;37;59;20;25;53;46;15;26;30;43;19;33;60;49;27;54;55
2102;26.10.2015;53;40;6;38;5;22;50;48;32;59;60;47;7;56;3;9;52;49;13;29
2101;25.10.2015;43;37;3;8;4;2;7;40;19;28;55;36;48;6;17;22;13;30;42;57
2100;24.10.2015;11;1;21;44;46;50;41;13;27;5;58;19;51;49;48;18;14;33;26;38
2099;23.10.2015;45;56;60;14;24;33;6;36;30;9;29;41;46;51;23;18;31;13;1;2
2098;22.10.2015;5;60;30;35;20;8;2;54;21;40;18;45;49;31;51;57;6;29;14;16
2097;21.10.2015;22;6;10;40;1;9;54;8;11;42;44;31;46;18;36;23;55;43;60;52
2096;20.10.2015;35;60;54;11;7;24;51;28;40;16;27;58;32;2;20;13;43;19;9;48
2095;19.10.2015;30;27;53;35;60;51;28;47;3;43;11;56;5;50;39;41;46;58;1;52
2094;18.10.2015;35;37;14;22;2;40;53;20;57;51;54;31;11;4;10;56;34;28;19;49
2093;17.10.2015;15;40;38;54;37;35;20;58;4;48;59;6;41;11;57;22;60;52;26;44
2092;16.10.2015;11;5;54;26;14;8;48;45;21;24;7;6;27;23;39;28;52;33;51;22
2091;15.10.2015;34;7;31;22;21;35;10;30;12;18;60;8;28;23;42;36;15;38;26;6
2090;14.10.2015;28;14;53;26;9;21;27;12;41;22;2;44;43;49;5;34;17;50;56;45
2089;13.10.2015;57;50;60;51;48;31;41;23;5;32;30;35;46;54;6;11;37;59;38;24
2088;12.10.2015;57;12;52;21;41;19;10;27;38;26;5;49;4;18;46;43;45;16;30;23
2087;11.10.2015;53;10;33;12;52;16;5;57;41;45;48;27;46;32;49;39;54;30;7;36
2086;10.10.2015;9;19;49;25;31;42;2;37;22;53;3;39;30;14;44;8;46;16;6;13
2085;09.10.2015;33;7;43;40;22;37;16;53;42;60;25;48;54;29;17;50;19;5;13;52
2084;08.10.2015;41;37;5;22;20;40;34;9;39;16;47;1;45;23;36;57;4;3;58;29
2083;07.10.2015;4;43;19;5;56;42;7;24;23;17;52;12;11;37;32;40;45;41;29;49
2082;06.10.2015;28;59;24;14;53;40;11;7;9;19;31;54;44;10;36;2;48;41;32;34
2081;05.10.2015;27;48;11;52;37;50;56;39;13;46;36;20;8;23;21;42;14;40;9;31
2080;04.10.2015;38;43;46;49;18;6;8;29;11;42;48;54;58;10;47;56;31;53;34;51
2079;03.10.2015;10;15;5;42;48;8;45;57;60;54;39;49;27;6;28;44;1;43;9;31
2078;02.10.2015;22;31;50;29;25;32;26;40;24;9;3;19;6;2;11;14;7;57;27;1
2077;01.10.2015;20;33;49;5;9;7;24;32;53;48;37;6;17;19;56;45;41;21;22;25
2076;30.09.2015;46;40;34;8;11;1;58;6;18;33;38;27;57;51;48;49;31;14;28;59
2075;29.09.2015;10;50;19;8;3;46;34;52;17;18;25;33;14;49;59;29;23;44;56;45
2074;28.09.2015;2;57;9;11;25;45;53;46;48;39;41;17;23;29;3;12;37;20;44;22
2073;27.09.2015;17;36;34;8;56;11;45;33;39;54;47;10;46;59;37;1;16;26;51;30
2072;26.09.2015;43;49;22;2;28;39;16;9;36;31;7;38;21;8;30;14;42;53;56;45
2071;25.09.2015;44;50;27;32;8;29;23;56;9;36;55;6;25;2;1;16;54;46;49;60
2070;24.09.2015;38;26;6;35;34;54;31;18;60;4;3;21;37;53;49;12;51;25;20;23
2069;23.09.2015;33;6;55;13;28;35;9;31;7;29;38;32;27;20;46;37;42;4;24;12
2068;22.09.2015;31;51;47;57;44;24;4;43;50;27;28;13;41;9;16;14;6;38;53;46
2067;21.09.2015;10;6;37;44;12;54;8;34;43;21;19;5;39;42;24;27;60;35;31;1
2066;20.09.2015;17;14;45;28;56;46;37;47;32;21;11;54;29;36;10;42;9;40;48;58
2065;19.09.2015;57;59;8;43;27;2;51;25;45;31;55;40;29;14;48;30;15;9;60;10
2064;18.09.2015;11;52;31;38;21;33;30;12;22;35;4;51;34;40;50;45;23;37;59;10
2063;17.09.2015;57;9;3;12;36;7;6;56;4;34;43;46;2;1;42;28;53;5;41;48
2062;16.09.2015;38;46;18;31;34;15;32;14;22;54;56;25;59;39;27;7;10;40;37;17
2061;15.09.2015;53;4;33;41;52;2;14;50;7;44;35;10;48;37;28;1;19;27;39;5
2060;14.09.2015;13;40;46;15;3;31;17;45;50;60;49;47;56;57;58;9;32;18;41;2
2059;13.09.2015;34;15;58;56;19;18;38;2;32;22;10;27;31;14;45;48;1;11;26;9
2058;12.09.2015;27;8;21;29;20;6;32;5;45;17;26;14;46;23;9;57;51;4;11;15
2057;11.09.2015;6;7;52;49;53;27;15;60;46;17;57;45;43;16;25;50;48;24;37;36
2056;10.09.2015;41;46;3;55;31;15;28;17;16;51;20;10;7;58;24;30;47;43;14;37
2055;09.09.2015;5;26;35;2;44;48;36;21;34;50;56;4;9;28;3;47;37;17;1;39
2054;08.09.2015;59;17;4;35;53;24;1;2;12;39;56;37;3;26;42;10;27;51;32;33
2053;07.09.2015;12;4;53;2;5;24;10;21;9;43;26;14;8;57;30;22;13;45;47;39
2052;06.09.2015;9;21;23;29;11;6;24;20;34;47;53;44;22;3;60;27;4;59;33;2
2051;05.09.2015;50;40;30;29;53;9;57;55;58;18;16;56;19;13;26;24;12;25;8;17
2050;04.09.2015;22;49;51;47;18;13;36;8;26;31;20;52;44;58;2;12;24;53;48;21
2049;03.09.2015;27;24;43;10;60;58;44;20;53;1;21;7;11;51;23;30;50;48;18;52
2048;02.09.2015;3;36;42;15;48;33;57;49;43;9;35;17;20;7;40;18;19;38;16;2
2047;01.09.2015;15;35;47;2;12;32;8;52;23;6;16;33;41;9;4;45;40;43;50;28
2046;31.08.2015;11;35;40;44;6;19;22;54;58;36;57;60;51;17;37;43;53;20;16;28
2045;30.08.2015;26;32;43;29;36;13;38;23;17;4;44;11;57;47;2;48;58;35;3;46
2044;29.08.2015;51;25;56;45;28;12;34;44;16;9;24;20;57;30;42;3;41;48;35;39
2043;28.08.2015;23;25;40;51;14;37;59;31;28;46;12;7;48;17;47;30;39;45;36;32
2042;27.08.2015;51;38;12;48;18;1;58;28;5;59;8;23;39;14;24;26;2;25;37;16
2041;26.08.2015;48;42;26;15;19;32;54;10;2;44;18;20;39;58;30;57;60;45;52;17
2040;25.08.2015;25;59;9;35;60;23;20;28;29;56;31;36;17;10;16;7;15;42;34;52
2039;24.08.2015;3;19;50;30;47;6;60;7;40;4;46;59;22;1;56;11;44;17;24;36
2038;23.08.2015;37;41;8;22;14;3;50;26;58;1;54;15;40;19;33;42;52;44;20;38
2037;22.08.2015;16;53;6;26;50;1;30;29;51;41;18;40;48;8;10;58;19;38;21;20
2036;21.08.2015;28;2;25;23;44;35;6;12;22;37;16;47;43;14;5;32;11;31;54;33
2035;20.08.2015;7;25;22;55;14;44;58;32;46;50;13;29;12;3;24;41;45;9;33;57
2034;19.08.2015;10;25;29;35;23;6;59;50;48;42;33;28;3;32;54;56;52;19;24;7
2033;18.08.2015;5;18;10;51;38;22;46;2;37;6;54;60;29;28;15;59;53;52;33;55
2032;17.08.2015;1;18;52;35;36;20;49;5;30;28;22;37;15;16;43;3;8;33;58;56
2031;16.08.2015;55;37;3;36;46;21;2;35;24;28;51;7;14;48;16;5;25;19;58;13
2030;15.08.2015;23;14;24;12;31;41;8;13;1;60;11;2;58;10;52;3;45;22;54;33
2029;14.08.2015;8;57;45;25;12;39;59;13;10;38;23;16;40;53;3;47;54;18;22;35
2028;13.08.2015;4;23;54;18;17;24;10;59;58;45;49;16;8;46;48;20;57;2;33;9
2027;12.08.2015;60;54;11;40;59;2;15;25;29;47;34;8;19;10;48;38;9;33;53;45
2026;11.08.2015;4;23;49;19;9;55;6;46;18;45;31;34;39;1;24;56;48;26;37;30
2025;10.08.2015;11;12;51;21;28;18;17;41;24;27;42;48;22;57;39;60;6;15;23;44
2024;09.08.2015;27;56;30;45;35;36;41;53;12;57;1;24;34;42;60;18;13;48;23;19
2023;08.08.2015;8;44;35;31;19;13;46;21;17;28;57;38;16;26;49;32;41;51;37;7
2022;07.08.2015;4;9;12;18;1;17;23;46;8;11;16;25;33;5;58;14;59;6;24;13
2021;06.08.2015;10;15;40;2;24;14;7;13;55;34;50;8;53;45;18;46;31;43;36;60
2020;05.08.2015;49;12;50;4;25;48;42;31;40;39;38;56;30;3;20;24;58;17;54;26
2019;04.08.2015;25;7;30;51;15;24;33;27;53;57;4;10;58;34;35;48;29;47;42;1
2018;03.08.2015;31;36;11;28;58;15;9;35;7;26;25;1;42;22;48;57;19;14;18;6
2017;02.08.2015;29;56;42;26;45;38;49;54;1;17;13;12;60;16;46;27;7;34;24;59
2016;01.08.2015;6;35;19;34;49;25;10;36;24;9;4;5;58;18;44;59;22;1;48;40
2015;31.07.2015;26;53;2;38;15;48;10;4;29;7;52;41;37;50;55;35;54;59;24;46
2014;30.07.2015;10;40;15;46;5;27;53;52;29;59;57;49;33;36;58;11;60;9;14;41
2013;29.07.2015;36;23;50;30;44;49;12;24;47;11;20;26;42;2;27;56;43;60;38;18
2012;28.07.2015;39;15;27;40;9;28;21;19;58;25;22;18;55;5;37;34;12;17;7;3
2011;27.07.2015;35;56;40;24;3;26;42;11;47;37;44;33;13;8;50;45;41;2;10;54
2010;26.07.2015;5;6;15;1;26;48;38;14;25;11;9;55;10;59;54;40;56;21;33;39
2009;25.07.2015;53;24;30;16;37;11;1;44;7;47;39;36;20;26;12;3;28;29;14;33
2008;24.07.2015;17;18;25;27;45;2;51;15;41;19;59;30;7;6;23;16;31;58;26;46
2007;23.07.2015;2;5;50;44;34;56;1;36;30;10;57;25;49;52;46;54;22;19;18;48
2006;22.07.2015;23;21;22;15;42;41;30;4;6;8;58;38;12;48;39;32;35;31;26;29
2005;21.07.2015;20;31;7;34;24;46;28;5;52;1;19;8;25;29;23;44;9;14;32;40
2004;20.07.2015;25;9;6;26;12;46;41;5;23;19;44;3;27;20;33;53;43;15;38;50
2003;19.07.2015;37;11;60;34;2;7;35;18;19;27;36;15;29;16;26;46;57;38;30;10
2002;18.07.2015;9;13;35;34;14;15;36;32;45;54;43;7;19;25;1;33;58;31;42;39
2001;17.07.2015;42;54;20;9;18;34;8;27;29;48;7;5;46;33;6;14;47;25;38;10
2000;16.07.2015;49;26;22;31;19;6;42;52;27;50;38;51;3;1;53;23;15;17;54;18
1999;15.07.2015;48;29;5;2;45;3;43;21;58;54;18;6;35;24;55;31;32;16;44;30
1998;14.07.2015;17;57;53;21;40;16;5;24;41;18;36;26;22;15;19;31;37;34;12;45
1997;13.07.2015;10;50;26;58;14;51;30;32;1;52;59;7;56;5;8;22;38;16;45;15
1996;12.07.2015;34;53;17;46;29;48;2;59;18;58;43;37;21;14;19;11;9;7;24;38
1995;11.07.2015;45;43;3;7;15;19;49;11;36;1;51;9;52;34;32;16;47;39;53;8
1994;10.07.2015;25;9;54;37;32;5;41;21;7;46;34;36;50;16;18;39;58;29;47;27
1993;09.07.2015;53;54;51;59;25;47;60;10;24;32;3;58;14;12;27;4;56;40;26;11
1992;08.07.2015;43;38;25;1;3;20;21;9;50;23;60;29;58;15;7;53;5;55;59;45
1991;07.07.2015;17;24;36;56;33;50;8;52;44;47;14;59;54;23;12;45;9;42;55;32
1990;06.07.2015;38;32;30;29;36;17;16;20;47;54;4;26;60;21;43;1;10;12;13;15
1989;05.07.2015;11;15;50;56;55;29;46;43;14;20;10;35;19;57;44;9;42;53;38;47
1988;04.07.2015;54;27;34;58;15;37;40;8;26;36;20;31;45;47;41;5;48;6;55;43
1987;03.07.2015;4;46;49;9;31;58;48;15;5;42;6;44;33;25;8;50;2;56;18;45
1986;02.07.2015;15;29;41;40;1;10;25;57;14;17;36;43;54;12;20;27;35;23;59;11
1985;01.07.2015;46;58;5;16;39;34;28;59;31;55;23;48;38;30;24;13;11;22;47;37
1984;30.06.2015;50;42;33;25;23;57;6;47;2;14;27;35;36;39;55;54;26;49;31;34
1983;29.06.2015;9;47;55;30;15;29;31;34;56;5;7;13;10;26;43;58;49;28;45;44
1982;28.06.2015;23;32;19;46;40;5;60;37;12;4;53;49;31;16;6;15;2;45;57;13
1981;27.06.2015;14;40;53;50;36;21;32;59;8;10;9;1;54;15;11;39;49;56;60;19
1980;26.06.2015;27;45;47;37;16;3;9;28;57;44;53;22;46;21;24;40;55;59;49;60
1979;25.06.2015;43;37;17;53;60;59;28;33;20;36;40;22;57;51;14;23;12;8;16;27
1978;24.06.2015;43;21;5;24;60;37;28;49;56;7;45;29;16;48;22;31;3;51;39;46
1977;23.06.2015;14;24;30;48;51;45;15;3;40;52;26;39;32;17;27;43;11;7;21;28
1976;22.06.2015;9;29;40;8;54;37;17;15;47;23;11;26;10;19;45;58;59;7;27;12
1975;21.06.2015;33;29;25;2;7;37;9;41;51;39;15;14;18;1;40;32;38;12;27;49
1974;20.06.2015;21;51;9;2;31;5;57;14;6;17;22;54;40;10;41;20;19;36;59;11
1973;19.06.2015;14;13;1;24;2;50;38;31;7;49;29;16;21;4;10;37;15;58;41;6
1972;18.06.2015;31;53;13;7;55;20;41;26;45;60;39;8;32;2;28;29;43;1;3;57
1971;17.06.2015;15;59;48;51;27;8;22;1;3;19;60;11;47;32;25;28;56;35;49;46
1970;16.06.2015;16;60;21;52;40;47;9;59;49;1;18;42;23;13;46;31;3;56;12;26
1969;15.06.2015;35;54;42;47;22;25;14;40;9;59;2;7;58;29;17;41;12;38;39;24
1968;14.06.2015;44;60;48;11;21;22;56;55;8;12;35;45;50;26;52;6;58;34;37;46
1967;13.06.2015;46;25;18;30;53;56;35;14;55;36;54;15;29;43;19;49;38;9;59;16
1966;12.06.2015;9;1;45;26;12;16;37;13;54;51;38;15;52;22;18;47;21;7;50;4
1965;11.06.2015;28;46;10;12;38;9;14;43;41;7;18;16;2;8;39;22;49;42;23;30
1964;10.06.2015;60;8;45;53;34;11;44;40;38;21;50;15;28;17;36;24;52;9;19;2
1963;09.06.2015;52;31;54;12;18;29;38;7;19;20;48;32;59;15;5;57;34;22;1;28
1962;08.06.2015;4;35;45;7;27;16;42;21;31;46;15;22;5;14;44;36;12;40;39;28
1961;07.06.2015;25;48;29;8;50;2;11;26;23;43;55;53;6;60;47;27;57;51;1;41
1960;06.06.2015;31;28;32;4;39;60;27;15;46;44;5;57;38;43;36;9;55;25;26;30
1959;05.06.2015;48;19;41;2;7;25;37;47;11;60;45;28;20;4;44;23;27;21;16;5
1958;04.06.2015;50;9;41;29;57;59;15;55;11;7;32;56;8;6;48;34;31;33;58;27
1957;03.06.2015;39;22;60;33;5;59;23;1;50;16;18;43;41;53;32;21;55;25;29;36
1956;02.06.2015;39;26;51;32;53;19;34;40;5;7;8;48;59;38;3;16;1;57;36;46
1955;01.06.2015;40;6;2;30;8;21;14;52;22;36;38;12;59;51;28;23;42;16;45;29
1954;31.05.2015;37;52;2;1;27;51;32;56;18;13;54;59;21;29;40;36;14;22;20;57
1953;30.05.2015;38;8;21;35;44;29;42;15;3;54;56;9;36;48;51;33;59;7;31;23
1952;29.05.2015;11;18;1;24;27;30;36;33;22;56;55;16;43;52;39;19;41;59;48;25
1951;28.05.2015;29;40;7;24;15;53;56;30;16;47;38;2;1;20;54;52;3;46;45;34
1950;27.05.2015;27;48;42;11;10;9;21;31;40;6;4;2;7;51;37;53;1;29;16;13
1949;26.05.2015;54;37;21;45;8;53;56;19;16;35;33;7;51;1;30;14;28;25;10;36
1948;25.05.2015;42;56;8;37;12;19;11;44;18;13;2;17;14;40;52;49;25;50;6;3
1947;24.05.2015;36;53;10;44;29;24;20;50;6;2;21;46;60;25;26;51;38;13;48;8
1946;23.05.2015;23;50;52;29;42;7;58;55;46;28;6;4;22;56;60;3;24;36;5;45
1945;22.05.2015;42;33;51;56;30;9;52;46;58;48;47;40;38;55;35;27;17;53;54;23
1944;21.05.2015;37;2;18;52;60;48;43;41;57;22;12;24;15;36;32;27;46;44;1;9
1943;20.05.2015;21;20;39;10;8;18;32;14;60;59;34;46;36;37;33;48;45;7;38;4
1942;19.05.2015;8;41;19;36;17;42;60;46;49;2;27;20;53;16;6;56;21;28;4;44
1941;18.05.2015;46;13;42;44;11;14;19;57;56;8;6;54;4;40;12;16;26;35;5;39
1940;17.05.2015;43;16;24;55;12;27;18;4;36;40;50;23;33;49;15;20;39;41;31;28
1939;16.05.2015;7;4;3;22;59;41;36;48;8;31;54;12;51;47;34;15;23;45;44;21
1938;15.05.2015;7;21;57;50;10;37;33;39;44;51;38;32;60;53;26;47;34;43;19;31
1937;14.05.2015;41;58;60;47;40;1;18;16;50;26;14;27;31;34;59;5;33;21;12;56
1936;13.05.2015;36;25;23;39;52;40;30;48;13;60;55;29;46;26;31;5;10;18;50;19
1935;12.05.2015;37;23;38;28;10;3;49;33;24;2;22;50;36;25;42;59;27;8;31;5
1934;11.05.2015;23;51;4;60;21;41;25;13;55;34;39;35;3;56;33;53;32;43;37;44
1933;10.05.2015;47;19;12;4;18;3;36;24;20;14;34;27;5;52;7;57;48;37;9;32
1932;09.05.2015;31;43;49;37;11;52;5;13;58;6;39;38;1;41;10;48;46;18;44;50
1931;08.05.2015;19;9;53;11;31;41;52;18;22;12;60;20;54;14;58;38;37;15;32;27
1930;07.05.2015;39;38;13;54;16;10;49;28;41;20;7;37;4;27;29;50;9;43;25;5
1929;06.05.2015;23;18;24;51;16;52;19;36;29;15;32;55;7;41;27;48;53;26;14;1
1928;05.05.2015;50;52;34;59;49;10;44;2;18;19;21;26;23;54;37;20;38;12;35;39
1927;04.05.2015;54;46;2;15;44;10;55;7;8;49;47;19;53;1;35;14;16;17;58;39
1926;03.05.2015;25;38;18;52;6;36;23;4;53;47;56;2;7;29;21;16;44;33;3;5
1925;02.05.2015;8;34;28;54;7;15;6;2;48;55;53;4;3;23;37;5;13;32;18;38
1924;01.05.2015;11;37;35;23;14;57;26;32;20;34;52;16;42;24;19;51;33;9;54;59
1923;30.04.2015;41;37;49;39;27;19;15;46;58;51;50;6;18;35;9;29;24;25;60;21
1922;29.04.2015;13;58;2;9;53;38;40;29;4;33;30;22;5;28;52;26;36;50;59;12
1921;28.04.2015;60;54;29;32;7;10;9;53;40;12;23;58;25;45;26;34;41;4;35;47
1920;27.04.2015;17;8;43;59;20;55;52;42;31;11;22;54;9;15;4;48;51;40;33;12
1919;26.04.2015;20;57;17;34;16;58;60;6;10;5;1;27;38;24;40;50;53;36;33;14
1918;25.04.2015;38;60;3;25;26;50;28;44;10;53;22;21;47;17;7;39;2;27;55;11
1917;24.04.2015;9;47;16;44;28;48;57;34;7;39;14;15;12;41;4;26;10;6;25;31
1916;23.04.2015;58;50;31;15;30;2;43;25;22;52;1;26;57;4;13;10;46;40;42;16
1915;22.04.2015;14;33;11;16;35;7;1;52;42;12;56;46;4;28;39;43;30;48;20;25
1914;21.04.2015;11;34;26;4;37;23;29;58;21;48;20;27;42;54;13;30;60;36;3;47
1913;20.04.2015;16;53;36;19;7;37;14;22;58;35;39;23;49;4;5;32;9;27;21;3
1912;19.04.2015;5;6;40;22;14;16;8;49;28;27;34;59;58;35;52;50;33;41;23;45
1911;18.04.2015;40;38;29;13;24;58;53;43;16;42;56;12;54;6;30;19;21;31;49;60
1910;17.04.2015;20;27;29;46;40;31;37;8;54;9;23;50;2;48;58;36;42;19;28;12
1909;16.04.2015;19;39;2;33;34;47;58;36;10;50;3;51;6;52;37;25;1;20;59;43
1908;15.04.2015;5;49;32;24;11;60;45;41;57;12;37;2;3;50;31;19;29;44;42;34
1907;14.04.2015;20;14;26;16;30;1;43;39;33;2;27;10;49;40;60;54;38;44;5;45
1906;13.04.2015;46;16;43;12;55;59;14;35;25;28;27;52;29;31;50;22;32;10;13;1
1905;12.04.2015;14;1;32;39;35;7;47;6;56;48;40;57;19;33;13;43;18;55;53;34
1904;11.04.2015;21;25;16;46;43;59;54;1;7;15;11;34;58;50;27;37;51;32;42;6
1903;10.04.2015;7;38;41;47;22;40;30;43;53;2;59;9;55;42;49;45;25;36;15;29
1902;09.04.2015;40;51;34;37;30;29;12;32;36;25;35;13;2;57;5;48;21;23;38;58
1901;08.04.2015;54;43;48;58;4;39;2;26;15;30;59;9;40;1;27;41;28;22;11;60
1900;07.04.2015;6;47;58;7;9;52;20;45;34;4;41;22;35;13;30;18;1;29;43;2
1899;06.04.2015;12;51;26;11;5;24;60;35;50;18;48;6;16;34;47;36;45;58;46;21
1898;05.04.2015;59;9;11;28;1;31;38;20;41;16;32;14;34;53;6;49;29;40;35;10
1897;04.04.2015;30;43;57;7;15;51;53;47;16;35;5;52;23;1;59;40;31;38;17;2
1896;03.04.2015;42;31;8;26;24;56;40;32;17;12;39;5;4;6;47;20;15;30;22;14
1895;02.04.2015;59;1;44;5;39;7;40;45;14;54;8;33;35;18;29;43;28;23;20;12
1894;01.04.2015;12;58;57;44;36;27;9;4;59;52;38;47;49;2;51;50;48;29;5;23
1893;31.03.2015;1;31;44;9;4;51;39;42;36;50;13;48;28;10;47;22;46;49;37;29
1892;30.03.2015;12;34;28;21;7;6;15;2;52;38;56;45;54;32;37;30;25;50;22;55
1891;29.03.2015;22;21;4;26;17;38;43;7;59;10;6;36;47;18;50;14;45;15;33;9
1890;28.03.2015;38;20;60;12;29;23;50;45;15;58;30;24;31;55;21;48;14;52;8;53
1889;27.03.2015;19;6;13;56;28;20;51;33;38;18;60;32;10;7;50;49;30;15;22;41
1888;26.03.2015;40;27;17;36;48;12;60;38;28;30;42;29;20;57;34;59;46;23;41;37
1887;25.03.2015;53;8;38;58;34;14;10;57;36;60;6;47;17;7;16;12;52;26;5;55
1886;24.03.2015;36;22;13;31;41;38;27;16;50;46;48;14;42;15;29;25;44;55;53;47
1885;23.03.2015;56;5;13;31;37;8;50;10;21;38;36;32;18;27;30;46;12;23;16;20
1884;22.03.2015;34;56;8;41;36;16;51;42;37;43;18;52;1;60;6;40;12;14;7;31
1883;21.03.2015;5;13;43;2;20;26;54;4;27;46;35;58;14;40;53;39;3;17;31;11
1882;20.03.2015;12;7;51;24;22;28;1;33;8;9;5;37;34;40;18;47;4;2;55;54
1881;19.03.2015;59;22;36;34;56;46;4;40;28;38;25;13;54;33;52;39;18;43;51;49
1880;18.03.2015;41;52;60;48;19;17;3;18;53;9;20;50;4;29;21;22;39;10;15;51
1879;17.03.2015;19;36;8;11;9;53;15;56;59;4;45;43;35;14;10;18;7;38;6;57
1878;16.03.2015;16;29;6;47;36;24;2;46;56;59;41;28;11;4;21;33;7;35;19;13
1877;15.03.2015;45;53;16;28;43;2;26;55;49;52;41;39;42;19;57;18;34;4;20;14
1876;14.03.2015;20;59;30;12;5;18;57;14;15;49;51;53;31;42;33;1;7;46;38;22
1875;13.03.2015;2;3;38;30;57;20;60;48;11;28;35;33;45;40;24;16;32;52;13;55
1874;12.03.2015;58;54;25;33;13;37;55;40;59;9;43;1;7;60;44;52;12;3;15;53
1873;11.03.2015;52;34;26;17;12;54;32;7;35;1;51;45;58;28;14;38;27;25;43;56
1872;10.03.2015;21;20;28;60;31;33;56;22;23;16;39;3;12;32;59;36;19;58;8;14
1871;09.03.2015;54;32;4;53;25;12;50;26;29;41;6;49;14;55;42;34;23;36;58;59
1870;08.03.2015;19;27;56;14;18;59;46;6;33;39;29;53;17;20;41;45;23;15;31;16
1869;07.03.2015;25;52;11;38;56;34;9;36;47;49;31;1;58;35;6;3;50;15;24;27
1868;06.03.2015;8;54;20;41;19;26;28;6;52;40;14;25;15;44;50;34;27;18;43;21
1867;05.03.2015;53;5;33;56;22;36;16;47;37;32;60;1;58;28;20;31;42;43;26;48
1866;04.03.2015;8;11;25;54;28;23;31;42;52;53;4;34;16;46;14;19;50;1;32;59
1865;03.03.2015;7;10;57;39;24;50;26;17;3;40;42;52;34;8;21;51;23;28;60;25
1864;02.03.2015;48;55;59;24;7;19;32;46;33;8;53;28;11;16;17;58;36;25;49;4
1863;01.03.2015;22;4;51;50;44;27;28;36;15;38;13;11;49;55;3;57;46;35;40;37
1862;28.02.2015;4;30;16;46;27;38;48;25;59;56;32;7;21;44;5;33;3;40;2;19
1861;27.02.2015;51;36;8;12;21;33;30;47;25;46;27;18;48;28;59;6;60;42;3;31
1860;26.02.2015;27;38;50;41;34;33;23;25;58;19;12;22;15;26;56;37;20;43;11;32
1859;25.02.2015;28;18;7;34;11;23;50;4;45;35;48;15;47;3;31;32;20;56;57;5
1858;24.02.2015;35;13;30;42;2;8;31;3;54;37;1;10;47;16;19;48;44;7;27;20
1857;23.02.2015;26;18;1;16;40;30;56;38;52;51;14;7;20;24;60;58;43;28;19;50
1856;22.02.2015;8;18;47;52;44;10;56;43;58;25;55;11;50;13;7;24;40;2;53;14
1855;21.02.2015;23;32;45;39;29;34;44;3;49;12;1;9;59;40;53;38;21;18;46;16
1854;20.02.2015;33;29;42;17;47;36;6;8;4;7;30;1;16;60;14;2;18;22;50;32
1853;19.02.2015;3;1;9;51;12;59;45;13;19;21;39;8;40;55;53;6;48;27;57;60
1852;18.02.2015;13;41;55;52;24;10;16;54;6;20;46;48;38;34;35;51;60;21;4;49
1851;17.02.2015;44;48;60;38;26;59;51;5;29;12;8;13;21;16;10;28;24;40;20;50
1850;16.02.2015;1;38;7;36;49;44;47;40;21;35;9;24;34;57;20;54;59;55;6;17
1849;15.02.2015;4;46;52;15;40;6;23;2;48;29;37;12;42;30;16;25;21;28;19;14
1848;14.02.2015;60;50;21;18;36;25;30;17;4;19;2;20;14;56;6;16;27;37;28;31
1847;13.02.2015;3;36;31;57;12;39;59;18;42;32;49;5;50;28;41;43;11;45;44;52
1846;12.02.2015;39;7;13;22;4;28;8;6;46;40;36;59;41;10;24;17;3;34;42;38
1845;11.02.2015;13;32;5;58;18;7;25;38;59;12;1;26;8;24;52;39;48;22;9;31
1844;10.02.2015;51;55;52;10;9;5;3;36;60;2;57;37;56;15;41;23;39;4;18;59
1843;09.02.2015;44;59;53;52;19;16;20;18;43;38;22;15;1;27;6;50;34;39;12;24
1842;08.02.2015;41;46;18;26;28;14;32;21;25;17;10;15;4;3;52;39;48;7;29;38
1841;07.02.2015;31;22;16;52;34;60;39;47;24;48;2;1;14;49;44;12;18;41;32;21
1840;06.02.2015;36;56;13;37;40;55;42;54;44;6;52;29;58;4;51;9;57;59;8;5
1839;05.02.2015;60;53;58;8;47;21;42;55;40;3;17;14;52;19;23;25;38;32;18;37
1838;04.02.2015;11;5;26;30;23;21;55;22;49;10;36;45;53;60;31;7;57;51;44;14
1837;03.02.2015;27;57;13;16;23;1;15;39;30;48;4;35;44;38;56;47;17;8;7;51
1836;02.02.2015;6;58;15;45;39;56;25;10;11;37;52;23;4;13;35;51;26;53;48;46
1835;01.02.2015;57;27;53;45;14;4;56;11;58;40;5;20;47;2;29;15;19;37;31;8
1834;31.01.2015;14;19;5;38;25;3;27;7;30;31;17;21;12;59;13;2;51;41;47;18
1833;30.01.2015;27;56;58;40;2;49;30;53;20;55;6;10;22;41;29;36;48;31;35;15
1832;29.01.2015;58;17;35;46;24;53;56;52;22;27;60;10;47;54;40;48;14;25;3;36
1831;28.01.2015;44;34;6;11;52;12;22;4;38;51;41;59;43;48;50;46;3;8;5;26
1830;27.01.2015;15;42;52;44;36;20;59;51;12;55;38;39;58;3;19;43;33;9;45;6
1829;26.01.2015;56;18;28;7;31;11;20;1;54;52;30;29;46;16;6;45;47;32;33;42
1828;25.01.2015;44;10;60;6;5;51;55;9;22;59;34;37;17;31;23;21;19;28;14;29
1827;24.01.2015;32;56;45;47;51;17;44;4;54;43;58;8;30;55;11;7;21;40;36;15
1826;23.01.2015;45;33;15;8;16;38;44;14;25;58;28;37;35;9;53;46;43;26;27;34
1825;22.01.2015;58;37;39;54;50;46;35;1;16;30;17;31;3;29;14;40;45;7;11;26
1824;21.01.2015;8;14;46;7;54;15;17;11;2;45;52;35;21;56;41;23;59;27;31;13
1823;20.01.2015;4;29;27;15;20;9;54;14;50;58;53;3;56;22;55;8;60;25;13;10
1822;19.01.2015;35;24;57;10;50;58;7;30;33;25;4;20;27;38;44;40;45;43;12;54
1821;18.01.2015;31;30;11;52;54;47;15;46;24;38;1;23;4;39;21;55;32;17;25;19
1820;17.01.2015;33;17;35;44;27;15;41;37;7;1;29;30;58;54;22;57;42;48;59;14
1819;16.01.2015;39;40;58;1;6;42;15;53;47;14;50;34;21;27;46;5;18;36;2;20
1818;15.01.2015;9;55;41;20;33;8;30;56;19;5;37;29;42;31;18;7;16;27;13;4
1817;14.01.2015;56;50;57;2;15;54;3;11;10;29;41;52;14;31;39;27;43;32;13;28
1816;13.01.2015;11;3;26;58;34;24;35;17;31;46;10;44;33;20;36;12;7;55;48;6
1815;12.01.2015;59;50;33;8;28;16;4;27;20;34;31;37;48;18;25;52;36;15;41;55
1814;11.01.2015;28;36;8;50;35;18;42;59;41;43;54;38;17;33;32;45;26;11;53;13
1813;10.01.2015;17;4;47;28;58;21;29;14;57;22;31;39;5;1;20;25;26;37;54;13
1812;09.01.2015;11;17;52;45;48;49;55;53;57;32;2;1;51;56;19;15;9;10;58;47
1811;08.01.2015;58;9;56;30;50;17;26;25;48;53;45;12;54;46;52;60;34;6;36;32
1810;07.01.2015;11;7;57;51;14;60;9;48;40;25;2;24;1;29;20;12;21;45;4;54
1809;06.01.2015;53;7;22;34;44;56;40;35;15;6;10;52;21;33;38;9;60;27;37;2
1808;05.01.2015;59;4;57;25;19;3;45;24;7;53;44;26;20;50;38;1;14;52;2;8
1807;04.01.2015;26;37;49;44;28;4;20;2;50;17;38;51;52;59;1;19;39;33;6;22
1806;03.01.2015;17;10;42;55;38;9;34;12;39;19;58;22;48;49;20;14;15;18;26;53
1805;02.01.2015;57;29;34;44;14;45;40;38;13;31;53;23;4;37;26;7;9;12;55;39
1804;01.01.2015;31;27;7;43;54;42;10;30;51;13;1;18;12;2;28;41;56;14;32;8
1803;31.12.2014;22;16;21;10;35;37;47;30;59;24;38;29;34;46;19;8;49;23;36;7
1802;30.12.2014;54;15;47;23;8;56;21;51;26;14;34;11;52;5;41;42;48;60;4;16
1801;29.12.2014;35;44;59;22;25;34;31;32;37;1;11;24;3;50;30;23;8;15;41;57
1800;28.12.2014;19;52;21;30;36;31;13;24;27;56;23;16;5;51;53;59;1;55;14;22
1799;27.12.2014;40;19;37;21;43;27;8;49;15;22;59;44;30;31;3;57;4;5;58;51
1798;26.12.2014;56;37;49;10;30;45;47;4;40;6;57;32;3;5;15;54;36;34;12;22
1797;25.12.2014;28;39;60;2;21;38;40;42;33;9;20;43;6;27;24;41;55;56;16;12
1796;24.12.2014;17;28;49;30;6;22;23;18;33;14;54;46;31;29;36;60;58;20;55;43
1795;23.12.2014;22;9;55;53;1;36;45;12;10;51;24;30;43;20;18;57;4;32;27;26
1794;22.12.2014;34;41;52;26;51;3;49;22;29;35;16;44;53;28;1;47;23;25;56;40
1793;21.12.2014;32;1;6;9;48;21;23;33;4;22;17;44;38;52;13;14;10;39;35;15
1792;20.12.2014;41;19;12;42;49;48;11;15;27;10;52;8;2;21;20;45;37;60;22;4
1791;19.12.2014;28;13;37;35;52;21;9;36;4;49;41;11;8;59;17;40;6;18;56;48
1790;18.12.2014;23;32;3;56;42;8;33;38;18;51;57;55;52;47;19;12;35;59;13;50
1789;17.12.2014;34;60;11;2;7;5;58;6;46;30;22;49;54;59;51;8;42;41;43;38
1788;16.12.2014;51;55;21;30;17;32;2;41;52;28;13;8;3;37;29;9;14;45;18;44
1787;15.12.2014;45;10;43;38;42;19;23;2;55;14;11;48;60;20;1;37;17;21;39;51
1786;14.12.2014;27;36;9;59;13;23;2;39;5;3;38;50;26;14;25;29;53;1;19;51
1785;13.12.2014;11;21;2;56;41;55;26;43;1;9;14;7;6;40;60;10;59;37;46;22
1784;12.12.2014;45;31;44;17;53;16;41;39;58;40;3;56;13;35;52;4;15;47;10;50
1783;11.12.2014;9;3;17;15;19;18;25;27;26;59;2;39;55;13;40;45;56;31;10;33
1782;10.12.2014;25;51;27;30;37;20;36;6;40;1;23;49;48;3;43;7;24;10;44;32
1781;09.12.2014;29;51;14;54;12;9;58;34;23;30;2;15;46;32;52;37;56;1;31;35
1780;08.12.2014;39;38;11;24;8;17;3;6;27;60;13;16;42;46;23;59;43;58;41;52
1779;07.12.2014;48;46;9;11;26;29;40;7;59;42;31;41;35;21;15;22;45;53;23;5
1778;06.12.2014;11;51;53;2;50;34;9;7;33;17;24;21;30;27;54;60;25;26;35;28
1777;05.12.2014;22;16;5;47;55;40;26;18;20;41;39;38;32;17;58;6;29;33;13;27
1776;04.12.2014;26;3;16;12;17;40;38;29;1;39;45;30;28;22;46;18;47;31;6;55
1775;03.12.2014;47;60;40;54;3;35;15;43;44;45;28;17;46;31;30;42;12;21;13;33
1774;02.12.2014;1;5;20;16;10;22;3;58;41;56;7;23;59;52;11;43;44;36;6;21
1773;01.12.2014;29;30;28;8;36;58;9;22;32;11;41;14;21;27;25;2;33;31;59;35
1772;30.11.2014;24;9;41;45;13;18;16;30;11;2;10;14;26;27;12;28;19;25;4;50
1771;29.11.2014;40;12;42;58;41;52;9;19;55;30;25;27;48;47;60;37;33;57;53;26
1770;28.11.2014;51;29;46;8;31;6;16;5;57;12;14;18;30;40;36;43;60;19;9;45
1769;27.11.2014;24;45;18;15;9;56;4;52;37;16;7;10;17;28;50;19;40;20;53;60
1768;26.11.2014;34;42;24;52;32;46;28;41;25;17;31;59;20;33;55;30;12;56;38;22
1767;25.11.2014;35;32;10;30;3;50;21;28;31;7;6;53;27;48;17;54;44;57;12;41
1766;24.11.2014;11;31;22;4;45;33;57;18;56;19;26;1;51;40;13;9;39;10;37;29
1765;23.11.2014;57;37;38;22;55;25;36;21;6;52;8;47;44;10;51;49;45;13;23;12
1764;22.11.2014;15;26;19;23;3;5;8;55;2;53;30;11;4;54;10;21;35;14;33;40
1763;21.11.2014;51;16;30;27;20;7;59;8;17;33;22;29;6;49;23;58;45;1;31;2
1762;20.11.2014;42;53;10;13;1;4;19;46;34;51;15;27;38;55;31;9;48;52;30;39
1761;19.11.2014;36;1;51;32;29;25;44;35;39;58;2;53;28;27;10;13;14;19;45;4
1760;18.11.2014;37;8;28;33;35;5;12;2;56;30;9;20;57;59;27;29;46;4;54;15
1759;17.11.2014;23;51;6;60;38;16;25;47;30;58;1;34;24;7;4;9;21;14;26;8
1758;16.11.2014;22;38;19;36;45;48;5;18;13;40;30;8;54;3;60;7;16;29;59;20
1757;15.11.2014;25;32;5;55;41;50;57;22;59;39;51;13;1;14;46;7;19;52;15;8
1756;14.11.2014;47;35;10;24;18;57;8;40;56;4;15;37;36;25;31;11;21;13;58;33
1755;13.11.2014;34;37;43;49;59;51;52;12;29;11;54;13;9;50;19;28;40;47;32;60
1754;12.11.2014;16;41;24;5;2;48;9;22;57;21;14;54;31;34;20;6;40;60;59;49
1753;11.11.2014;17;39;8;43;32;46;27;22;9;40;23;53;1;45;11;4;57;54;42;14
1752;10.11.2014;24;43;1;8;59;26;3;21;55;4;60;11;49;20;47;2;16;44;56;46
1751;09.11.2014;57;24;48;5;20;40;21;31;37;53;51;50;15;39;1;23;8;59;22;11
1750;08.11.2014;46;43;50;28;33;23;37;31;8;47;5;54;16;53;27;12;29;34;10;60
1749;07.11.2014;9;49;53;17;50;54;52;20;2;47;5;6;27;51;28;44;19;11;22;39
1748;06.11.2014;49;48;55;44;32;35;19;37;17;28;56;10;3;2;21;29;40;51;12;4
1747;05.11.2014;4;36;40;38;10;34;50;22;18;14;15;48;17;42;16;35;13;33;55;19
1746;04.11.2014;30;28;14;49;20;60;36;8;12;10;58;53;45;33;48;5;41;11;32;51
1745;03.11.2014;40;9;7;15;5;46;32;6;52;12;19;29;17;50;49;4;35;18;3;1
1744;02.11.2014;27;35;21;36;38;7;57;51;47;39;22;12;18;30;41;44;52;53;54;40
1743;01.11.2014;12;54;33;40;7;20;9;48;59;15;23;8;43;47;42;41;31;57;13;25
1742;31.10.2014;8;34;58;22;47;20;48;41;4;14;42;44;6;53;54;17;5;23;11;33
1741;30.10.2014;9;21;30;12;39;27;25;50;3;34;20;58;32;60;31;53;38;29;36;49
1740;29.10.2014;20;5;36;28;46;23;57;39;54;27;60;25;33;56;59;35;55;30;40;1
1739;28.10.2014;7;8;40;28;57;53;34;45;19;44;32;38;23;52;30;27;9;11;15;35
1738;27.10.2014;17;59;39;6;16;4;25;44;54;12;27;10;28;53;55;31;40;15;5;22
1737;26.10.2014;43;1;53;55;24;58;57;44;28;21;2;51;16;54;35;29;42;12;6;56
1736;25.10.2014;51;41;47;30;52;29;26;8;24;12;34;56;37;36;22;60;4;1;19;33
1735;24.10.2014;8;54;13;40;59;26;11;34;41;55;7;48;57;29;31;35;10;25;24;28
1734;23.10.2014;13;20;39;1;19;37;34;12;53;35;9;40;21;43;60;42;27;41;49;28
1733;22.10.2014;40;52;27;5;41;57;3;48;10;8;51;45;59;32;4;13;56;7;11;42
1732;21.10.2014;49;37;12;17;59;31;9;51;21;4;55;25;6;44;24;57;41;2;26;3
1731;20.10.2014;8;39;2;3;59;45;56;31;18;11;55;44;42;4;16;22;50;47;34;37
1730;19.10.2014;15;50;22;7;11;26;60;20;28;13;9;8;24;37;57;25;59;53;34;58
1729;18.10.2014;32;15;20;47;3;10;60;11;14;4;53;8;39;33;58;30;19;36;55;7
1728;17.10.2014;38;13;28;49;14;2;19;48;36;58;22;3;25;27;53;6;20;47;60;41
1727;16.10.2014;27;56;33;41;23;58;43;35;8;7;20;17;29;1;51;57;30;16;42;54
1726;15.10.2014;31;2;17;36;26;27;57;3;9;51;42;29;45;38;34;37;7;15;47;33
1725;14.10.2014;49;54;55;60;11;34;59;3;5;52;57;19;4;50;51;8;56;46;47;31
1724;13.10.2014;56;36;24;23;29;28;6;10;38;7;60;16;48;22;46;13;34;17;44;2
1723;12.10.2014;53;6;45;43;7;28;30;52;32;51;8;4;38;11;29;34;24;25;19;2
1722;11.10.2014;17;53;10;32;56;16;42;3;25;2;19;40;46;47;49;50;1;20;14;52
1721;10.10.2014;43;10;38;55;35;44;34;51;20;24;58;28;18;17;53;9;13;57;11;48
1720;09.10.2014;20;45;22;3;21;18;51;7;26;9;17;27;59;6;39;42;11;25;33;36
1719;08.10.2014;48;52;27;11;23;36;7;9;21;16;47;42;53;6;4;20;38;37;33;55
1718;07.10.2014;47;3;20;19;13;17;59;60;45;18;12;35;26;10;53;51;29;1;24;28
1717;06.10.2014;23;12;14;38;3;56;27;51;18;1;11;6;32;58;15;37;40;57;44;53
1716;05.10.2014;36;20;14;53;12;52;57;8;56;50;17;28;22;9;41;2;42;26;38;59
1715;04.10.2014;4;2;50;5;22;34;15;30;48;21;27;29;59;9;6;35;13;18;38;41
1714;03.10.2014;2;40;43;19;10;53;4;39;28;11;42;45;56;21;22;60;18;36;48;51
1713;02.10.2014;57;49;34;30;21;11;29;14;40;7;10;24;58;52;8;18;43;23;31;15
1712;01.10.2014;15;28;51;17;14;1;58;48;8;54;19;49;55;37;26;41;16;6;52;59
1711;30.09.2014;53;28;50;41;36;21;38;39;29;56;20;11;35;26;13;32;5;15;52;14
1710;29.09.2014;58;42;22;48;2;6;45;33;57;56;35;27;16;60;10;18;13;37;51;19
1709;28.09.2014;20;57;42;2;22;28;5;16;17;1;19;45;58;56;9;33;43;55;3;13
1708;27.09.2014;44;38;4;37;32;52;5;54;30;22;19;31;14;3;43;7;6;26;59;33
1707;26.09.2014;23;25;32;16;55;36;29;3;11;12;57;8;45;35;4;1;53;51;47;15
1706;25.09.2014;4;11;37;17;36;43;46;13;56;31;33;60;47;39;10;49;48;16;14;15
1705;24.09.2014;28;4;9;20;34;23;42;36;45;3;24;18;44;11;6;7;33;5;57;48
1704;23.09.2014;18;53;34;39;1;59;52;49;60;35;4;41;36;11;56;17;8;24;55;54
1703;22.09.2014;33;48;28;31;57;58;53;6;39;50;42;14;49;12;19;32;35;11;21;34
1702;21.09.2014;51;53;55;4;21;58;34;60;57;54;12;31;11;23;8;41;20;25;35;44
1701;20.09.2014;26;50;1;57;51;36;15;24;53;6;7;11;8;47;32;43;54;56;21;55
1700;19.09.2014;34;33;37;16;45;10;28;15;46;22;20;58;23;12;4;39;7;26;1;42
1699;18.09.2014;29;13;9;27;30;5;33;50;26;54;4;28;11;53;7;47;57;31;21;1
1698;17.09.2014;47;29;40;10;18;60;54;37;5;26;35;55;32;56;7;41;21;27;11;30
1697;16.09.2014;23;22;20;5;27;18;58;56;54;26;7;4;1;35;42;57;51;21;34;25
1696;15.09.2014;8;39;46;3;9;32;55;2;25;33;52;34;58;11;51;10;15;53;5;44
1695;14.09.2014;13;57;48;12;37;46;33;17;28;29;41;24;6;42;36;59;11;56;18;1
1694;13.09.2014;14;38;3;51;18;16;45;37;17;50;42;20;5;53;56;1;54;11;58;27
1693;12.09.2014;30;42;8;27;35;29;56;38;17;6;12;10;16;32;50;45;1;34;28;21
1692;11.09.2014;56;16;9;39;37;12;41;3;59;31;21;8;60;7;34;26;30;42;10;44
1691;10.09.2014;59;37;24;46;40;27;13;11;55;14;23;5;9;38;18;35;17;56;36;32
1690;09.09.2014;49;12;56;60;7;32;53;19;35;8;14;10;48;29;41;58;17;24;33;57
1689;08.09.2014;34;26;30;46;10;43;20;35;40;53;39;28;54;49;3;31;24;47;4;37
1688;07.09.2014;51;17;48;52;1;11;6;60;5;58;44;56;16;13;24;54;4;3;23;35
1687;06.09.2014;13;41;1;34;29;15;17;8;60;26;4;44;54;33;16;28;22;36;14;52
1686;05.09.2014;52;14;18;53;9;26;30;37;27;11;60;16;57;46;13;36;29;49;48;7
1685;04.09.2014;31;58;11;60;59;9;26;16;32;49;5;36;18;46;25;19;30;39;48;47
1684;03.09.2014;40;19;21;9;24;10;6;13;56;18;48;23;49;47;46;27;43;31;7;55
1683;02.09.2014;37;32;47;16;20;4;51;38;53;14;55;48;5;42;27;11;49;56;23;57
1682;01.09.2014;25;5;55;57;4;9;52;19;40;47;37;11;27;28;45;3;36;20;16;30
1681;31.08.2014;8;30;37;57;28;23;10;20;45;31;43;25;54;22;46;3;32;50;47;41
1680;30.08.2014;4;43;46;48;29;22;57;44;11;55;41;15;26;60;59;40;37;17;10;34
1679;29.08.2014;41;6;47;7;46;28;31;52;20;3;11;16;60;19;26;23;29;1;40;10
1678;28.08.2014;55;35;53;59;36;4;49;19;52;24;33;48;6;2;37;51;50;47;9;12
1677;27.08.2014;32;30;31;48;19;36;29;54;24;51;53;5;42;25;38;50;16;2;60;18
1676;26.08.2014;36;28;14;2;13;3;45;30;50;7;53;5;24;42;54;59;12;9;40;43
1675;25.08.2014;1;59;41;53;51;45;57;37;19;36;6;20;25;4;9;31;38;8;29;26
1674;24.08.2014;28;59;4;38;17;31;8;14;60;9;26;3;44;18;57;36;52;46;53;16
1673;23.08.2014;4;6;42;56;39;27;1;10;51;48;54;52;24;19;16;36;35;14;3;55
1672;22.08.2014;53;33;50;40;48;47;49;29;34;18;31;39;3;30;14;11;8;42;10;20
1671;21.08.2014;28;26;8;60;11;22;27;38;23;53;18;39;43;15;52;59;58;41;45;4
1670;20.08.2014;7;60;47;3;16;19;58;21;59;29;14;1;30;49;52;54;11;5;41;31
1669;19.08.2014;54;34;27;60;52;32;38;10;35;15;30;36;33;20;49;2;9;47;40;14
1668;18.08.2014;44;14;27;30;7;39;43;45;59;57;38;5;52;53;50;41;48;36;22;47
1667;17.08.2014;46;19;60;5;10;6;23;52;1;29;20;40;55;4;12;54;36;22;8;41
1666;16.08.2014;8;43;46;17;41;22;27;12;21;7;52;15;20;60;14;29;58;53;2;23
1665;15.08.2014;37;38;54;46;60;27;35;47;13;24;50;4;16;43;19;26;12;36;57;30
1664;14.08.2014;25;23;41;28;30;10;49;56;43;59;14;57;53;19;17;60;26;48;46;32
1663;13.08.2014;32;8;44;4;38;54;22;55;33;39;11;20;50;1;41;17;35;19;56;60
1662;12.08.2014;40;1;45;22;4;47;39;27;59;42;50;55;9;2;60;24;49;17;6;54
1661;11.08.2014;33;57;54;2;55;48;58;3;50;27;18;30;41;56;26;38;44;13;24;4
1660;10.08.2014;59;19;48;41;43;31;33;14;22;34;24;11;49;8;1;39;20;37;54;29
1659;09.08.2014;52;39;60;17;48;57;10;58;13;1;32;47;36;30;25;24;33;29;56;19
1658;08.08.2014;5;55;45;60;18;58;54;41;16;14;51;50;29;36;8;56;6;28;2;43
1657;07.08.2014;12;46;13;48;17;7;6;52;10;34;43;58;5;32;51;31;42;9;29;4
1656;06.08.2014;19;31;10;9;59;8;53;14;52;5;50;1;36;56;54;6;20;44;16;48
1655;05.08.2014;13;32;1;16;41;7;24;18;10;38;22;27;48;4;52;51;9;25;31;20
1654;04.08.2014;18;19;32;39;33;57;13;48;46;5;37;44;36;43;1;28;14;34;21;3
1653;03.08.2014;54;52;50;56;55;41;19;31;22;42;34;35;40;37;49;10;44;1;59;16
1652;02.08.2014;7;34;50;16;40;31;43;17;24;6;58;53;4;38;59;46;9;52;3;55
1651;01.08.2014;17;19;39;29;20;36;58;40;57;33;5;26;21;11;53;16;7;18;41;28
1650;31.07.2014;17;38;42;39;14;51;45;44;48;53;10;19;28;6;55;21;8;13;30;29
1649;30.07.2014;25;28;14;13;36;51;20;35;4;26;33;24;56;53;23;43;16;55;6;39
1648;29.07.2014;11;59;53;39;21;38;54;5;48;55;18;56;57;7;31;14;49;13;36;27
1647;28.07.2014;32;60;21;59;2;47;7;34;55;29;15;20;33;54;51;14;38;37;11;50
1646;27.07.2014;51;50;35;58;43;48;56;59;28;27;1;52;33;18;4;36;42;45;14;60
1645;26.07.2014;31;9;5;18;24;16;37;12;54;1;55;30;47;52;11;14;34;23;27;29
1644;25.07.2014;33;50;48;13;39;36;58;17;20;24;44;28;40;38;3;46;29;22;14;49
1643;24.07.2014;28;46;56;1;39;48;34;40;37;55;41;27;49;31;26;17;51;19;30;11
1642;23.07.2014;33;51;25;45;59;24;38;22;36;48;7;13;30;5;28;12;18;1;50;6
1641;22.07.2014;53;14;36;59;12;35;22;50;24;5;47;9;13;28;48;15;26;44;32;16
1640;21.07.2014;47;33;9;17;45;15;10;55;22;14;35;24;27;11;43;44;59;53;49;25
1639;20.07.2014;43;19;47;6;33;3;37;57;40;45;16;42;18;5;32;2;23;14;27;53
1638;19.07.2014;2;22;6;31;7;17;58;39;53;20;50;9;55;56;47;52;27;38;24;42
1637;18.07.2014;57;58;14;31;30;56;8;27;20;28;38;59;6;52;49;45;12;1;41;26
1636;17.07.2014;32;1;52;8;4;6;16;27;20;5;22;36;30;23;24;48;49;56;21;34
1635;16.07.2014;1;31;20;5;3;60;24;26;18;41;15;58;47;19;10;22;21;52;34;11
1634;15.07.2014;55;25;17;36;21;18;40;41;22;7;8;53;11;51;44;4;31;56;52;54
1633;14.07.2014;10;25;55;24;51;26;32;27;49;5;30;37;9;53;3;11;41;2;33;47
1632;13.07.2014;52;60;23;21;27;32;5;4;29;20;41;8;1;49;3;50;7;51;40;10
1631;12.07.2014;19;2;37;13;12;50;7;31;40;44;34;25;48;26;16;51;39;5;49;10
1630;11.07.2014;53;20;28;36;34;33;49;22;13;43;51;44;10;42;59;47;9;32;57;16
1629;10.07.2014;43;25;49;41;30;31;56;18;4;20;48;36;26;9;6;15;33;5;60;55
1628;09.07.2014;24;14;52;17;43;4;7;54;55;27;10;51;32;18;53;30;8;25;57;39
1627;08.07.2014;57;29;37;26;46;50;21;48;14;25;30;9;17;10;38;42;32;7;36;27
1626;07.07.2014;29;55;11;5;28;40;51;18;13;52;36;26;57;19;2;25;17;44;32;56
1625;06.07.2014;48;24;28;39;10;7;34;49;16;55;14;26;2;21;42;5;4;11;43;47
1624;05.07.2014;18;30;24;21;39;5;2;12;23;22;49;58;29;44;45;26;7;3;33;14
1623;04.07.2014;29;19;31;24;52;56;26;35;23;20;6;60;22;28;41;53;4;27;7;17
1622;03.07.2014;16;4;41;57;3;48;1;14;43;42;44;2;9;8;39;52;29;20;10;59
1621;02.07.2014;18;38;30;56;45;6;47;49;15;29;36;14;51;40;55;9;27;50;19;28
1620;01.07.2014;5;49;51;34;26;7;45;18;24;48;25;59;33;36;31;8;17;4;52;38
1619;30.06.2014;59;11;53;5;38;29;3;22;33;25;43;24;21;40;36;42;6;27;56;50
1618;29.06.2014;23;56;48;46;29;36;52;38;21;49;3;7;41;32;43;14;15;6;35;10
1617;28.06.2014;17;1;28;2;44;22;16;7;19;42;31;43;46;3;20;36;14;18;13;15
1616;27.06.2014;32;16;15;59;21;10;46;60;51;43;35;14;25;28;9;24;27;40;12;5
1615;26.06.2014;21;55;13;16;39;26;3;50;47;28;34;2;32;12;58;4;15;56;51;17
1614;25.06.2014;10;14;12;28;26;19;31;39;29;24;33;20;36;17;11;1;21;51;2;34
1613;24.06.2014;30;19;14;24;35;7;49;17;53;34;59;43;56;38;25;2;28;29;60;44
1612;23.06.2014;12;34;50;29;3;44;37;36;13;19;8;1;32;28;24;52;48;5;56;33
1611;22.06.2014;37;41;11;45;49;55;46;32;12;36;22;24;26;8;28;56;53;17;18;54
1610;21.06.2014;7;25;20;30;9;3;60;35;43;27;47;24;6;39;38;8;5;55;58;28
1609;20.06.2014;38;58;15;14;16;59;55;36;56;43;29;17;28;42;3;12;57;51;37;10
1608;19.06.2014;14;2;23;3;48;57;42;38;24;54;33;9;52;55;11;5;60;32;19;51
1607;18.06.2014;53;9;51;12;39;49;7;10;31;28;47;52;37;57;36;27;2;44;38;6
1606;17.06.2014;60;1;45;21;31;18;17;51;40;6;57;2;49;46;20;11;59;47;5;34
1605;16.06.2014;22;30;51;53;20;10;1;18;42;39;2;57;59;7;21;52;4;23;16;24
1604;15.06.2014;10;3;50;14;37;5;9;58;43;8;36;52;35;18;32;34;13;26;48;44
1603;14.06.2014;44;24;40;11;45;35;3;14;54;4;16;9;1;13;5;19;42;37;39;32
1602;13.06.2014;18;16;23;25;20;45;26;28;29;30;40;35;4;2;57;12;24;60;15;8
1601;12.06.2014;3;13;23;27;22;29;54;26;30;49;58;38;41;20;39;53;60;46;52;16
1600;11.06.2014;9;48;58;30;11;43;41;46;36;3;25;2;4;22;35;18;34;52;14;13
1599;10.06.2014;45;31;47;9;54;37;23;44;56;46;16;14;24;33;57;59;1;18;29;52
1598;09.06.2014;22;16;18;53;42;30;29;58;46;28;3;23;47;7;52;32;21;55;24;43
1597;08.06.2014;56;58;60;47;26;40;38;21;23;10;18;22;34;20;14;9;17;6;30;12
1596;07.06.2014;41;57;2;32;27;5;52;51;59;28;48;3;4;20;45;21;50;14;26;17
1595;06.06.2014;34;5;30;51;7;4;55;31;16;20;18;41;60;42;11;23;58;56;9;57
1594;05.06.2014;13;9;37;27;21;7;16;55;58;52;32;38;19;11;36;60;51;31;26;39
1593;04.06.2014;12;7;1;19;35;32;21;59;27;40;31;22;15;13;49;37;33;45;42;48
1592;03.06.2014;52;27;26;44;30;50;54;49;15;6;58;55;56;60;46;31;19;25;9;13
1591;02.06.2014;56;24;29;30;34;59;9;37;51;57;25;11;40;18;28;33;39;60;5;44
1590;01.06.2014;28;17;27;49;59;54;30;22;56;35;57;38;32;46;6;14;4;18;55;26
1589;31.05.2014;3;54;1;53;60;37;34;6;59;39;31;33;29;57;44;40;51;8;22;16
1588;30.05.2014;30;21;51;59;36;5;44;29;58;41;37;42;20;6;10;24;33;52;14;56
1587;29.05.2014;31;60;43;52;38;27;42;49;26;58;14;59;41;16;25;18;47;56;46;39
1586;28.05.2014;12;22;24;5;31;53;19;42;47;13;60;48;8;41;26;38;34;14;9;33
1585;27.05.2014;20;32;31;18;9;57;48;58;25;34;60;8;59;54;40;7;29;45;26;3
1584;26.05.2014;1;31;42;20;44;34;23;4;48;24;49;52;55;22;57;43;17;25;56;7
1583;25.05.2014;17;23;29;37;56;2;25;20;55;31;32;1;27;18;30;51;14;52;4;3
1582;24.05.2014;55;43;53;28;8;59;25;57;22;3;17;13;39;11;29;24;5;9;54;40
1581;23.05.2014;48;2;25;53;24;57;13;45;30;28;19;20;6;27;22;47;46;1;55;26
1580;22.05.2014;56;49;30;16;54;5;28;43;36;38;48;27;35;9;11;6;3;15;1;17
1579;21.05.2014;48;57;30;22;28;24;58;15;53;23;45;35;27;49;34;11;44;29;25;55
1578;20.05.2014;40;49;5;50;27;51;3;57;33;36;56;54;59;22;9;55;20;23;10;16
1577;19.05.2014;23;10;34;44;35;16;33;48;60;2;25;39;37;41;54;15;6;57;3;51
1576;18.05.2014;23;26;38;50;3;55;54;12;30;27;17;14;48;60;2;8;58;19;16;52
1575;17.05.2014;60;13;35;4;53;18;15;32;38;37;55;51;47;43;14;17;7;3;54;44
1574;16.05.2014;55;3;27;38;41;5;33;52;31;20;25;13;21;37;23;45;42;9;54;17
1573;15.05.2014;48;1;16;31;50;40;29;34;35;11;30;18;53;44;47;32;52;15;6;57
1572;14.05.2014;6;31;49;14;25;41;2;24;59;8;21;38;11;13;22;48;37;54;47;57
1571;13.05.2014;10;58;41;52;30;26;33;3;40;8;56;57;23;21;51;39;45;29;59;13
1570;12.05.2014;31;46;57;59;1;22;44;5;55;36;21;58;15;52;12;7;14;23;17;6
1569;11.05.2014;54;2;22;25;1;55;15;16;51;43;10;6;37;36;49;52;42;44;56;39
1568;10.05.2014;49;46;52;17;32;11;21;50;15;58;41;54;30;3;31;34;44;5;14;43
1567;09.05.2014;60;30;27;37;34;16;58;8;7;5;55;15;53;49;17;52;20;42;31;29
1566;08.05.2014;29;56;2;15;49;21;54;51;4;42;10;47;33;55;57;44;43;38;16;25
1565;07.05.2014;25;27;24;12;15;30;50;23;53;42;4;21;9;1;43;6;26;39;57;37
1564;06.05.2014;43;59;57;35;41;58;46;39;56;34;18;54;37;44;47;24;45;30;40;6
1563;05.05.2014;43;17;54;53;27;42;9;16;7;46;6;29;15;60;18;33;48;21;45;26
1562;04.05.2014;55;60;49;22;34;44;21;16;59;14;50;53;6;17;7;48;5;26;11;42
1561;03.05.2014;4;54;23;41;5;45;10;38;19;42;32;58;55;40;48;2;25;57;35;11
1560;02.05.2014;22;4;30;23;41;59;51;20;46;27;43;31;48;6;37;54;34;33;60;32
1559;01.05.2014;37;56;29;23;24;38;53;51;5;3;41;15;25;52;36;45;21;27;11;40
1558;30.04.2014;12;48;17;34;11;35;51;41;53;23;50;25;36;60;20;29;5;1;6;26
1557;29.04.2014;43;12;54;50;10;28;21;22;47;4;15;7;5;33;42;32;35;34;55;17
1556;28.04.2014;16;51;58;10;46;44;5;7;17;48;54;18;38;25;11;21;29;8;24;34
1555;27.04.2014;45;11;53;3;46;2;55;50;8;32;41;36;21;4;26;6;29;48;51;52
1554;26.04.2014;16;4;45;38;26;25;29;9;6;51;54;10;12;5;14;44;19;34;55;24
1553;25.04.2014;28;24;47;19;60;55;57;39;56;26;37;20;18;36;14;58;13;6;33;32
1552;24.04.2014;37;5;42;4;16;2;10;6;57;43;51;19;55;50;24;21;14;29;8;53
1551;23.04.2014;55;27;31;22;60;16;20;5;44;36;29;52;2;26;24;18;48;50;25;6
1550;22.04.2014;30;58;17;10;25;36;29;44;13;60;12;54;18;31;47;23;42;49;37;5
1549;21.04.2014;19;11;49;55;2;29;10;40;43;51;50;13;35;16;44;4;56;20;9;39
1548;20.04.2014;42;4;46;47;34;2;6;21;9;23;31;15;11;60;36;56;53;25;43;38
1547;19.04.2014;46;3;50;14;43;11;19;21;29;31;52;10;4;23;8;7;37;39;17;32
1546;18.04.2014;39;12;55;41;46;14;26;11;27;43;10;7;51;5;33;9;59;15;35;20
1545;17.04.2014;19;17;5;27;42;38;58;43;33;13;16;15;53;1;28;48;10;8;40;47
1544;16.04.2014;33;26;1;57;25;56;41;4;19;35;20;10;60;34;37;27;55;46;59;21
1543;15.04.2014;17;44;8;60;56;39;48;58;15;34;53;28;54;3;40;50;5;23;18;46
1542;14.04.2014;7;54;21;20;59;43;15;51;49;12;48;31;18;60;24;16;14;32;13;36
1541;13.04.2014;48;18;14;4;6;60;12;32;46;21;49;37;8;36;41;28;11;22;20;2
1540;12.04.2014;47;36;12;7;50;3;5;38;33;29;24;32;26;1;20;58;39;30;15;48
1539;11.04.2014;59;15;9;51;53;32;35;55;44;3;17;10;48;4;13;57;5;2;50;39
1538;10.04.2014;21;36;1;28;49;37;50;34;15;10;9;25;32;48;19;7;53;24;20;57
1537;09.04.2014;4;51;13;12;48;6;45;53;55;18;19;8;27;16;7;26;14;60;40;3
1536;08.04.2014;7;47;5;42;4;11;60;12;58;26;33;1;45;46;55;51;28;21;36;43
1535;07.04.2014;32;48;2;14;26;39;34;58;3;5;25;8;45;55;21;51;15;44;28;13
1534;06.04.2014;17;15;25;11;59;4;55;37;14;56;51;50;5;26;53;29;54;28;32;7
1533;05.04.2014;18;56;15;29;31;51;7;42;9;40;35;48;49;6;23;39;50;37;32;28
1532;04.04.2014;22;21;19;46;56;49;44;8;23;2;27;29;25;20;15;55;54;50;58;53
1531;03.04.2014;45;18;2;17;21;52;42;27;35;5;11;38;31;6;14;32;25;30;41;13
1530;02.04.2014;41;42;1;54;34;8;59;23;36;30;38;9;5;27;58;57;47;13;60;48
1529;01.04.2014;38;40;14;60;22;28;56;4;13;55;2;11;23;30;8;49;1;12;39;54
1528;31.03.2014;56;12;24;53;44;40;17;16;43;36;52;7;60;22;11;1;30;4;58;48
1527;30.03.2014;52;50;57;40;46;53;28;8;35;32;55;4;54;10;11;25;12;21;29;56
1526;29.03.2014;47;9;13;30;15;36;25;29;6;49;48;52;37;32;56;44;40;26;39;51
1525;28.03.2014;10;30;3;6;21;43;34;31;1;20;26;2;46;4;18;41;16;13;5;37
1524;27.03.2014;13;54;42;40;30;44;27;35;39;29;36;34;28;20;1;17;23;14;18;45
1523;26.03.2014;15;56;16;58;38;42;36;3;57;52;18;60;41;7;8;26;6;11;12;40
1522;25.03.2014;38;3;46;52;9;36;30;37;31;45;48;51;7;4;29;8;55;47;42;18
1521;24.03.2014;47;6;25;49;29;21;11;32;23;22;39;35;54;38;27;16;7;56;20;13
1520;23.03.2014;31;1;42;17;15;38;9;10;14;32;54;60;11;48;6;51;7;58;45;52
1519;22.03.2014;48;25;54;39;19;29;45;46;31;22;55;57;21;49;37;12;23;20;4;30
1518;21.03.2014;56;3;40;29;36;1;22;59;28;6;38;53;18;5;30;17;27;26;14;25
1517;20.03.2014;57;32;8;55;49;48;52;54;10;14;29;31;16;26;58;3;38;23;51;56
1516;19.03.2014;13;36;25;50;54;53;27;58;23;6;16;12;30;33;56;49;29;3;40;28
1515;18.03.2014;45;34;57;30;35;28;15;7;17;6;8;54;52;58;50;18;36;23;37;38
1514;17.03.2014;26;12;22;57;21;46;11;42;41;49;1;38;58;53;7;59;30;20;32;13
1513;16.03.2014;49;26;32;54;57;31;40;30;58;13;15;38;10;27;43;39;35;48;44;18
1512;15.03.2014;26;52;24;36;16;54;21;59;4;29;42;12;2;44;6;14;47;27;45;43
1511;14.03.2014;17;26;22;3;8;40;1;38;59;25;15;35;51;34;27;60;11;10;53;21
1510;13.03.2014;38;19;59;49;35;25;4;58;54;13;2;52;51;23;31;11;10;14;1;27
1509;12.03.2014;51;27;28;53;24;22;50;30;48;11;17;49;59;20;38;35;40;42;9;32
1508;11.03.2014;36;3;46;20;40;12;8;26;29;25;31;47;24;56;54;22;53;17;18;28
1507;10.03.2014;60;18;10;25;28;26;24;51;49;38;30;50;53;12;58;48;34;17;21;57
1506;09.03.2014;30;59;2;8;52;23;44;19;38;53;29;21;41;50;31;17;25;4;46;56
1505;08.03.2014;42;16;10;2;51;47;9;55;49;14;3;1;28;53;30;60;23;40;29;32
1504;07.03.2014;15;28;30;10;27;32;19;9;23;55;26;33;51;21;58;7;60;29;36;53
1503;06.03.2014;51;45;25;26;18;50;21;57;22;20;40;38;17;46;52;3;31;34;27;1
1502;05.03.2014;33;17;30;51;52;4;13;21;36;56;50;43;32;60;12;55;1;49;27;3
1501;04.03.2014;29;16;57;41;55;25;13;47;11;45;42;53;9;18;23;36;54;3;46;10
1500;03.03.2014;59;36;40;33;6;45;32;9;53;4;57;22;51;10;20;7;24;60;54;17
1499;02.03.2014;5;57;58;20;33;19;55;53;6;24;14;40;43;13;25;51;27;29;31;11
1498;01.03.2014;51;44;29;48;5;37;56;40;7;55;58;43;34;22;19;25;26;10;21;2
1497;28.02.2014;45;43;22;26;42;18;34;47;46;54;21;35;28;56;14;36;48;9;12;23
1496;27.02.2014;52;44;57;34;59;5;18;17;39;41;47;4;38;55;22;19;46;26;43;40
1495;26.02.2014;29;23;37;4;36;60;43;51;19;25;53;1;10;5;59;27;31;26;48;30
1494;25.02.2014;47;2;60;45;21;51;43;52;22;3;41;59;13;36;20;57;16;14;32;6
1493;24.02.2014;37;13;58;26;41;42;4;60;55;49;31;5;33;7;25;47;35;24;52;53
1492;23.02.2014;44;30;38;17;32;12;55;58;26;2;7;20;6;41;13;23;50;45;31;60
1491;22.02.2014;6;40;55;8;15;21;19;23;48;29;13;31;22;20;33;10;52;17;53;18
1490;21.02.2014;15;8;51;13;28;59;57;14;36;39;40;33;9;52;44;30;48;45;35;11
1489;20.02.2014;44;42;23;27;8;21;7;14;55;58;17;12;18;6;11;13;35;26;34;51
1488;19.02.2014;48;21;52;28;37;19;31;38;33;46;39;36;4;25;45;27;16;9;15;42
1487;18.02.2014;60;20;21;30;38;55;53;36;23;9;1;15;40;4;35;14;37;33;58;50
1486;17.02.2014;35;53;31;26;47;8;28;16;51;15;49;41;46;52;4;50;19;44;5;9
1485;16.02.2014;50;39;14;52;51;23;60;20;38;32;3;33;37;53;31;47;7;2;30;10
1484;15.02.2014;9;52;48;7;54;22;58;29;42;56;34;12;19;10;49;5;51;21;16;35
1483;14.02.2014;36;24;29;40;39;44;22;32;50;12;2;55;58;54;30;48;15;10;1;11
1482;13.02.2014;9;52;27;36;2;56;15;53;12;30;3;40;18;24;51;23;20;43;48;10
1481;12.02.2014;2;30;60;23;8;49;27;12;45;57;52;1;39;54;40;43;5;37;22;53
1480;11.02.2014;10;27;50;51;23;55;7;1;43;45;19;11;15;28;47;2;33;29;16;57
1479;10.02.2014;16;22;12;10;2;44;6;3;58;33;37;47;42;29;57;56;14;4;20;19
1478;09.02.2014;33;17;10;21;8;34;3;24;29;57;58;6;48;59;53;41;50;22;46;36
1477;08.02.2014;53;46;2;15;5;4;24;36;41;48;42;12;28;56;47;10;9;32;58;54
1476;07.02.2014;51;4;49;9;46;20;15;44;22;29;35;30;52;39;14;2;18;50;54;26
1475;06.02.2014;43;17;11;49;41;40;19;59;8;2;34;56;16;23;4;58;10;51;50;32
1474;05.02.2014;60;39;9;46;40;18;38;58;1;17;12;48;54;36;24;20;45;52;3;29
1473;04.02.2014;13;43;46;35;52;53;59;54;1;6;44;9;55;31;29;48;22;57;27;15
1472;03.02.2014;43;56;23;45;26;60;59;11;40;38;55;57;34;48;50;10;24;2;9;12
1471;02.02.2014;50;23;59;3;52;27;55;42;4;22;19;30;11;24;54;15;34;6;14;58
1470;01.02.2014;16;2;5;43;39;17;3;13;26;28;58;50;48;55;24;18;45;11;51;9
1469;31.01.2014;34;53;58;40;42;18;43;60;4;32;7;45;12;20;14;39;6;21;37;49
1468;30.01.2014;47;3;2;5;56;44;34;16;45;25;30;9;51;48;10;57;6;38;36;17
1467;29.01.2014;2;30;9;8;46;53;42;13;57;60;24;45;12;38;56;20;52;54;36;21
1466;28.01.2014;18;40;14;50;30;58;27;38;24;20;42;8;52;59;48;2;34;53;6;54
1465;27.01.2014;60;14;32;38;35;44;45;36;33;48;58;30;47;23;7;28;53;10;39;5
1464;26.01.2014;40;57;24;8;51;48;52;21;55;46;59;25;39;15;23;60;17;41;20;3
1463;25.01.2014;56;55;24;52;11;57;19;47;27;59;21;39;43;31;60;46;16;23;1;44
1462;24.01.2014;30;14;56;12;2;47;18;17;15;39;8;6;50;40;36;16;1;57;53;5
1461;23.01.2014;26;17;49;56;34;38;53;39;11;29;30;60;52;48;40;28;50;57;33;42
1460;22.01.2014;34;16;54;58;42;56;27;28;15;38;51;3;35;53;44;49;55;31;26;17
1459;21.01.2014;23;1;24;35;59;18;51;27;16;26;19;50;3;40;56;49;22;47;31;4
1458;20.01.2014;23;1;44;3;39;41;21;5;26;49;60;35;12;57;55;51;10;14;33;36
1457;19.01.2014;45;13;12;58;52;50;39;16;5;43;49;18;59;1;29;17;30;31;27;46
1456;18.01.2014;54;43;25;28;44;23;14;47;53;58;27;19;4;38;39;15;5;50;60;3
1455;17.01.2014;51;59;56;58;46;29;28;34;42;8;52;7;55;36;19;32;35;44;20;41
1454;16.01.2014;14;8;51;16;6;38;2;13;15;35;23;46;29;31;48;26;45;7;20;25
1453;15.01.2014;40;4;56;59;25;44;12;15;3;60;19;17;35;13;23;20;14;22;54;27
1452;14.01.2014;9;32;53;26;3;15;30;35;19;54;21;34;1;18;36;33;4;55;5;12
1451;13.01.2014;36;32;29;13;6;53;25;18;45;35;15;21;51;46;39;37;58;24;43;7
1450;12.01.2014;58;2;56;20;45;34;30;6;24;39;35;50;59;16;54;47;32;29;51;13
1449;11.01.2014;9;20;13;60;18;48;57;2;45;27;40;43;50;3;52;4;21;8;36;44
1448;10.01.2014;7;20;33;57;56;12;55;23;49;17;39;51;2;35;44;1;9;52;14;18
1447;09.01.2014;8;59;29;1;33;27;4;14;11;37;2;45;19;7;31;40;38;15;22;28
1446;08.01.2014;59;16;27;15;45;34;57;28;35;43;13;22;31;12;11;49;6;54;44;55
1445;07.01.2014;43;50;13;49;30;27;34;33;58;21;59;8;2;7;38;6;53;54;36;19
1444;06.01.2014;11;15;3;16;46;32;34;60;52;21;40;29;2;6;59;47;24;7;43;13
1443;05.01.2014;34;21;33;27;32;45;48;59;22;60;1;28;50;8;44;58;16;52;17;49
1442;04.01.2014;27;3;55;25;57;51;12;14;6;49;8;31;22;32;54;58;18;30;33;16
1441;03.01.2014;45;30;1;32;44;56;36;43;18;11;27;58;29;26;53;4;40;48;15;38
1440;02.01.2014;3;14;50;18;40;58;45;49;53;16;47;23;7;59;26;52;6;20;44;22
1439;01.01.2014;4;17;8;9;57;5;28;1;45;27;14;50;48;52;16;22;56;26;6;13
1438;31.12.2013;41;16;6;28;47;40;55;53;48;26;46;24;52;60;27;14;3;21;1;15
1437;30.12.2013;6;51;20;54;32;56;16;46;17;2;45;58;30;59;22;55;15;10;31;18
1436;29.12.2013;3;21;8;33;42;32;30;13;16;15;9;52;14;55;48;49;39;28;57;4
1435;28.12.2013;49;1;41;50;48;46;53;3;9;24;27;22;5;55;54;45;15;7;26;51
1434;27.12.2013;28;9;31;21;43;24;58;51;13;49;44;36;35;27;8;2;46;3;60;26
1433;26.12.2013;5;14;20;6;52;39;34;13;11;42;9;15;24;8;17;47;33;38;29;60
1432;25.12.2013;57;17;25;33;15;38;35;50;32;39;46;11;19;53;54;56;8;48;24;4
1431;24.12.2013;60;54;48;31;30;52;59;15;36;2;42;35;46;16;44;10;40;27;17;14
1430;23.12.2013;28;59;21;43;52;53;19;35;3;9;24;41;39;26;20;1;45;58;27;37
1429;22.12.2013;23;42;31;53;19;8;59;21;54;2;32;30;35;46;14;36;51;47;6;43
1428;21.12.2013;50;19;11;30;42;16;32;7;41;57;22;38;2;12;45;14;1;15;24;35
1427;20.12.2013;46;34;8;40;7;42;4;18;6;50;16;53;1;58;56;41;3;36;20;28
1426;19.12.2013;24;12;42;38;29;56;55;48;15;17;21;4;5;10;1;58;36;22;16;32
1425;18.12.2013;50;46;28;32;25;59;7;44;49;8;56;41;48;1;51;11;14;29;47;34
1424;17.12.2013;49;18;3;53;2;33;24;5;6;43;40;21;13;38;51;19;1;47;25;22
1423;16.12.2013;6;5;23;12;11;7;33;38;37;53;47;51;10;56;21;17;16;31;58;27
1422;15.12.2013;56;24;23;6;30;25;8;42;37;53;59;12;1;14;29;36;45;9;46;60
1421;14.12.2013;5;59;25;53;47;17;32;4;52;39;60;58;21;55;12;45;33;34;37;51
1420;13.12.2013;22;53;58;33;54;41;50;20;4;60;43;35;5;32;49;18;40;19;15;24
1419;12.12.2013;1;13;25;23;45;52;58;18;60;43;32;5;9;46;19;22;54;47;28;51
1418;11.12.2013;19;34;35;53;37;17;31;23;2;14;7;40;18;3;47;4;1;45;57;32
1417;10.12.2013;40;41;12;34;4;29;9;58;52;13;7;53;22;18;59;60;46;57;5;20
1416;09.12.2013;19;10;58;24;13;31;44;18;11;26;45;29;47;51;14;32;3;2;57;53
1415;08.12.2013;51;15;56;41;46;52;50;39;57;53;32;37;40;14;31;25;23;45;43;44
1414;07.12.2013;47;5;10;34;35;8;14;43;37;27;15;1;4;39;28;36;58;13;25;53
1413;06.12.2013;24;59;26;19;57;48;47;17;52;58;34;42;18;60;31;22;51;1;14;37
1412;05.12.2013;44;3;32;19;28;5;22;39;17;15;56;4;43;29;25;45;26;36;38;12
1411;04.12.2013;5;21;26;31;54;12;4;22;16;11;53;17;25;45;34;19;55;33;15;18
1410;03.12.2013;36;43;38;8;30;33;29;45;2;12;18;58;55;50;9;31;56;54;34;39
1409;02.12.2013;24;13;18;37;56;16;21;60;4;26;3;52;1;59;48;19;27;57;53;31
1408;01.12.2013;4;38;7;19;54;6;41;14;60;34;3;25;51;15;11;48;58;50;12;9
1407;30.11.2013;41;28;13;46;21;5;3;54;53;14;59;10;45;27;50;30;8;15;60;32
1406;29.11.2013;2;35;46;37;21;16;59;15;57;29;41;33;14;54;17;23;19;45;38;44
1405;28.11.2013;9;1;8;38;7;26;14;31;52;57;21;25;29;19;42;22;2;16;36;40
1404;27.11.2013;3;46;29;42;48;4;59;23;24;44;37;53;57;17;45;55;36;39;8;56
1403;26.11.2013;52;33;48;10;12;3;40;42;8;50;57;22;36;4;59;55;25;35;7;1
1402;25.11.2013;33;11;1;23;44;34;26;30;15;16;6;24;17;60;38;8;42;45;47;21
1401;24.11.2013;42;45;10;30;34;35;4;24;37;40;36;54;26;59;48;1;49;31;8;50
1400;23.11.2013;17;44;54;11;16;4;21;23;25;57;53;12;40;1;24;27;38;18;34;7
1399;22.11.2013;20;26;34;47;25;60;18;52;1;40;28;15;24;22;4;3;12;50;10;55
1398;21.11.2013;1;26;57;11;45;56;14;8;10;54;48;51;37;20;42;9;21;31;44;30
1397;20.11.2013;58;2;26;15;55;19;34;21;18;44;51;37;29;17;12;46;7;20;48;54
1396;19.11.2013;31;12;7;49;52;2;6;24;45;51;56;23;28;33;55;26;30;44;27;36
1395;18.11.2013;5;48;29;60;3;20;12;15;16;11;18;37;59;19;21;41;17;45;53;28
1394;17.11.2013;4;36;54;60;1;28;52;45;32;59;55;15;43;56;49;9;42;25;58;40
1393;16.11.2013;23;15;29;59;60;27;32;53;4;28;5;48;2;45;26;17;31;57;16;24
1392;15.11.2013;3;42;38;7;6;57;5;39;46;20;47;9;48;32;10;11;51;53;52;16
1391;14.11.2013;60;1;16;31;37;7;48;30;11;33;14;51;17;19;21;32;52;26;12;5
1390;13.11.2013;56;22;34;55;48;29;5;43;47;59;53;51;36;32;33;31;44;7;21;42
1389;12.11.2013;48;10;9;51;28;47;58;34;31;24;32;6;36;20;37;23;38;52;55;16
1388;11.11.2013;55;46;22;40;39;60;36;23;24;13;38;59;29;12;5;56;54;50;47;14
1387;10.11.2013;4;36;29;2;53;40;48;26;8;57;42;38;54;33;3;31;43;34;11;5
1386;09.11.2013;17;41;55;42;48;52;45;9;47;60;1;39;24;46;58;30;21;18;33;40
1385;08.11.2013;32;27;11;18;48;51;42;14;60;35;55;20;8;30;3;12;39;17;7;59
1384;07.11.2013;19;55;39;18;30;37;35;3;59;23;46;9;12;27;52;24;45;40;21;13
1383;06.11.2013;18;44;20;11;13;34;29;27;8;46;57;40;43;25;56;5;30;38;2;10
1382;05.11.2013;9;23;31;39;54;24;17;45;15;57;22;4;7;47;14;29;32;42;12;28
1381;04.11.2013;39;36;17;14;22;3;1;43;13;19;50;40;30;16;23;58;45;2;21;33
1380;03.11.2013;29;53;35;26;39;43;46;5;51;17;52;1;34;24;33;28;7;15;57;55
1379;02.11.2013;42;28;48;22;16;34;4;59;46;41;27;39;2;10;18;21;17;26;50;23
1378;01.11.2013;32;50;39;8;53;58;40;30;16;35;4;56;5;31;9;38;51;57;55;28
1377;31.10.2013;25;38;36;45;11;14;10;2;46;7;48;35;34;33;27;22;3;26;4;57
1376;30.10.2013;51;33;17;22;18;31;7;35;40;15;13;30;24;53;6;20;37;44;25;48
1375;29.10.2013;12;31;30;49;7;54;40;19;55;46;53;37;8;20;3;13;9;23;36;15
1374;28.10.2013;52;36;22;27;57;46;38;43;20;3;5;49;35;42;56;21;7;32;31;28
1373;27.10.2013;16;59;48;10;40;1;38;35;14;2;55;22;47;19;36;8;13;5;60;57
1372;26.10.2013;18;45;52;47;46;13;34;48;60;11;23;28;16;1;35;20;40;56;12;2
1371;25.10.2013;32;34;2;44;58;43;16;18;5;29;31;59;37;36;60;3;54;17;48;15
1370;24.10.2013;10;17;39;58;23;29;34;13;59;24;5;46;43;28;9;30;35;50;56;3
1369;23.10.2013;18;32;55;20;23;47;5;60;28;54;9;10;16;38;31;53;34;1;12;33
1368;22.10.2013;54;37;53;60;59;31;10;41;22;21;26;35;9;58;33;3;12;15;20;18
1367;21.10.2013;60;38;11;16;35;45;12;29;17;21;19;27;20;57;34;15;39;23;1;54
1366;20.10.2013;21;19;51;6;34;27;53;3;14;1;11;7;48;20;47;12;37;38;25;5
1365;19.10.2013;15;50;33;52;44;54;60;43;32;57;13;31;51;42;25;23;21;29;5;3
1364;18.10.2013;59;34;30;1;49;7;55;10;3;52;58;40;39;19;15;45;37;51;14;13
1363;17.10.2013;57;8;7;37;27;40;56;20;49;19;26;4;16;1;2;59;34;30;24;18
1362;16.10.2013;36;43;14;38;25;54;3;52;15;53;16;32;24;22;44;57;7;27;46;19
1361;15.10.2013;4;58;10;27;22;48;56;54;40;24;46;18;47;16;38;33;21;37;8;7
1360;14.10.2013;26;23;22;50;4;32;53;52;6;28;15;3;49;12;18;11;51;20;37;57
1359;13.10.2013;8;44;46;31;33;14;24;32;52;19;21;51;60;29;38;17;49;28;27;58
1358;12.10.2013;42;46;55;4;50;39;53;49;20;59;21;32;54;29;6;11;18;17;27;7
1357;11.10.2013;30;19;17;11;39;13;15;26;24;2;31;6;18;3;9;27;10;1;4;8
1356;10.10.2013;25;33;2;47;16;8;22;23;48;1;34;13;51;17;21;3;9;37;30;36
1355;09.10.2013;11;35;59;7;28;18;36;58;43;32;27;3;4;19;14;37;50;45;6;5
1354;08.10.2013;10;58;28;59;26;1;29;57;9;2;45;44;12;39;41;14;49;38;52;21
1353;07.10.2013;54;58;25;16;14;52;5;9;46;13;22;42;47;36;60;48;21;45;50;20
1352;06.10.2013;53;44;9;38;8;2;41;33;35;31;57;13;52;60;18;26;21;51;3;17
1351;05.10.2013;5;56;12;52;41;60;43;40;47;15;59;48;22;39;19;44;26;34;25;50
1350;04.10.2013;39;24;57;34;16;54;36;35;52;37;47;59;15;44;10;50;21;60;30;45
1349;03.10.2013;24;28;27;18;3;9;36;23;42;20;35;12;34;2;33;17;13;32;25;44
1348;02.10.2013;16;31;25;33;5;32;34;15;21;43;60;39;22;17;4;18;3;36;12;47
1347;01.10.2013;39;44;23;22;12;37;6;53;42;48;50;36;33;40;49;13;35;38;7;30
1346;30.09.2013;36;9;45;14;10;16;47;20;53;22;8;1;7;19;35;43;24;55;17;34
1345;29.09.2013;26;50;58;2;12;51;11;43;25;5;19;36;15;27;4;34;54;37;22;14
1344;28.09.2013;27;55;30;18;58;51;59;40;21;17;22;3;12;8;29;15;20;57;23;31
1343;27.09.2013;56;37;19;5;58;53;60;27;50;18;26;36;25;44;24;35;13;11;17;48
1342;26.09.2013;36;26;49;44;54;18;56;27;34;19;25;5;37;2;12;42;33;30;7;9
1341;25.09.2013;48;28;45;17;49;18;11;37;54;7;21;34;24;53;52;29;59;39;57;25
1340;24.09.2013;40;47;31;3;1;45;34;19;36;29;39;53;14;10;49;7;44;11;51;52
1339;23.09.2013;7;60;26;22;34;19;1;55;47;48;59;4;32;43;57;53;44;30;50;37
1338;22.09.2013;40;46;18;36;16;29;48;8;49;24;45;38;43;1;17;26;32;39;50;5
1337;21.09.2013;30;1;59;58;24;19;36;17;22;35;2;14;55;45;46;32;13;12;26;27
1336;20.09.2013;20;59;36;8;57;28;27;29;58;30;10;55;26;32;51;34;15;44;45;7
1335;19.09.2013;46;24;44;23;56;42;33;2;40;13;32;35;10;51;8;14;58;43;12;16
1334;18.09.2013;2;30;42;6;52;14;48;7;28;10;20;51;45;4;41;56;50;29;3;11
1333;17.09.2013;23;39;14;55;2;54;46;17;6;53;1;57;33;11;27;58;28;10;44;36
1332;16.09.2013;1;12;17;52;60;19;2;59;53;30;5;22;10;44;28;35;18;25;11;27
1331;15.09.2013;55;57;47;11;59;8;29;20;2;42;23;52;60;35;53;44;16;54;36;25
1330;14.09.2013;17;23;29;32;58;44;40;18;21;33;24;55;52;9;46;56;3;54;12;25
1329;13.09.2013;14;27;1;37;6;35;41;24;10;53;18;31;58;16;25;51;36;20;55;32
1328;12.09.2013;25;49;26;33;45;7;60;56;44;24;53;46;43;48;19;14;50;4;13;3
1327;11.09.2013;47;20;36;27;1;21;49;53;33;18;19;12;8;30;39;58;43;35;7;52
1326;10.09.2013;7;27;17;54;47;1;14;13;57;3;19;24;20;35;55;49;31;28;60;10
1325;09.09.2013;3;21;37;4;6;24;46;35;30;14;1;48;10;40;44;12;31;18;53;22
1324;08.09.2013;36;26;7;3;13;56;45;29;25;38;27;2;6;5;22;9;35;16;58;30
1323;07.09.2013;49;46;6;41;18;42;1;2;7;60;12;31;13;25;24;16;27;14;30;55
1322;06.09.2013;3;46;25;6;55;14;53;10;47;1;60;36;22;50;15;41;42;30;56;9
1321;05.09.2013;35;42;10;18;16;52;41;32;14;15;11;25;43;37;36;50;9;3;48;13
1320;04.09.2013;11;5;53;58;34;15;27;18;24;23;12;4;13;7;6;31;37;39;51;28
1319;03.09.2013;13;42;34;3;19;5;43;48;17;18;15;20;22;30;2;1;37;58;46;33
1318;02.09.2013;45;23;59;52;2;15;22;60;50;36;33;16;38;56;1;13;40;14;9;18
1317;01.09.2013;48;12;56;1;30;51;16;60;37;19;42;49;44;40;34;4;43;26;39;47
1316;31.08.2013;50;52;22;47;57;9;29;12;20;10;7;55;2;5;56;42;18;16;11;34
1315;30.08.2013;40;19;36;1;39;47;5;32;23;8;45;55;31;9;11;27;16;24;4;28
1314;29.08.2013;50;40;21;31;58;32;55;25;2;23;43;3;10;19;56;28;13;37;47;1
1313;28.08.2013;4;45;5;55;58;29;26;30;21;18;35;34;56;42;31;12;54;53;24;22
1312;27.08.2013;55;54;8;14;37;10;26;19;39;59;22;5;32;51;34;24;60;18;43;45
1311;26.08.2013;31;46;29;11;20;59;14;30;34;2;44;22;48;17;25;53;27;9;47;21
1310;25.08.2013;47;32;21;17;50;8;22;26;24;15;4;10;30;13;53;18;40;12;3;16
1309;24.08.2013;47;60;31;27;33;22;13;39;59;2;49;21;58;3;36;48;34;14;57;55
1308;23.08.2013;35;30;37;50;6;41;16;3;18;53;48;4;59;44;43;26;7;47;8;9
1307;22.08.2013;29;37;41;40;10;8;50;27;7;39;3;19;48;34;51;22;42;21;35;32
1306;21.08.2013;35;37;3;38;4;25;18;21;36;31;42;47;9;5;2;53;43;59;54;57
1305;20.08.2013;2;4;36;43;8;44;11;37;51;3;42;27;6;19;17;38;5;18;49;23
1304;19.08.2013;49;20;31;43;8;44;29;41;42;3;60;24;37;52;53;16;2;22;10;19
1303;18.08.2013;7;31;11;46;13;42;40;49;44;5;3;21;23;36;6;1;32;54;18;10
1302;17.08.2013;3;25;39;29;2;12;46;44;6;41;9;34;52;59;40;45;31;51;58;21
1301;16.08.2013;34;24;45;13;21;51;37;23;52;27;36;18;57;38;11;35;6;43;44;56
1300;15.08.2013;27;28;16;20;49;5;14;1;54;59;43;12;37;3;38;53;42;32;44;41
1299;14.08.2013;51;57;60;3;8;39;1;15;37;6;49;54;50;59;11;12;41;29;30;23
1298;13.08.2013;17;36;35;45;14;2;32;11;42;9;12;59;56;7;51;27;21;16;15;23
1297;12.08.2013;15;39;31;58;16;12;26;54;59;6;40;57;43;28;25;23;36;27;7;29
1296;11.08.2013;17;42;52;33;41;9;37;1;7;13;8;43;58;18;25;24;48;29;38;50
1295;10.08.2013;13;21;46;18;47;42;12;3;8;53;1;19;54;23;40;2;43;51;48;39
1294;09.08.2013;57;2;33;26;4;56;27;34;12;15;58;16;13;11;9;50;59;36;35;53
1293;08.08.2013;12;57;49;34;13;48;50;27;51;7;38;46;20;54;16;15;21;41;22;58
1292;07.08.2013;60;38;2;3;48;53;28;50;49;39;18;33;43;46;56;6;52;4;30;57
1291;06.08.2013;49;10;15;46;5;8;33;47;1;4;28;20;25;18;55;37;23;29;56;6
1290;05.08.2013;27;3;24;58;60;39;16;20;18;13;30;55;50;2;22;26;9;45;38;36
1289;04.08.2013;10;15;55;26;53;39;20;21;2;22;29;35;16;25;9;57;52;4;44;60
1288;03.08.2013;40;3;14;59;38;58;29;45;36;41;44;13;8;50;9;19;54;55;27;21
1287;02.08.2013;38;43;51;14;33;55;17;5;27;6;42;34;49;52;1;53;35;25;19;46
1286;01.08.2013;39;4;49;45;12;13;40;17;48;51;30;36;50;20;59;37;32;7;9;31
1285;31.07.2013;27;26;12;42;52;21;3;54;44;32;53;33;34;11;20;6;19;22;48;50
1284;30.07.2013;58;27;32;28;34;9;35;29;3;8;10;7;50;1;41;46;60;57;21;25
1283;29.07.2013;42;39;24;6;12;45;32;3;7;48;14;8;19;20;55;44;51;36;59;57
1282;28.07.2013;11;16;58;3;18;43;46;17;53;59;31;29;40;14;52;24;50;45;25;5
1281;27.07.2013;41;15;53;29;35;45;43;58;56;5;33;32;28;31;6;39;10;50;2;12
1280;26.07.2013;19;59;15;36;39;13;49;4;5;45;56;48;50;9;60;20;14;11;57;40
1279;25.07.2013;55;5;30;26;43;50;51;56;25;17;28;16;20;58;33;7;21;52;13;1
1278;24.07.2013;14;6;31;48;29;11;9;51;56;24;26;17;57;49;25;16;50;60;22;54
1277;23.07.2013;58;4;38;45;50;19;20;51;40;28;35;29;43;34;18;46;15;60;8;6
1276;22.07.2013;7;30;15;5;21;59;57;53;9;11;44;23;14;52;24;41;31;13;18;17
1275;21.07.2013;7;32;44;39;31;36;22;5;12;47;26;37;43;58;51;4;59;20;57;52
1274;20.07.2013;44;23;49;40;26;25;52;14;32;58;5;39;48;13;1;38;4;15;2;3
1273;19.07.2013;46;20;13;45;31;3;17;57;16;47;23;37;36;32;49;60;6;15;50;58
1272;18.07.2013;7;2;48;28;43;16;17;47;42;49;52;21;3;29;33;60;19;9;6;11
1271;17.07.2013;21;5;44;36;30;14;24;53;9;46;59;16;11;25;52;40;10;43;12;41
1270;16.07.2013;12;42;3;16;49;50;9;15;57;1;25;60;4;22;24;51;28;34;18;30
1269;15.07.2013;13;29;59;30;52;4;60;6;39;12;21;50;48;7;28;42;18;41;11;56
1268;14.07.2013;18;11;51;45;8;16;47;60;27;52;21;46;28;53;10;33;4;19;15;48
1267;13.07.2013;46;10;40;2;29;28;23;31;7;44;59;18;38;4;52;8;22;39;1;45
1266;12.07.2013;33;25;40;4;23;47;54;9;45;37;26;10;28;18;13;24;44;20;5;8
1265;11.07.2013;51;29;47;31;27;38;25;6;19;42;45;50;40;57;32;54;33;44;8;16
1264;10.07.2013;38;39;57;20;18;34;35;19;3;13;6;1;59;7;27;36;48;41;43;52
1263;09.07.2013;39;34;58;15;13;36;12;54;53;45;35;9;50;7;27;26;40;19;10;33
1262;08.07.2013;23;36;34;9;21;57;27;44;50;8;28;33;22;17;10;5;46;41;45;11
1261;07.07.2013;30;56;27;57;9;43;55;29;59;28;49;3;51;26;31;2;12;40;50;5
1260;06.07.2013;32;33;39;35;49;41;52;10;53;56;57;9;6;11;19;37;29;30;13;14
1259;05.07.2013;50;39;60;33;25;57;34;26;14;16;8;2;59;38;47;9;37;46;7;31
1258;04.07.2013;36;22;45;52;7;25;42;29;6;21;9;54;23;31;5;3;4;37;16;48
1257;03.07.2013;37;60;10;34;24;25;53;15;35;42;17;8;51;22;20;23;9;54;49;18
1256;02.07.2013;45;4;56;10;43;6;13;23;27;1;7;36;41;2;12;15;8;14;29;53
1255;01.07.2013;6;43;39;53;29;4;5;20;13;28;44;27;17;26;1;12;40;51;50;8
1254;30.06.2013;1;28;34;21;60;2;48;35;16;46;41;59;33;18;7;22;42;44;50;37
1253;29.06.2013;23;30;17;40;57;41;31;20;10;49;43;5;46;6;52;28;14;13;45;9
1252;28.06.2013;17;37;14;16;33;27;35;1;58;53;39;43;38;3;50;52;48;9;36;19
1251;27.06.2013;2;7;52;53;16;13;20;46;12;1;49;51;17;15;11;3;31;19;5;33
1250;26.06.2013;56;22;33;14;50;57;59;11;13;52;31;7;55;53;12;29;41;25;5;24
1249;25.06.2013;49;22;52;37;55;2;59;28;46;5;18;7;27;53;50;32;40;54;38;24
1248;24.06.2013;4;44;6;41;39;2;40;5;25;31;9;37;43;45;57;50;28;11;48;55
1247;23.06.2013;52;45;5;60;18;12;55;29;6;50;31;8;26;41;4;16;13;21;36;43
1246;22.06.2013;51;33;59;16;19;6;30;35;7;9;34;53;56;10;37;57;18;1;2;4
1245;21.06.2013;59;5;37;38;60;12;41;34;2;6;21;58;52;15;8;31;32;26;28;39
1244;20.06.2013;16;6;49;29;8;46;52;59;50;19;20;3;48;23;21;13;56;54;58;38
1243;19.06.2013;46;26;47;9;56;49;25;17;20;19;55;22;27;1;11;53;43;37;2;35
1242;18.06.2013;59;11;19;51;60;18;56;1;17;8;12;21;5;9;40;31;44;34;33;53
1241;17.06.2013;48;32;4;51;53;20;57;11;54;44;27;36;1;8;47;28;58;39;17;56
1240;16.06.2013;49;38;29;11;24;31;8;2;3;9;6;36;16;52;17;59;58;26;48;34
1239;15.06.2013;29;5;34;15;44;60;55;42;39;30;12;58;54;14;2;26;27;16;35;53
1238;14.06.2013;54;1;51;40;12;9;24;33;17;16;8;11;7;3;60;26;20;32;55;35
1237;13.06.2013;42;25;29;3;48;9;24;50;30;19;56;21;59;23;26;22;45;51;53;5
1236;12.06.2013;50;3;60;36;24;54;25;26;44;9;8;34;14;51;52;53;2;40;30;10
1235;11.06.2013;44;60;56;21;43;5;23;9;54;24;49;31;58;17;12;55;2;45;13;3
1234;10.06.2013;17;41;33;3;57;36;7;21;52;42;60;56;48;50;19;24;1;11;43;18
1233;09.06.2013;59;11;24;48;26;15;60;54;27;46;42;51;55;50;38;9;10;16;28;53
1232;08.06.2013;21;18;43;17;9;40;26;52;3;34;50;10;5;33;16;31;42;14;46;44
1231;07.06.2013;42;51;33;22;54;57;6;53;9;56;16;39;50;20;35;36;48;23;4;32
1230;06.06.2013;3;44;15;43;29;31;38;59;20;1;57;42;36;28;46;18;19;23;11;48
1229;05.06.2013;29;32;12;49;7;31;35;27;54;24;48;58;37;60;38;8;19;55;13;43
1228;04.06.2013;19;24;18;5;38;17;54;10;28;7;32;27;4;8;49;46;47;33;43;51
1227;03.06.2013;54;15;47;38;12;3;21;10;37;55;57;33;4;30;49;32;44;51;36;5
1226;02.06.2013;17;57;59;39;37;55;50;19;13;6;33;18;4;36;24;44;20;40;52;27
1225;01.06.2013;44;3;60;19;34;58;16;45;5;33;14;51;23;27;54;53;7;38;15;2
1224;31.05.2013;27;48;16;2;32;33;7;53;47;26;58;13;44;46;52;56;43;37;36;39
1223;30.05.2013;43;30;22;48;28;41;55;11;54;57;32;6;19;56;45;27;20;9;3;24
1222;29.05.2013;27;57;17;36;10;49;30;28;20;3;1;32;45;29;6;13;11;47;4;48
1221;28.05.2013;43;12;31;4;5;39;8;34;19;57;15;23;45;6;18;52;28;2;25;40
1220;27.05.2013;56;47;9;39;46;38;31;11;51;55;30;25;14;3;5;41;8;40;17;29
1219;26.05.2013;30;33;2;51;20;18;4;23;47;25;3;48;14;1;39;57;35;40;11;54
1218;25.05.2013;17;59;22;43;30;50;5;33;13;11;20;49;37;27;36;23;53;31;47;26
1217;24.05.2013;30;53;47;24;40;9;27;20;48;2;42;12;46;34;36;58;55;22;28;15
1216;23.05.2013;20;54;58;59;27;3;55;50;60;21;49;36;43;5;33;18;8;47;15;12
1215;22.05.2013;60;41;50;45;31;44;35;51;16;13;26;29;48;20;10;40;37;1;28;17
1214;21.05.2013;25;26;2;9;60;55;22;24;18;42;11;52;50;38;41;29;53;31;43;13
1213;20.05.2013;20;27;53;14;9;5;6;15;36;7;3;12;52;2;23;58;50;48;43;26
1212;19.05.2013;51;49;5;31;60;44;54;15;50;53;55;33;45;48;43;28;38;22;36;35
1211;18.05.2013;45;50;8;33;49;26;56;19;47;31;48;22;23;40;18;57;7;14;27;38
1210;17.05.2013;59;12;56;9;26;41;55;27;52;15;60;3;16;36;24;33;1;48;37;20
1209;16.05.2013;57;48;43;37;50;45;17;12;2;19;51;25;28;32;34;55;3;58;15;53
1208;15.05.2013;8;2;41;29;33;18;16;17;45;38;35;42;10;24;4;5;44;21;36;22
1207;14.05.2013;29;16;48;10;18;30;38;12;2;21;20;45;25;36;32;58;35;55;27;50
1206;13.05.2013;14;54;22;52;31;10;3;53;37;58;48;28;55;60;12;17;16;56;46;29
1205;12.05.2013;55;41;19;23;3;7;57;16;47;37;52;17;56;9;12;6;39;30;11;22
1204;11.05.2013;1;14;34;16;57;40;10;49;12;36;22;19;32;5;21;56;54;59;23;43
1203;10.05.2013;48;44;2;18;51;39;55;54;53;36;22;52;10;32;15;9;7;46;42;37
1202;09.05.2013;21;22;5;6;46;29;17;35;38;43;54;53;31;4;39;50;3;24;45;18
1201;08.05.2013;47;25;31;23;19;5;53;37;9;6;42;60;11;13;39;1;35;56;30;55
1200;07.05.2013;24;11;57;38;52;34;23;8;59;54;16;13;41;50;31;35;22;17;5;60
1199;06.05.2013;20;49;19;22;39;28;8;60;12;32;16;52;56;51;33;24;3;10;36;31
1198;05.05.2013;27;12;28;35;10;13;4;21;56;45;55;43;7;5;40;9;22;18;25;60
1197;04.05.2013;50;2;48;52;59;10;14;1;42;47;5;35;7;57;13;6;9;54;58;32
1196;03.05.2013;27;41;17;22;44;54;49;25;46;7;45;18;10;26;36;24;40;4;50;56
1195;02.05.2013;2;31;10;4;54;12;59;34;1;51;26;27;19;55;48;39;52;16;56;22
1194;01.05.2013;5;35;10;15;8;39;36;55;51;12;52;31;19;6;37;49;54;7;20;38
1193;30.04.2013;21;23;57;22;18;41;49;59;20;8;40;12;46;35;7;24;44;15;10;6
1192;29.04.2013;9;6;10;52;40;36;11;59;54;25;39;7;8;43;50;32;26;53;17;41
1191;28.04.2013;60;29;14;43;24;15;27;1;45;38;6;21;8;9;19;46;34;23;56;59
1190;27.04.2013;41;46;4;3;17;33;39;58;2;21;59;47;34;1;23;49;11;5;44;25
1189;26.04.2013;57;33;11;36;4;51;13;15;14;16;32;31;49;20;53;40;23;19;10;30
1188;25.04.2013;50;38;17;2;16;14;33;56;7;19;42;27;4;39;48;54;29;23;12;40
1187;24.04.2013;60;21;40;48;51;16;17;2;24;9;54;7;5;28;4;59;6;46;3;56
1186;23.04.2013;38;2;52;24;39;47;56;34;1;59;60;4;48;9;25;30;23;45;7;37
1185;22.04.2013;48;6;9;14;39;53;8;47;15;7;17;56;38;12;1;31;29;35;23;41
1184;21.04.2013;27;22;17;15;40;35;60;34;33;37;13;10;7;38;58;21;43;16;54;18
1183;20.04.2013;42;47;28;50;60;56;8;36;40;17;11;26;52;38;20;49;51;37;32;6
1182;19.04.2013;31;21;54;9;47;12;1;49;18;41;59;44;56;57;43;4;11;29;25;24
1181;18.04.2013;50;57;14;30;3;24;12;22;20;55;36;15;35;16;21;53;38;31;11;52
1180;17.04.2013;2;19;48;41;28;21;42;44;26;22;40;53;14;18;32;47;54;31;11;57
1179;16.04.2013;55;37;49;20;60;3;17;8;47;22;45;19;35;13;23;53;31;36;34;48
1178;15.04.2013;34;10;2;44;25;20;12;49;29;16;38;11;6;51;5;56;43;7;18;24
1177;14.04.2013;20;9;5;18;6;59;25;2;32;57;33;56;39;46;4;10;51;3;37;52
1176;13.04.2013;55;48;45;14;19;23;26;57;2;34;46;32;20;42;52;58;51;33;53;10
1175;12.04.2013;49;5;44;28;19;39;20;13;46;26;4;22;57;1;47;54;55;53;30;27
1174;11.04.2013;4;2;9;8;29;48;60;5;14;26;15;55;7;12;34;58;18;43;11;20
1173;10.04.2013;23;16;57;43;39;38;13;40;25;47;9;29;2;19;15;27;49;37;6;18
1172;09.04.2013;53;58;20;11;30;52;9;55;15;41;13;1;16;45;49;18;54;3;39;35
1171;08.04.2013;18;4;27;6;35;56;37;2;32;59;28;8;40;25;42;46;13;16;3;44
1170;07.04.2013;54;47;36;50;20;2;57;51;28;5;58;1;21;26;14;42;23;34;41;44
1169;06.04.2013;46;31;11;44;21;55;58;19;25;28;57;23;22;37;12;3;18;39;42;27
1168;05.04.2013;44;38;5;17;49;11;16;21;18;40;1;19;3;24;51;34;56;47;23;32
1167;04.04.2013;24;30;45;54;39;43;46;34;3;14;37;22;40;8;42;59;27;56;21;12
1166;03.04.2013;20;35;53;9;43;59;39;4;55;31;25;14;47;45;56;19;16;52;3;17
1165;02.04.2013;18;48;50;38;40;34;13;30;57;51;16;15;52;60;24;11;56;49;14;9
1164;01.04.2013;31;26;51;46;57;9;58;55;41;35;11;27;40;48;5;59;17;56;1;33
1163;31.03.2013;32;20;54;5;49;13;53;22;52;42;56;58;34;29;9;7;18;14;30;16
1162;30.03.2013;42;1;16;35;26;7;5;46;30;20;45;55;49;21;44;43;15;2;27;37
1161;29.03.2013;18;34;20;26;58;56;37;5;17;43;31;35;3;38;27;50;19;24;16;29
1160;28.03.2013;58;20;51;53;55;3;4;19;50;40;45;17;43;23;2;48;38;33;36;27
1159;27.03.2013;38;25;18;35;23;34;20;19;43;52;21;45;2;8;12;7;55;50;10;29
1158;26.03.2013;2;28;53;11;16;4;30;15;45;60;8;27;32;48;52;24;49;33;1;34
1157;25.03.2013;50;52;49;3;19;55;44;21;4;43;33;13;22;18;24;28;47;16;51;11
1156;24.03.2013;17;24;35;25;32;16;31;55;8;36;54;10;11;58;49;46;60;43;37;27
1155;23.03.2013;3;54;31;37;49;60;18;7;39;10;24;48;13;59;28;57;20;46;41;40
1154;22.03.2013;37;44;58;9;22;55;32;50;46;48;16;33;60;49;13;10;3;57;29;26
1153;21.03.2013;30;50;13;11;34;21;37;54;5;46;7;40;2;48;53;16;6;39;44;9
1152;20.03.2013;57;40;17;24;37;53;4;12;31;33;29;43;20;56;39;32;23;25;11;15
1151;19.03.2013;44;12;42;58;56;35;48;41;36;1;38;26;15;29;45;53;49;6;20;27
1150;18.03.2013;23;1;18;17;40;11;10;36;25;2;37;57;39;22;9;4;52;45;53;34
1149;17.03.2013;54;47;37;40;26;18;31;12;48;8;50;51;39;28;56;5;59;23;19;43
1148;16.03.2013;21;56;22;23;17;58;16;33;32;24;43;26;45;29;57;41;18;27;54;31
1147;15.03.2013;33;27;32;58;34;53;47;12;5;26;23;15;52;17;1;46;44;56;16;59
1146;14.03.2013;49;52;4;33;26;46;15;37;13;60;24;27;29;16;57;51;56;43;45;55
1145;13.03.2013;10;40;4;15;12;34;2;28;48;36;43;52;56;35;45;57;6;54;1;17
1144;12.03.2013;55;54;25;4;39;18;11;3;53;21;14;45;1;2;58;13;41;42;12;26
1143;11.03.2013;40;36;44;26;24;48;2;4;23;41;27;50;60;37;57;59;11;5;8;43
1142;10.03.2013;29;45;18;27;44;46;50;23;47;15;57;9;17;28;40;14;32;54;34;10
1141;09.03.2013;41;47;16;43;7;22;21;34;32;1;9;56;57;59;60;23;24;58;45;14
1140;08.03.2013;21;53;2;59;41;36;45;13;25;9;20;52;6;14;55;49;7;4;23;11
1139;07.03.2013;10;35;28;9;47;8;13;26;29;60;22;55;49;17;51;30;37;45;14;27
1138;06.03.2013;43;58;55;15;25;57;27;14;37;34;56;29;2;13;36;21;20;42;52;10
1137;05.03.2013;8;4;35;49;60;18;11;7;36;2;19;20;3;34;30;22;58;53;16;39
1136;04.03.2013;42;51;21;48;6;19;59;24;1;38;25;7;9;43;34;3;40;47;56;22
1135;03.03.2013;11;42;47;22;7;46;3;4;24;8;59;20;38;40;21;45;55;60;27;5
1134;02.03.2013;13;35;20;19;6;18;21;36;8;42;60;55;49;15;11;23;58;57;47;5
1133;01.03.2013;56;18;43;53;33;7;10;5;27;25;32;58;13;23;14;19;15;51;54;12
1132;28.02.2013;12;15;25;50;51;27;48;44;52;43;13;34;58;23;47;10;14;37;22;38
1131;27.02.2013;48;60;26;24;1;22;59;11;3;40;57;13;58;39;31;41;47;37;30;52
1130;26.02.2013;45;43;31;19;36;49;38;27;44;52;21;26;29;18;60;10;25;48;3;4
1129;25.02.2013;47;21;6;36;38;28;56;44;50;29;31;40;34;7;45;17;53;5;35;18
1128;24.02.2013;41;37;2;30;5;21;12;58;4;23;26;47;43;52;11;6;54;28;16;9
1127;23.02.2013;59;9;6;4;11;25;27;54;24;38;44;36;56;17;19;28;53;37;52;43
1126;22.02.2013;8;52;31;15;60;17;6;7;42;35;51;9;14;57;36;19;43;56;3;22
1125;21.02.2013;2;17;21;22;14;51;26;38;3;46;44;60;37;5;39;19;23;55;4;50
1124;20.02.2013;44;19;13;45;38;16;14;46;4;35;8;55;15;21;7;56;52;53;36;51
1123;19.02.2013;20;27;49;12;32;25;36;53;46;23;30;40;14;55;21;45;6;56;51;10
1122;18.02.2013;13;50;39;5;22;23;12;8;54;55;6;53;29;21;58;19;35;40;17;24
1121;17.02.2013;30;20;56;17;14;4;51;24;7;29;3;9;19;41;44;10;45;49;57;33
1120;16.02.2013;58;51;42;29;39;27;15;45;10;52;7;14;2;40;4;60;59;30;50;44
1119;15.02.2013;3;35;45;33;11;52;25;43;39;32;4;60;40;17;5;12;48;57;31;16
1118;14.02.2013;21;30;58;41;38;7;15;11;16;45;60;55;17;50;26;22;44;10;48;2
1117;13.02.2013;43;16;36;23;3;10;11;30;60;56;20;48;44;40;6;39;37;12;33;19
1116;12.02.2013;3;29;27;12;51;6;15;11;45;7;39;14;55;36;42;4;13;41;59;60
1115;11.02.2013;8;43;41;31;17;30;45;36;59;37;35;58;12;49;51;55;52;29;56;46
1114;10.02.2013;51;48;46;22;24;19;14;35;18;8;50;2;57;16;53;23;27;43;4;33
1113;09.02.2013;6;7;1;57;18;11;17;30;56;12;54;27;20;13;24;21;46;23;58;42
1112;08.02.2013;55;35;49;53;57;44;7;10;46;39;60;25;22;42;13;40;9;34;18;52
1111;07.02.2013;3;56;50;32;9;15;47;44;16;46;26;38;5;14;40;13;52;31;53;8
1110;06.02.2013;47;54;23;30;14;22;40;17;29;16;60;9;56;53;49;12;42;35;27;28
1109;05.02.2013;16;40;22;8;30;14;33;49;3;27;24;52;18;55;60;41;12;47;7;15
1108;04.02.2013;30;4;55;53;44;24;8;48;1;25;23;3;13;51;52;36;5;17;46;19
1107;03.02.2013;56;19;50;24;35;2;5;12;30;37;49;41;51;20;57;36;42;9;60;34
1106;02.02.2013;18;60;27;52;45;29;39;57;34;1;32;38;28;49;44;40;2;30;42;8
1105;01.02.2013;19;13;23;53;49;17;57;33;26;47;9;16;39;48;27;55;25;36;10;31
1104;31.01.2013;42;2;57;46;39;21;51;55;47;37;45;41;38;33;22;58;4;54;19;50
1103;30.01.2013;49;51;54;38;9;52;35;57;1;41;37;3;17;31;30;6;32;19;34;8
1102;29.01.2013;53;23;48;17;49;11;6;35;56;1;51;12;26;18;19;31;34;52;29;60
1101;28.01.2013;52;1;33;46;58;39;19;10;27;3;20;48;4;32;29;16;42;23;24;40
1100;27.01.2013;18;2;51;22;9;36;15;10;41;45;42;35;58;26;53;23;34;48;13;46
1099;26.01.2013;58;33;52;47;29;38;16;57;15;45;24;6;39;34;54;44;32;50;30;42
1098;25.01.2013;34;17;28;49;11;15;53;27;7;1;54;5;43;59;35;56;20;19;36;25
1097;24.01.2013;10;51;58;39;29;15;19;12;3;20;32;48;16;8;56;40;31;4;55;34
1096;23.01.2013;35;3;46;6;8;1;26;7;53;15;38;39;9;2;50;20;25;54;59;48
1095;22.01.2013;36;15;48;5;57;7;38;21;11;14;27;28;29;41;54;23;60;46;58;34
1094;21.01.2013;52;3;50;36;57;27;8;55;17;25;47;18;26;54;35;32;41;13;49;16
1093;20.01.2013;56;40;20;18;51;30;26;15;52;44;32;47;10;43;57;55;4;11;14;5
1092;19.01.2013;23;19;3;6;32;8;46;17;44;57;55;41;40;18;37;45;27;2;36;14
1091;18.01.2013;23;13;27;4;7;58;39;11;59;20;45;51;32;16;55;1;44;3;57;52
1090;17.01.2013;1;16;6;32;18;41;49;22;21;54;55;59;39;34;13;44;8;30;10;37
1089;16.01.2013;7;13;36;5;1;55;52;21;29;38;40;4;11;2;39;43;59;54;60;14
1088;15.01.2013;36;40;24;31;22;12;47;56;60;37;57;39;3;16;59;11;17;23;44;50
1087;14.01.2013;38;15;18;36;19;29;17;37;39;42;34;25;2;9;60;53;55;12;35;24
1086;13.01.2013;38;7;3;10;23;58;35;36;48;57;30;11;1;12;34;8;19;22;27;20
1085;12.01.2013;43;16;6;39;34;47;53;59;36;10;29;7;54;32;14;13;31;44;38;17
1084;11.01.2013;31;3;25;33;26;43;35;50;37;51;34;23;52;41;16;27;14;58;10;32
1083;10.01.2013;34;45;32;26;33;60;27;41;46;49;57;37;39;30;40;20;54;28;11;58
1082;09.01.2013;24;22;11;5;7;10;47;41;54;9;4;12;52;45;46;30;48;38;8;25
1081;08.01.2013;13;44;42;7;29;25;10;59;39;28;2;38;14;15;23;55;4;11;22;5
1080;07.01.2013;38;35;17;48;12;27;14;39;43;25;54;29;2;59;45;10;58;36;5;33
1079;06.01.2013;40;20;52;9;6;16;50;55;58;12;51;31;15;19;43;26;5;11;41;53
1078;05.01.2013;18;47;39;49;53;7;3;60;40;17;56;5;45;34;43;10;58;11;33;55
1077;04.01.2013;29;31;11;32;60;49;47;46;10;43;5;36;9;52;34;1;18;38;4;54
1076;03.01.2013;24;15;18;12;34;10;59;32;19;47;5;54;4;40;25;56;46;51;23;20
1075;02.01.2013;24;25;51;17;18;60;57;14;40;56;16;2;26;46;20;22;48;53;38;50
1074;01.01.2013;31;32;5;11;8;47;27;22;43;50;39;51;18;26;1;36;28;35;37;54
1073;31.12.2012;54;30;41;27;4;51;35;37;48;12;60;50;36;10;25;18;5;57;6;44
1072;30.12.2012;16;12;32;37;8;50;1;47;35;55;21;15;24;52;46;57;11;9;29;43
1071;29.12.2012;18;36;50;38;34;23;11;22;9;28;33;10;16;57;60;42;52;14;53;29
1070;28.12.2012;58;36;59;15;3;30;42;34;9;12;44;60;17;51;55;39;14;20;1;28
1069;27.12.2012;21;8;32;54;4;10;41;57;27;9;24;14;29;46;58;7;45;3;13;6
1068;26.12.2012;42;43;14;59;23;48;58;27;36;40;56;30;17;3;34;28;53;29;22;2
1067;25.12.2012;44;51;57;21;37;58;35;2;60;11;22;17;12;41;46;31;3;15;59;7
1066;24.12.2012;45;2;44;56;1;37;3;50;30;11;8;54;46;51;9;14;24;25;48;39
1065;23.12.2012;53;42;13;49;47;23;33;44;48;52;16;5;2;6;38;58;30;41;59;36
1064;22.12.2012;46;21;59;52;4;47;9;23;56;53;48;10;28;12;16;22;20;58;43;3
1063;21.12.2012;24;32;12;18;34;1;40;14;23;35;13;6;15;38;19;25;47;44;55;60
1062;20.12.2012;31;2;17;38;13;28;50;43;22;46;49;9;52;39;59;20;4;44;42;24
1061;19.12.2012;1;49;23;21;2;57;29;14;53;39;45;34;12;58;24;59;25;60;40;27
1060;18.12.2012;39;59;2;32;27;52;54;34;10;7;12;16;53;9;37;26;23;55;36;6
1059;17.12.2012;45;24;5;8;13;43;32;30;55;52;18;33;19;23;35;28;42;49;31;3
1058;16.12.2012;13;37;47;51;53;50;40;16;25;26;57;31;19;58;54;24;38;5;2;34
1057;15.12.2012;43;35;40;52;34;41;2;57;21;4;42;54;50;60;25;44;24;29;51;59
1056;14.12.2012;54;23;1;44;15;9;31;6;43;50;14;45;19;8;5;18;12;57;60;13
1055;13.12.2012;51;31;21;32;34;18;45;33;27;15;50;3;16;43;35;55;57;25;59;38
1054;12.12.2012;11;22;21;38;20;55;60;56;44;49;28;5;47;13;19;53;30;31;18;17
1053;11.12.2012;29;54;6;45;56;14;1;31;47;40;20;37;27;48;50;41;35;34;42;30
1052;10.12.2012;51;5;7;17;39;2;1;53;40;52;34;41;60;28;42;55;31;4;22;44
1051;09.12.2012;46;1;7;57;39;10;4;56;35;49;14;3;17;32;48;20;42;44;53;19
1050;08.12.2012;21;54;53;20;49;36;18;42;13;16;5;31;7;12;52;37;24;26;39;19
1049;07.12.2012;38;29;25;21;11;24;27;37;40;42;10;58;55;28;19;54;14;44;33;16
1048;06.12.2012;55;38;37;50;40;42;60;59;26;48;39;6;47;13;49;32;21;33;28;1
1047;05.12.2012;53;45;56;12;2;36;9;21;7;57;39;43;28;23;59;19;44;18;15;50
1046;04.12.2012;41;47;37;10;52;60;43;57;40;51;56;59;50;49;22;25;46;15;45;4
1045;03.12.2012;15;2;37;17;57;38;8;11;24;6;25;35;60;50;12;53;41;22;9;31
1044;02.12.2012;57;23;22;2;19;29;14;1;7;55;38;59;18;32;60;48;24;44;21;15
1043;01.12.2012;6;23;11;32;60;13;43;50;51;30;3;2;1;4;20;25;54;39;27;56
1042;30.11.2012;30;7;16;55;41;31;12;51;50;34;48;38;52;21;37;35;24;49;54;28
1041;29.11.2012;43;46;33;20;51;39;59;12;16;8;24;19;32;27;25;30;14;37;7;6
1040;28.11.2012;2;8;20;21;10;14;26;6;11;58;56;49;17;23;25;13;43;28;50;59
1039;27.11.2012;57;22;25;10;19;23;54;6;51;47;28;20;21;11;24;42;26;38;1;31
1038;26.11.2012;43;39;27;55;5;58;17;1;26;49;20;34;13;21;6;11;19;37;60;22
1037;25.11.2012;33;5;46;54;14;12;34;28;19;9;58;27;59;49;26;44;24;31;42;55
1036;24.11.2012;13;46;54;42;8;34;25;20;17;31;24;28;60;7;6;49;38;11;52;53
1035;23.11.2012;57;23;22;50;3;36;56;34;60;35;6;25;47;31;40;11;46;9;44;12
1034;22.11.2012;7;59;54;18;47;33;30;38;44;46;1;5;58;24;51;14;16;2;45;26
1033;21.11.2012;51;45;9;36;12;22;21;23;13;31;42;7;55;30;16;28;47;19;56;57
1032;20.11.2012;18;15;57;41;14;26;5;34;36;8;4;22;48;55;23;44;25;45;9;50
1031;19.11.2012;32;22;2;10;29;53;1;38;50;6;28;57;20;21;3;24;42;51;54;37
1030;18.11.2012;51;33;38;7;55;16;42;59;50;4;32;44;13;24;12;56;41;54;25;29
1029;17.11.2012;50;8;25;5;3;34;49;15;59;7;33;56;47;26;6;22;57;27;42;29
1028;16.11.2012;55;52;7;29;11;48;22;1;34;35;23;42;26;27;59;31;37;54;13;43
1027;15.11.2012;27;7;21;53;25;42;41;59;30;3;26;51;39;1;14;56;38;35;19;31
1026;14.11.2012;16;10;39;37;31;26;21;20;17;52;25;35;12;18;54;14;51;34;4;1
1025;13.11.2012;16;35;37;32;57;15;18;38;36;8;21;5;10;43;49;56;1;22;59;19
1024;12.11.2012;38;20;3;9;28;39;12;19;40;52;22;13;37;54;41;53;4;6;14;45
1023;11.11.2012;3;24;13;26;30;20;7;59;19;12;1;22;60;54;34;38;56;11;50;48
1022;10.11.2012;11;53;45;49;27;29;23;57;16;25;31;22;35;54;42;8;15;26;28;39
1021;09.11.2012;9;54;32;34;15;12;7;41;35;23;19;47;57;52;11;43;45;14;8;27
1020;08.11.2012;27;24;13;46;45;2;20;52;9;39;28;14;1;31;50;43;59;19;56;40
1019;07.11.2012;54;12;34;32;57;26;37;50;43;48;23;14;17;13;18;15;40;27;46;10
1018;06.11.2012;28;53;57;12;15;37;22;3;6;17;26;2;54;52;58;25;29;35;7;23
1017;05.11.2012;8;10;33;35;32;55;52;12;51;26;4;36;15;54;39;3;37;13;31;21
1016;04.11.2012;31;33;49;6;30;21;24;57;22;53;54;17;35;14;16;27;40;19;23;43
1015;03.11.2012;39;24;54;34;12;57;11;18;58;19;48;13;60;45;10;1;2;29;26;7
1014;02.11.2012;52;9;35;56;40;18;36;1;34;58;21;15;33;6;22;55;24;38;7;31
1013;01.11.2012;41;46;5;59;37;50;34;27;58;45;12;43;44;21;13;52;48;11;39;56
1012;31.10.2012;24;58;51;3;8;20;6;46;19;21;31;23;14;28;38;18;52;44;16;35
1011;30.10.2012;7;24;13;36;22;42;25;37;20;45;8;31;27;54;9;10;40;1;21;48
1010;29.10.2012;16;17;52;41;54;34;30;25;40;4;49;53;8;43;59;2;21;33;47;15
1009;28.10.2012;20;32;40;26;5;12;52;17;25;58;14;55;22;51;15;60;8;57;2;6
1008;27.10.2012;2;25;54;39;48;8;1;15;49;14;3;59;41;33;43;47;55;31;26;5
1007;26.10.2012;29;28;3;41;6;23;45;15;48;30;37;17;25;53;34;43;4;47;21;11
1006;25.10.2012;14;13;53;1;46;2;29;28;6;40;4;15;12;37;44;43;30;7;57;8
1005;24.10.2012;51;52;20;2;18;1;28;49;6;59;31;23;35;33;30;15;57;48;47;17
1004;23.10.2012;59;4;36;47;50;21;25;1;40;18;3;28;13;54;15;58;16;33;2;43
1003;22.10.2012;23;48;4;16;15;52;40;1;3;30;42;26;51;41;18;47;58;35;60;49
1002;21.10.2012;46;23;40;57;4;11;56;53;32;47;15;39;9;5;16;10;2;22;55;60
1001;20.10.2012;58;52;34;20;10;49;48;51;45;39;53;2;43;21;28;42;56;22;36;40
1000;19.10.2012;54;8;19;9;29;43;56;55;11;7;2;16;44;48;26;36;34;18;32;33
999;18.10.2012;49;42;6;10;44;5;15;2;30;45;4;17;9;55;26;46;8;25;12;3
998;17.10.2012;42;26;59;29;50;39;55;58;52;28;17;53;51;16;38;37;43;48;22;13
997;16.10.2012;16;56;54;23;36;28;57;20;26;44;53;24;3;58;52;11;5;29;2;55
996;15.10.2012;5;7;51;59;29;47;3;18;4;6;13;8;2;20;57;45;33;48;15;43
995;14.10.2012;4;44;35;46;41;12;53;48;58;55;38;57;14;45;25;17;8;32;51;31
994;13.10.2012;8;56;54;17;7;16;33;59;60;5;53;2;1;25;29;26;37;34;38;23
993;12.10.2012;38;49;25;60;33;48;55;26;32;46;8;43;30;20;42;4;16;31;36;15
992;11.10.2012;47;56;45;44;4;57;1;3;17;11;24;52;49;27;51;60;59;29;18;38
991;10.10.2012;53;20;44;18;15;5;28;27;13;51;42;40;3;56;21;31;37;57;52;50
990;09.10.2012;46;43;42;6;2;7;4;40;12;13;31;36;5;28;47;20;19;15;22;45
989;08.10.2012;15;23;6;21;27;59;5;34;33;12;28;32;44;10;36;39;1;31;9;20
988;07.10.2012;6;26;7;25;37;50;5;56;58;41;27;59;20;2;43;44;12;39;19;45
987;06.10.2012;2;47;15;25;22;54;41;45;24;7;10;13;59;43;19;16;50;9;11;32
986;05.10.2012;43;52;20;35;15;22;5;9;12;8;25;7;41;16;40;21;58;39;18;24
985;04.10.2012;9;32;1;59;57;38;23;53;49;5;37;16;50;43;47;18;51;54;44;35
984;03.10.2012;2;47;35;54;51;40;12;34;55;60;52;11;10;25;27;56;14;17;39;36
983;02.10.2012;51;37;17;35;11;53;34;10;25;46;44;19;49;43;52;8;1;33;30;60
982;01.10.2012;55;2;21;34;37;58;1;48;35;9;12;7;41;24;43;28;46;10;17;32
981;30.09.2012;1;40;31;16;3;14;51;45;12;33;35;56;41;22;21;13;29;57;47;55
980;29.09.2012;2;25;20;30;41;48;14;1;50;45;57;21;43;40;52;24;11;23;15;29
979;28.09.2012;11;58;28;40;16;59;25;34;2;38;29;1;32;6;13;51;52;54;44;48
978;27.09.2012;9;60;55;39;51;33;5;58;43;38;8;34;41;1;22;3;48;14;18;31
977;26.09.2012;49;31;24;30;4;44;26;25;39;56;34;8;52;47;29;54;58;6;23;12
976;25.09.2012;18;39;14;24;15;51;1;48;53;36;16;34;57;50;44;52;37;60;42;43
975;24.09.2012;15;22;20;19;41;28;35;30;17;27;38;5;54;42;18;21;43;33;2;25
974;23.09.2012;58;20;27;60;29;55;13;28;48;12;35;54;36;52;46;42;21;41;57;44
973;22.09.2012;19;16;49;45;5;21;48;14;47;36;59;27;38;11;40;35;42;18;51;2
972;21.09.2012;25;52;11;41;49;42;12;57;56;36;35;14;46;4;40;59;23;8;16;27
971;20.09.2012;19;25;37;10;35;13;54;11;45;41;26;56;14;18;60;3;30;59;42;50
970;19.09.2012;7;39;48;28;34;45;55;38;3;21;43;60;17;57;24;40;35;37;9;15
969;18.09.2012;38;11;56;52;30;19;2;40;34;23;55;7;1;50;17;4;39;5;22;58
968;17.09.2012;56;59;34;47;12;27;18;7;16;55;19;3;35;1;53;20;49;9;2;23
967;16.09.2012;23;56;54;47;13;51;44;39;19;48;14;50;18;16;40;11;60;58;12;5
966;15.09.2012;14;11;57;8;4;23;6;36;7;58;56;16;31;47;5;30;3;46;21;50
965;14.09.2012;41;45;39;4;57;51;6;43;23;49;28;7;59;15;14;31;19;50;24;48
964;13.09.2012;33;37;54;20;48;29;46;3;57;44;52;18;6;40;11;15;31;26;1;8
963;12.09.2012;16;5;13;10;1;36;41;26;49;50;17;46;48;30;22;47;53;60;20;51
962;11.09.2012;7;49;55;1;23;59;16;19;33;38;47;2;12;60;6;18;52;10;15;28
961;10.09.2012;6;1;10;33;25;32;13;49;21;14;53;26;19;12;52;55;30;2;35;9
960;09.09.2012;8;28;39;37;53;19;41;13;52;40;20;44;5;55;2;35;22;29;17;9
959;08.09.2012;17;11;28;37;15;34;8;19;20;22;39;27;30;45;12;32;52;31;4;55
958;07.09.2012;2;21;22;19;35;55;38;43;45;47;18;9;23;31;6;58;56;48;50;7
957;06.09.2012;55;20;60;26;46;8;47;7;53;18;14;58;4;16;34;59;10;23;5;32
956;05.09.2012;7;19;43;8;44;48;54;58;26;60;13;36;28;35;46;3;50;2;16;53
955;04.09.2012;51;25;20;52;55;18;47;56;2;33;46;50;44;24;10;13;32;40;14;41
954;03.09.2012;42;3;60;36;21;57;31;13;52;48;37;6;54;49;46;34;16;25;10;7
953;02.09.2012;50;36;20;34;35;46;3;10;23;58;47;25;41;48;24;5;28;4;57;15
952;01.09.2012;24;54;59;37;40;29;47;49;18;14;12;52;22;2;46;19;42;10;56;55
951;31.08.2012;34;41;18;53;59;5;20;24;27;19;56;7;6;25;11;23;40;35;54;10
950;30.08.2012;8;27;29;47;21;15;38;6;25;60;39;37;50;35;7;32;26;18;5;30
949;29.08.2012;49;46;28;16;41;10;9;29;43;25;22;56;51;48;15;18;26;12;8;42
948;28.08.2012;58;48;2;17;19;25;11;52;60;5;21;45;51;13;33;7;49;55;44;12
947;27.08.2012;28;55;44;19;30;24;2;34;9;42;59;56;16;47;43;17;45;23;40;50
946;26.08.2012;42;5;20;30;3;52;28;7;22;38;49;4;57;44;32;16;26;13;12;37
945;25.08.2012;51;58;40;5;21;28;11;37;52;60;50;47;4;9;3;1;41;24;15;59
944;24.08.2012;1;58;34;52;55;20;32;40;5;51;39;31;23;36;10;2;56;41;30;59
943;23.08.2012;30;46;25;4;6;11;1;39;20;21;49;34;13;35;43;36;12;15;58;22
942;22.08.2012;60;29;50;20;10;52;15;18;41;49;22;14;51;28;48;59;38;39;13;42
941;21.08.2012;34;20;55;29;16;18;53;28;14;56;26;44;2;57;10;49;50;30;7;47
940;20.08.2012;31;11;47;16;53;10;4;7;18;43;42;2;28;58;20;29;39;51;50;46
939;19.08.2012;38;29;49;57;44;30;33;59;5;58;14;18;54;23;9;31;13;8;39;40
938;18.08.2012;28;60;3;21;51;52;18;46;2;55;38;39;42;20;16;43;26;48;11;56
937;17.08.2012;22;36;23;25;34;55;7;28;29;12;6;60;37;21;58;32;18;16;46;27
936;16.08.2012;9;57;40;17;37;30;42;47;50;25;13;21;1;35;58;24;27;26;59;12
935;15.08.2012;52;49;38;1;25;10;23;47;39;26;17;14;19;51;24;29;58;37;40;33
934;14.08.2012;49;59;58;55;12;13;47;39;41;35;50;27;7;17;23;53;14;40;22;10
933;13.08.2012;33;52;14;6;8;42;55;50;58;40;9;31;56;59;36;57;13;38;2;45
932;12.08.2012;44;23;54;58;11;49;16;18;10;40;3;39;32;24;20;6;5;29;35;19
931;11.08.2012;38;23;20;55;28;48;6;56;54;5;14;31;8;12;16;4;17;57;33;47
930;10.08.2012;27;48;60;14;40;52;28;31;45;53;20;23;44;2;51;35;37;18;13;3
929;09.08.2012;18;32;23;31;59;6;41;48;2;30;51;40;49;60;3;53;20;17;38;22
928;08.08.2012;8;52;5;12;51;58;26;34;40;14;29;7;45;20;13;43;54;42;11;46
927;07.08.2012;20;36;10;30;47;50;1;11;45;8;13;48;26;51;49;23;40;7;18;39
926;06.08.2012;49;56;2;22;20;1;19;55;59;44;51;14;43;58;57;38;13;26;9;54
925;05.08.2012;24;52;35;32;54;8;53;10;44;25;57;5;37;9;17;60;6;1;21;43
924;04.08.2012;42;52;44;9;36;50;1;12;29;7;37;17;14;54;38;56;31;5;43;20
923;03.08.2012;22;56;52;55;28;45;20;59;11;17;12;53;10;41;25;7;46;48;54;2
922;02.08.2012;37;11;56;18;12;34;55;29;49;26;9;7;59;21;14;43;33;4;2;5
921;01.08.2012;9;37;58;46;8;38;23;43;17;54;35;52;19;11;14;32;7;16;3;33
920;31.07.2012;50;26;10;11;59;48;34;27;7;30;38;12;29;19;9;16;3;41;37;31
919;30.07.2012;47;15;4;38;23;52;26;25;58;6;37;42;56;5;60;39;43;1;22;50
918;29.07.2012;17;20;31;45;13;8;14;52;58;59;40;12;41;1;19;37;49;22;51;27
917;28.07.2012;55;47;34;19;49;18;38;3;26;8;13;7;16;59;37;58;2;11;14;52
916;27.07.2012;20;8;47;27;55;15;23;36;43;6;46;24;29;11;32;41;49;30;52;22
915;26.07.2012;30;49;40;23;42;24;37;51;8;39;45;6;34;2;31;55;12;19;52;53
914;25.07.2012;46;42;56;51;60;19;41;12;21;55;45;38;27;53;10;26;47;34;24;59
913;24.07.2012;35;27;58;3;34;5;6;37;41;14;15;50;22;29;19;33;17;52;24;26
912;23.07.2012;8;10;11;56;34;36;14;23;42;57;7;28;30;38;46;59;53;18;60;29
911;22.07.2012;51;31;36;18;32;14;60;16;2;11;24;45;43;22;49;50;10;58;33;38
910;21.07.2012;32;58;27;25;36;34;43;8;24;23;9;37;57;31;21;49;18;41;48;12
909;20.07.2012;40;41;60;11;23;53;4;18;16;13;19;48;56;1;44;54;33;21;43;2
908;19.07.2012;59;4;52;1;15;27;54;23;33;26;57;58;17;9;18;19;44;41;25;21
907;18.07.2012;55;30;28;27;52;36;47;41;20;2;38;17;33;7;53;50;43;59;19;26
906;17.07.2012;14;35;50;6;57;16;11;55;32;41;9;2;22;40;34;21;60;52;23;24
905;16.07.2012;46;26;24;22;10;9;42;49;5;33;17;55;56;20;13;3;48;7;36;25
904;15.07.2012;37;5;31;6;55;25;10;28;48;19;12;20;49;22;26;51;35;40;7;56
903;14.07.2012;32;58;34;4;41;10;24;35;36;29;54;12;38;49;53;44;57;20;5;28
902;13.07.2012;17;37;12;56;34;11;44;3;27;50;39;23;58;52;35;46;15;25;54;5
901;12.07.2012;2;59;52;38;14;41;47;6;37;48;5;55;43;35;51;40;17;58;26;54
900;11.07.2012;57;27;52;41;14;48;32;16;5;29;49;44;13;12;58;7;53;60;28;8
899;10.07.2012;44;56;6;37;45;22;3;33;50;24;60;32;59;30;21;57;25;28;12;9
898;09.07.2012;29;3;11;46;55;54;5;21;14;44;12;1;9;60;36;35;30;22;8;56
897;08.07.2012;15;52;55;12;23;16;25;1;46;24;19;35;31;51;8;9;40;49;38;58
896;07.07.2012;1;9;60;19;8;46;25;52;11;4;26;43;14;23;31;22;39;29;2;30
895;06.07.2012;31;54;2;53;56;52;25;4;22;26;39;13;55;9;47;29;37;10;59;27
894;05.07.2012;4;31;48;52;3;35;47;56;51;23;57;2;11;39;49;21;8;13;42;58
893;04.07.2012;49;42;4;24;32;25;31;33;52;47;54;15;1;12;38;14;45;55;26;21
892;03.07.2012;24;2;37;38;17;48;6;25;33;29;12;11;23;3;56;45;9;39;44;40
891;02.07.2012;2;14;29;28;40;44;12;48;27;7;46;42;10;26;21;52;32;47;57;43
890;01.07.2012;5;46;28;10;59;17;36;26;14;31;19;57;60;23;18;32;48;38;51;3
889;30.06.2012;55;41;51;53;47;38;57;36;37;18;19;17;12;60;49;9;45;20;50;26
888;29.06.2012;39;11;34;26;25;4;58;45;46;50;42;14;32;57;2;37;22;12;13;21
887;28.06.2012;40;15;19;21;37;7;16;51;48;42;57;53;2;6;12;34;9;32;38;50
886;27.06.2012;58;9;23;17;10;1;2;48;24;11;40;29;43;4;39;18;47;20;46;51
885;26.06.2012;51;47;60;50;41;12;34;30;59;19;15;23;43;8;29;3;44;25;28;27
884;25.06.2012;60;45;27;25;19;14;57;30;59;51;18;12;38;55;32;3;15;9;31;8
883;24.06.2012;32;39;35;43;56;47;12;8;5;49;36;9;15;48;42;52;51;20;25;3
882;23.06.2012;58;5;19;49;25;7;11;56;28;20;22;29;31;44;52;15;53;46;55;43
881;22.06.2012;24;5;30;41;52;28;20;49;14;9;7;51;44;4;10;3;1;2;54;21
880;21.06.2012;49;21;58;28;16;53;33;54;25;10;43;14;36;31;46;45;29;26;34;22
879;20.06.2012;30;56;29;51;36;44;46;24;33;22;38;13;57;26;9;27;18;1;7;6
878;19.06.2012;48;40;44;17;23;13;16;24;30;28;6;27;34;55;32;47;12;1;11;4
877;18.06.2012;14;9;36;33;48;19;34;4;58;60;56;22;43;29;5;2;20;54;3;21
876;17.06.2012;55;12;30;60;20;2;4;3;34;43;18;58;53;28;17;32;16;39;59;13
875;16.06.2012;24;11;58;17;34;2;22;52;21;40;41;57;30;3;18;49;46;45;60;25
874;15.06.2012;9;49;4;32;36;1;56;31;22;46;50;53;43;45;57;18;44;34;59;30
873;14.06.2012;19;26;9;24;45;60;2;28;4;48;53;29;22;13;58;44;33;50;46;8
872;13.06.2012;26;19;20;14;25;47;23;18;57;10;15;59;21;46;54;2;22;17;5;16
871;12.06.2012;17;24;43;11;9;4;22;35;31;15;18;45;37;53;16;60;21;49;33;59
870;11.06.2012;28;37;25;46;39;36;17;24;42;59;13;26;57;22;56;49;21;6;48;32
869;10.06.2012;39;49;29;7;21;45;24;56;14;30;41;32;4;13;38;44;50;33;53;15
868;09.06.2012;40;52;23;44;8;17;59;43;35;58;2;54;56;10;36;11;1;22;18;48
867;08.06.2012;15;19;49;14;24;25;8;23;34;53;45;39;38;3;52;9;51;1;43;18
866;07.06.2012;54;4;15;13;19;51;5;45;1;47;6;42;48;30;14;40;2;7;17;26
865;06.06.2012;30;53;9;1;23;16;51;58;60;38;2;3;48;54;44;40;26;20;47;57
864;05.06.2012;48;39;53;6;54;27;21;57;30;5;8;14;22;49;55;51;29;58;26;32
863;04.06.2012;35;51;1;45;50;7;16;8;40;55;2;15;5;53;23;3;44;43;14;11
862;03.06.2012;8;43;20;53;33;59;36;39;7;25;6;32;2;60;5;56;13;34;19;18
861;02.06.2012;46;52;44;48;47;8;22;30;13;32;37;33;21;28;53;49;50;3;16;1
860;01.06.2012;33;16;49;9;35;5;14;45;41;57;15;13;38;31;11;21;39;29;19;50
859;31.05.2012;49;33;9;26;12;47;36;25;7;28;32;56;60;53;37;15;16;8;3;29
858;30.05.2012;54;21;41;32;45;13;36;6;4;3;12;10;37;40;28;38;55;1;56;11
857;29.05.2012;48;29;1;31;14;6;55;10;13;52;35;8;19;7;17;22;4;3;11;45
856;28.05.2012;51;7;57;48;60;18;54;33;43;13;41;49;3;34;25;10;9;40;37;45
855;27.05.2012;17;35;45;12;29;49;16;14;9;48;46;33;34;4;2;43;59;54;38;55
854;26.05.2012;47;11;55;12;8;54;59;41;36;9;39;44;28;56;32;30;3;24;17;4
853;25.05.2012;43;30;37;1;56;38;27;35;17;29;6;55;2;46;9;21;36;52;8;4
852;24.05.2012;28;16;2;22;25;8;33;34;60;56;14;12;11;27;5;6;35;4;10;17
851;23.05.2012;33;37;38;7;5;43;8;23;58;1;9;2;32;27;55;60;54;44;21;41
850;22.05.2012;40;51;34;52;3;13;18;29;60;24;31;19;54;4;15;26;55;38;32;48
849;21.05.2012;53;3;26;12;6;60;22;8;40;45;10;46;1;16;32;47;52;5;39;9
848;20.05.2012;22;53;34;35;48;56;30;4;12;14;59;52;21;7;19;37;11;32;60;50
847;19.05.2012;1;6;58;11;22;39;2;16;53;30;32;43;36;8;35;14;21;51;42;33
846;18.05.2012;43;32;45;26;18;30;37;57;6;4;35;7;49;55;50;36;48;24;29;17
845;17.05.2012;3;19;40;55;7;30;50;18;41;28;31;43;58;29;38;23;32;15;34;14
844;16.05.2012;59;60;37;35;28;32;33;2;3;58;47;24;30;16;7;48;52;12;31;1
843;15.05.2012;30;34;48;59;28;56;8;26;7;53;49;4;46;14;15;9;50;29;43;55
842;14.05.2012;21;41;48;16;10;34;51;36;13;30;42;60;8;6;49;25;28;39;31;33
841;13.05.2012;5;42;23;56;3;8;49;48;45;38;53;39;19;14;2;40;52;34;31;11
840;12.05.2012;8;49;20;50;32;10;47;30;1;3;25;26;36;40;52;18;4;28;56;29
839;11.05.2012;40;54;8;17;24;26;34;49;53;4;25;13;45;23;47;37;11;14;44;15
838;10.05.2012;22;60;46;3;20;56;7;23;29;34;15;36;1;55;5;40;4;35;21;44
837;09.05.2012;58;43;21;6;24;1;60;11;27;39;55;30;12;23;4;35;17;45;44;52
836;08.05.2012;17;58;9;41;38;37;50;39;59;16;47;40;26;2;11;18;27;45;46;51
835;07.05.2012;35;30;11;44;9;18;55;48;38;6;45;32;39;14;26;46;13;47;3;28
834;06.05.2012;4;16;41;40;28;53;50;57;31;23;44;26;1;10;47;25;38;5;3;12
833;05.05.2012;12;30;58;44;45;7;37;27;15;16;60;6;46;38;31;42;19;59;55;5
832;04.05.2012;7;34;37;18;23;44;35;45;40;30;28;54;59;21;53;25;38;36;24;1
831;03.05.2012;59;34;37;43;16;15;56;10;58;41;48;42;6;1;44;50;14;30;28;25
830;02.05.2012;36;38;60;56;53;25;9;1;32;3;45;34;49;7;52;37;18;2;48;19
829;01.05.2012;35;29;25;26;54;50;1;40;3;16;20;10;18;24;22;48;43;6;15;59
828;30.04.2012;5;42;43;27;21;6;4;19;49;41;10;9;22;58;37;24;15;52;29;2
827;29.04.2012;36;60;29;7;52;42;21;59;38;9;5;18;6;44;31;23;55;56;12;3
826;28.04.2012;23;12;42;40;34;49;55;37;44;32;43;22;50;27;2;29;45;41;38;57
825;27.04.2012;54;55;28;20;4;56;7;18;51;10;46;1;48;42;30;45;43;39;49;24
824;26.04.2012;45;1;13;19;9;47;32;3;40;4;43;16;17;55;48;11;54;57;60;6
823;25.04.2012;40;10;2;22;21;6;7;45;46;12;57;47;35;32;8;48;9;41;28;53
822;24.04.2012;51;53;21;22;4;17;14;39;3;59;41;12;5;52;2;1;40;42;43;7
821;23.04.2012;53;31;59;56;5;28;26;22;60;4;46;27;54;2;20;32;6;17;37;47
820;22.04.2012;36;45;52;32;48;44;33;1;31;25;23;38;10;12;2;19;35;47;22;3
819;21.04.2012;14;46;57;37;16;4;10;45;60;8;7;30;58;23;50;6;19;9;32;28
818;20.04.2012;11;48;43;30;6;15;37;51;2;13;54;1;22;21;46;29;36;32;25;27
817;19.04.2012;44;57;60;17;20;48;53;8;2;10;37;40;27;12;1;35;54;28;9;18
816;18.04.2012;5;49;20;26;22;29;36;40;31;25;11;24;53;7;42;17;59;30;41;3
815;17.04.2012;3;27;12;49;57;56;46;55;54;37;44;21;17;8;23;51;1;42;13;6
814;16.04.2012;24;1;4;46;31;47;18;38;59;37;13;21;52;11;14;41;42;10;3;7
813;15.04.2012;42;54;57;50;17;12;4;13;40;22;35;16;11;15;45;6;28;5;2;32
812;14.04.2012;7;13;14;60;31;9;55;42;29;25;15;49;23;30;35;26;37;51;54;36
811;13.04.2012;34;13;16;60;47;6;33;50;18;55;21;28;53;29;4;35;14;40;38;43
810;12.04.2012;22;53;10;3;47;1;44;13;26;33;29;20;16;2;34;28;38;15;48;50
809;11.04.2012;52;29;33;12;23;55;1;18;2;54;44;50;56;31;17;41;51;36;40;39
808;10.04.2012;31;51;58;40;56;36;16;7;27;38;17;32;23;22;45;24;11;30;42;26
807;09.04.2012;23;18;22;56;42;28;5;11;20;54;51;4;48;27;19;26;16;10;37;14
806;08.04.2012;39;59;19;26;37;9;16;50;6;17;48;42;40;32;25;49;47;11;14;22
805;07.04.2012;56;58;11;29;55;40;44;43;39;48;28;18;60;2;53;49;22;38;57;31
804;06.04.2012;50;13;32;57;19;49;6;52;23;56;46;11;3;10;2;30;51;7;48;34
803;05.04.2012;9;42;27;54;23;31;25;34;36;4;59;53;49;43;13;6;12;51;28;19
802;04.04.2012;1;22;49;42;29;28;56;35;6;31;27;36;43;12;58;17;40;7;25;19
801;03.04.2012;36;13;2;28;48;32;9;1;15;49;42;58;23;18;35;12;24;44;59;11
800;02.04.2012;58;36;39;13;54;28;37;43;17;34;49;53;38;9;18;40;57;23;35;29
799;01.04.2012;30;2;49;3;18;39;42;43;20;47;14;1;53;19;8;58;27;29;41;12
798;31.03.2012;11;26;14;53;54;47;7;17;25;30;4;22;23;6;1;33;37;28;16;41
797;30.03.2012;54;55;1;59;58;40;44;2;29;41;38;23;17;21;28;14;20;42;7;31
796;29.03.2012;40;48;4;16;9;37;2;59;15;3;51;33;60;58;42;49;53;17;36;26
795;28.03.2012;33;57;35;30;3;43;4;59;18;58;1;9;7;23;29;13;47;15;32;49
794;27.03.2012;39;49;22;52;48;51;44;15;54;27;23;35;50;38;13;43;20;18;53;3
793;26.03.2012;39;43;33;26;15;40;20;5;44;49;25;23;51;3;42;57;38;36;55;46
792;25.03.2012;40;39;38;20;21;44;25;35;2;4;1;12;11;52;9;57;26;56;48;22
791;24.03.2012;3;28;33;29;31;50;30;10;9;38;52;37;59;60;24;57;48;39;14;35
790;23.03.2012;23;13;28;43;3;42;14;53;36;34;20;51;39;37;9;44;31;25;19;47
789;22.03.2012;55;60;10;19;36;57;41;12;43;7;15;32;56;18;47;27;39;14;59;16
788;21.03.2012;44;36;3;45;6;27;12;29;15;10;42;11;47;32;34;31;16;24;13;55
787;20.03.2012;18;12;46;16;54;10;57;58;28;52;7;50;53;22;44;55;6;35;32;29
786;19.03.2012;16;24;44;47;33;43;3;9;8;15;12;27;13;31;46;49;40;50;53;25
785;18.03.2012;3;50;41;1;26;8;16;17;57;10;29;18;22;31;46;37;51;12;7;59
784;17.03.2012;15;39;41;37;32;20;45;30;47;43;57;10;36;24;54;55;60;3;48;51
783;16.03.2012;45;17;9;5;6;19;13;47;37;8;23;21;41;3;24;33;49;48;16;35
782;15.03.2012;35;8;7;57;50;40;49;16;6;51;59;39;5;15;33;60;12;18;28;9
781;14.03.2012;15;41;4;12;47;18;10;20;37;60;51;35;32;3;14;42;38;23;8;11
780;13.03.2012;42;8;47;34;36;5;43;3;48;45;25;55;49;50;35;19;16;38;59;58
779;12.03.2012;56;10;41;39;51;54;6;19;27;12;60;37;14;46;1;7;16;30;18;24
778;11.03.2012;17;10;34;26;47;39;58;14;12;20;9;33;32;30;51;24;36;11;53;57
777;10.03.2012;1;19;22;4;56;31;11;30;57;5;25;21;58;42;9;18;55;26;20;47
776;09.03.2012;13;45;1;15;57;30;8;59;53;27;11;40;43;41;21;22;34;56;55;31
775;08.03.2012;5;42;17;25;6;9;15;41;13;52;16;46;3;40;27;49;26;23;8;53
774;07.03.2012;8;38;30;34;16;11;4;49;23;6;36;60;27;28;54;29;58;41;17;50
773;06.03.2012;16;38;36;57;33;43;26;24;4;17;22;28;13;31;20;14;53;44;60;15
772;05.03.2012;58;49;25;12;22;23;46;35;40;21;59;55;30;29;42;27;24;18;13;5
771;04.03.2012;43;6;26;57;35;24;45;12;29;20;48;54;28;3;1;15;34;55;59;9
770;03.03.2012;19;10;34;23;60;43;59;30;55;27;35;37;41;32;20;58;29;56;18;36
769;02.03.2012;42;32;22;49;50;57;17;44;60;53;46;38;10;27;26;35;16;37;7;54
768;01.03.2012;19;28;25;51;13;7;47;37;59;10;33;8;35;4;46;21;5;9;57;32
767;29.02.2012;50;21;44;56;52;6;59;11;40;39;45;10;23;54;55;31;30;58;2;48
766;28.02.2012;21;58;20;11;3;17;31;60;45;48;14;55;47;54;27;42;22;59;56;44
765;27.02.2012;12;7;14;13;27;35;11;39;46;37;54;48;8;40;9;31;57;51;28;23
764;26.02.2012;31;46;32;2;9;37;14;12;60;8;40;6;47;10;27;29;57;4;34;39
763;25.02.2012;7;3;6;18;36;56;33;21;23;5;47;25;35;40;58;20;11;41;17;44
762;24.02.2012;12;38;24;60;36;31;20;1;11;3;48;39;30;58;33;37;59;22;17;29
761;23.02.2012;28;7;5;17;58;22;27;2;8;57;59;4;1;36;50;48;24;49;3;55
760;22.02.2012;33;5;1;41;60;28;35;16;6;53;7;47;24;20;30;44;32;11;26;42
759;21.02.2012;28;23;11;35;32;45;56;41;18;47;10;7;46;39;8;2;25;60;51;37
758;20.02.2012;46;35;57;53;15;18;55;17;39;60;14;48;7;2;16;22;28;36;29;33
757;19.02.2012;16;4;32;9;37;28;1;24;46;44;58;11;35;57;25;15;17;13;21;39
756;18.02.2012;51;39;58;28;40;59;33;46;4;31;35;1;22;18;5;12;55;21;24;25
755;17.02.2012;43;13;44;28;4;46;60;52;11;45;54;12;23;8;37;18;16;7;26;56
754;16.02.2012;4;43;12;49;6;25;5;34;47;10;60;21;40;31;33;7;57;42;26;17
753;15.02.2012;55;45;46;28;1;52;53;3;36;47;44;9;23;57;54;7;60;30;41;10
752;14.02.2012;54;24;13;35;16;22;30;11;48;23;40;33;55;39;27;29;19;41;6;38
751;13.02.2012;29;17;41;18;6;25;60;22;24;30;53;16;1;23;40;34;28;56;43;57
750;12.02.2012;1;24;34;19;54;38;47;33;7;16;35;20;4;41;40;2;27;13;39;12
749;11.02.2012;6;26;7;21;53;60;20;25;41;36;38;12;57;43;13;55;49;29;30;22
748;10.02.2012;50;36;49;55;29;31;2;9;25;60;5;20;44;53;28;58;39;12;33;37
747;09.02.2012;46;9;42;54;56;50;58;40;35;28;38;25;15;12;31;24;1;27;18;22
746;08.02.2012;47;27;38;28;41;7;60;58;12;19;13;48;25;34;17;3;22;37;14;5
745;07.02.2012;36;22;20;60;30;3;25;27;34;41;54;58;5;48;42;9;44;12;28;21
744;06.02.2012;3;50;44;52;12;22;37;47;57;19;9;45;51;10;30;4;13;53;28;56
743;05.02.2012;43;48;39;22;17;33;9;31;49;4;19;10;25;59;57;14;60;2;6;41
742;04.02.2012;8;22;20;55;15;38;42;54;23;36;59;57;9;58;48;56;2;16;11;51
741;03.02.2012;12;31;57;56;54;60;29;30;19;44;40;7;32;38;36;5;15;48;53;43
740;02.02.2012;16;32;4;31;9;21;41;14;44;45;30;55;28;7;11;60;57;46;47;51
739;01.02.2012;7;35;40;52;36;56;28;6;21;47;29;37;8;54;27;11;32;13;55;22
738;31.01.2012;45;34;35;39;14;12;56;43;6;9;13;38;44;28;30;57;33;11;31;27
737;30.01.2012;3;24;31;36;26;47;50;34;17;43;44;4;53;54;40;12;5;30;15;2
736;29.01.2012;33;15;47;40;36;21;9;34;31;17;23;57;39;4;49;29;24;58;18;25
735;28.01.2012;52;60;34;23;1;2;48;15;33;12;18;45;26;10;50;46;55;30;28;59
734;27.01.2012;53;4;42;30;47;7;39;19;15;6;60;54;36;48;23;35;25;49;11;50
733;26.01.2012;15;36;38;42;50;34;26;60;55;31;43;13;6;44;45;5;37;40;3;16
732;25.01.2012;35;56;52;47;46;7;39;10;34;13;51;18;28;48;24;45;1;9;14;5
731;24.01.2012;58;38;21;6;10;56;7;34;33;60;40;29;46;20;18;3;57;42;9;31
730;23.01.2012;40;58;27;6;47;34;53;33;46;44;35;55;38;50;13;45;28;57;39;16
729;22.01.2012;21;36;53;55;31;45;40;50;37;48;6;26;27;20;33;47;25;16;17;1
728;21.01.2012;21;41;2;56;12;50;4;9;46;25;40;13;44;33;22;31;37;48;30;10
727;20.01.2012;35;53;37;12;52;17;39;8;42;46;48;44;25;56;36;57;40;20;21;24
726;19.01.2012;25;59;33;22;53;20;38;13;58;56;19;35;51;11;21;6;26;42;1;23
725;18.01.2012;9;42;3;45;30;17;20;23;18;32;12;58;14;37;48;22;24;2;52;44
724;17.01.2012;42;11;5;40;41;25;48;54;36;53;23;47;26;28;44;19;50;17;9;43
723;16.01.2012;9;54;52;28;27;60;45;18;38;33;16;19;40;46;36;41;17;21;24;35
722;15.01.2012;29;35;18;58;23;44;10;30;60;28;49;1;13;45;24;33;14;41;17;40
721;14.01.2012;60;44;47;39;14;12;17;45;34;50;37;54;46;55;28;42;59;49;9;57
720;13.01.2012;5;57;25;43;32;40;4;8;56;1;24;58;60;15;54;50;59;37;17;26
719;12.01.2012;30;27;25;3;47;21;36;17;39;49;28;59;18;34;7;10;35;6;46;43
718;11.01.2012;29;8;52;48;14;27;5;53;47;40;33;50;26;57;37;2;13;46;38;36
717;10.01.2012;5;57;21;40;23;20;54;33;9;6;28;48;15;30;7;18;16;24;39;32
716;09.01.2012;29;24;49;4;40;25;54;57;17;28;45;13;1;26;12;58;52;23;19;21
715;08.01.2012;55;47;58;16;3;20;43;54;38;15;56;39;22;13;18;26;60;14;2;49
714;07.01.2012;55;54;31;7;37;56;30;45;40;6;8;19;4;15;46;14;47;33;35;32
713;06.01.2012;48;36;31;29;45;11;40;56;5;10;14;13;50;23;12;2;51;52;60;8
712;05.01.2012;17;26;3;30;8;2;21;54;10;35;60;58;23;39;36;42;45;7;38;52
711;04.01.2012;44;8;38;52;29;35;20;24;46;10;60;17;3;31;9;15;39;14;41;49
710;03.01.2012;47;49;53;30;5;58;22;51;56;1;54;44;27;3;38;36;23;17;18;35
709;02.01.2012;28;59;25;46;10;33;14;7;24;40;48;26;50;3;12;31;2;16;30;21
708;01.01.2012;18;50;56;47;41;20;55;36;8;30;29;23;60;15;57;34;2;44;48;54
707;31.12.2011;33;18;49;59;23;6;4;7;52;11;47;21;36;45;54;1;16;22;2;40
706;30.12.2011;9;37;10;8;6;49;28;39;26;52;40;14;58;21;20;23;42;55;3;54
705;29.12.2011;38;7;6;53;50;37;29;25;28;59;36;60;8;4;18;52;46;11;35;19
704;28.12.2011;37;38;41;22;20;33;12;6;58;21;17;2;35;26;10;45;25;3;44;53
703;27.12.2011;45;43;27;48;50;19;40;29;33;34;57;3;36;24;55;10;53;22;17;58
702;26.12.2011;56;36;17;2;3;27;46;32;10;31;52;49;47;39;15;48;9;1;59;11
701;25.12.2011;59;58;57;34;33;56;42;21;11;25;6;35;12;8;49;9;19;14;38;32
700;24.12.2011;21;29;41;14;28;49;18;57;33;42;56;44;45;2;46;10;39;24;11;47
699;23.12.2011;23;49;26;43;15;51;44;25;55;47;18;38;54;35;31;37;1;59;14;34
698;22.12.2011;9;6;3;43;56;25;27;29;4;60;33;21;18;22;51;42;24;35;34;17
697;21.12.2011;35;24;12;53;9;42;49;27;41;4;15;29;45;54;17;32;31;57;5;47
696;20.12.2011;54;26;49;39;32;46;29;60;31;51;52;16;27;35;33;55;2;9;19;56
695;19.12.2011;39;51;37;42;50;45;19;9;5;59;18;58;10;30;48;12;40;21;41;17
694;18.12.2011;17;59;57;24;55;42;6;43;18;28;30;53;1;9;49;32;46;22;56;8
693;17.12.2011;58;49;53;20;30;46;40;36;14;38;16;28;26;10;32;43;51;3;50;54
692;16.12.2011;19;22;30;56;43;60;25;51;52;2;6;57;28;5;59;17;12;8;36;55
691;15.12.2011;60;41;9;58;32;5;6;1;56;7;26;3;17;29;37;30;45;44;19;43
690;14.12.2011;28;51;26;42;22;49;57;1;43;8;34;59;18;31;52;55;9;27;19;58
689;13.12.2011;50;2;39;23;31;21;53;6;17;57;42;18;3;43;34;25;33;27;16;55
688;12.12.2011;23;3;55;52;59;10;4;53;57;17;44;22;58;25;15;42;60;31;32;29
687;11.12.2011;42;55;16;57;4;37;13;49;41;18;44;31;33;29;17;50;9;10;21;7
686;10.12.2011;45;24;38;59;57;20;44;55;23;54;53;36;1;40;14;8;39;37;6;28
685;09.12.2011;6;36;9;46;21;39;11;58;34;25;12;50;4;45;14;33;10;18;60;16
684;08.12.2011;5;52;32;33;17;1;6;21;34;3;46;18;30;4;41;13;48;16;59;27
683;07.12.2011;26;17;11;25;43;7;40;58;8;19;27;50;59;21;9;18;54;46;15;51
682;06.12.2011;31;58;52;42;30;10;40;12;4;53;54;32;50;39;41;51;6;57;7;23
681;05.12.2011;37;54;12;38;6;36;39;60;9;22;50;29;31;42;10;16;20;27;11;52
680;04.12.2011;31;38;22;27;11;48;24;5;14;52;18;33;20;9;50;36;12;37;39;45
679;03.12.2011;5;25;48;55;18;42;37;58;15;6;2;24;4;54;26;19;43;35;46;30
678;02.12.2011;12;24;16;54;7;3;31;20;55;13;43;50;21;39;22;47;8;19;57;35
677;01.12.2011;48;20;8;21;5;31;9;10;43;7;14;24;60;49;42;13;53;16;37;50
676;30.11.2011;47;34;57;22;49;18;1;9;11;24;20;46;32;59;15;40;10;27;54;42
675;29.11.2011;23;29;5;46;33;24;20;21;9;43;54;3;25;14;52;10;47;44;39;18
674;28.11.2011;22;19;32;7;41;2;28;53;10;30;38;18;4;26;3;40;48;24;58;57
673;27.11.2011;57;23;29;55;42;25;6;53;41;35;54;37;1;27;36;11;56;47;5;21
672;26.11.2011;7;3;32;47;35;23;10;39;43;21;8;1;13;50;12;49;59;27;38;25
671;25.11.2011;4;2;24;30;3;25;23;11;38;1;42;60;56;46;49;18;21;16;10;27
670;24.11.2011;53;32;26;33;27;5;2;49;37;48;40;60;8;36;9;19;12;3;16;52
669;23.11.2011;41;18;40;55;11;36;7;58;54;44;33;5;50;32;45;43;16;34;49;31
668;22.11.2011;23;40;44;60;58;55;5;35;6;42;12;22;34;19;20;30;51;43;15;31
667;21.11.2011;41;16;54;13;20;46;42;5;40;60;10;24;59;22;33;26;29;53;48;55
666;20.11.2011;38;29;36;27;3;4;6;2;39;37;21;32;35;17;16;9;14;34;31;49
665;19.11.2011;16;50;6;27;13;17;45;1;10;12;57;51;11;43;38;23;32;5;3;7
664;18.11.2011;48;24;57;16;21;19;47;22;52;32;4;60;26;34;43;9;49;29;55;25
663;17.11.2011;10;50;49;4;47;32;15;18;26;34;21;51;14;23;42;41;33;35;9;19
662;16.11.2011;56;30;4;32;25;55;13;24;5;1;12;7;40;44;21;26;36;27;35;50
661;15.11.2011;45;4;58;37;29;46;49;51;34;5;27;42;26;31;13;17;33;14;21;6
660;14.11.2011;35;25;29;21;30;42;23;56;27;19;17;43;26;28;46;55;6;41;33;48
659;13.11.2011;57;3;46;22;12;54;44;21;10;26;20;52;49;30;9;41;60;32;15;17
658;12.11.2011;27;45;14;47;55;1;35;52;21;24;23;2;13;58;36;32;17;6;30;40
657;11.11.2011;49;6;54;9;19;20;26;51;11;52;23;50;10;41;21;30;43;40;29;32
656;10.11.2011;19;26;49;56;12;33;43;38;28;23;47;53;30;9;34;59;36;39;45;3
655;09.11.2011;42;28;20;48;31;41;22;50;47;9;59;11;37;24;45;53;23;35;57;46
654;08.11.2011;14;59;34;16;37;7;3;60;2;11;54;48;45;57;56;31;39;33;24;15
653;07.11.2011;60;38;51;47;24;20;27;52;14;45;2;23;35;54;4;17;44;42;28;46
652;06.11.2011;32;11;46;25;41;49;51;28;48;31;57;30;42;34;5;40;12;16;20;47
651;05.11.2011;34;45;29;22;19;54;30;7;47;5;31;60;42;56;57;38;27;15;18;21
650;04.11.2011;48;13;36;21;29;11;14;28;57;46;19;18;23;5;10;2;3;4;45;35
649;03.11.2011;15;57;14;42;1;49;60;47;8;59;48;40;5;21;25;39;19;53;23;4
648;02.11.2011;3;59;17;41;26;25;16;43;22;45;20;14;58;18;55;44;24;51;23;49
647;01.11.2011;51;29;50;59;14;9;39;20;49;35;41;34;4;21;18;54;1;12;45;25
646;31.10.2011;45;40;23;50;17;31;52;3;60;57;51;11;20;5;27;53;28;12;56;19
645;30.10.2011;16;46;60;52;10;21;48;24;44;12;14;26;5;49;20;31;3;50;54;28
644;29.10.2011;56;17;34;19;8;33;60;51;20;26;46;47;23;25;13;2;57;38;12;16
643;28.10.2011;38;30;51;1;28;4;36;39;56;6;16;11;26;3;18;34;57;60;35;29
642;27.10.2011;3;31;26;30;35;39;7;23;46;17;53;49;51;1;42;47;15;16;50;54
641;26.10.2011;3;26;51;31;53;11;6;37;27;30;32;44;36;56;19;28;23;10;7;24
640;25.10.2011;57;26;41;24;28;46;52;59;50;47;13;23;33;29;55;10;39;32;27;9
639;24.10.2011;60;55;39;36;11;57;28;6;58;14;15;19;1;30;21;59;31;54;8;29
638;23.10.2011;57;23;29;47;43;55;36;48;56;53;33;24;45;17;14;38;21;13;46;27
637;22.10.2011;60;55;47;24;7;41;34;19;2;57;16;38;21;44;20;40;32;42;51;8
636;21.10.2011;13;6;1;12;27;2;40;7;44;24;60;9;35;23;14;19;32;20;30;54
635;20.10.2011;48;25;33;42;1;46;35;44;60;24;17;10;26;5;20;12;43;56;22;9
634;19.10.2011;6;51;27;38;46;31;14;19;48;37;1;2;60;39;16;22;20;40;47;9
633;18.10.2011;49;38;15;14;40;37;58;36;17;32;27;5;28;52;53;57;31;51;2;34
632;17.10.2011;41;6;22;29;12;54;46;14;26;28;8;53;34;24;51;50;5;23;7;59
631;16.10.2011;48;8;37;35;40;16;23;2;55;30;43;39;45;56;60;5;28;27;51;12
630;15.10.2011;48;4;21;15;25;23;35;60;19;32;57;33;42;8;17;38;44;37;28;47
629;14.10.2011;9;54;5;40;26;47;13;49;11;14;51;45;35;60;17;21;19;22;41;52
628;13.10.2011;23;49;38;46;11;42;29;25;54;14;26;60;34;22;35;21;27;45;58;51
627;12.10.2011;13;57;52;47;23;28;38;30;32;5;51;26;9;39;43;37;10;8;45;14
626;11.10.2011;18;33;22;24;13;27;11;5;32;55;46;14;29;39;40;57;58;44;47;3
625;10.10.2011;39;54;51;46;5;15;24;4;1;12;27;3;26;41;21;55;29;35;14;22
624;09.10.2011;40;15;13;9;53;36;10;7;25;29;42;21;47;5;3;51;44;17;24;43
623;08.10.2011;45;29;35;27;20;28;22;51;9;23;60;39;32;49;4;34;25;11;33;7
622;07.10.2011;47;3;31;59;36;44;48;19;38;14;23;40;30;8;53;15;10;6;28;11
621;06.10.2011;40;2;39;49;24;19;44;32;5;42;12;47;30;27;59;37;57;11;20;26
620;05.10.2011;30;15;13;28;25;12;5;10;39;26;6;43;32;19;18;9;44;7;11;42
619;04.10.2011;38;53;1;24;54;39;30;19;34;58;46;25;3;6;36;45;26;56;12;17
618;03.10.2011;59;47;33;5;50;7;25;6;1;2;15;24;51;46;20;10;41;49;23;45
617;02.10.2011;30;9;21;50;32;31;14;58;56;33;24;12;7;19;4;40;28;42;57;35
616;01.10.2011;25;51;38;10;47;21;8;54;57;6;2;58;4;30;59;44;42;34;5;12
615;30.09.2011;26;19;46;40;44;48;32;33;15;37;17;34;43;13;52;39;56;22;30;31
614;29.09.2011;6;22;46;51;32;26;40;7;11;58;54;43;10;35;33;37;8;30;2;27
613;28.09.2011;55;58;39;56;48;50;4;6;20;7;54;44;51;16;2;28;12;14;17;53
612;27.09.2011;33;56;41;2;37;44;19;43;5;23;35;21;52;8;38;36;32;11;20;3
611;26.09.2011;59;22;11;55;12;10;17;25;35;54;8;21;43;51;15;31;27;14;28;33
610;25.09.2011;30;28;16;10;26;27;41;48;17;35;34;50;45;60;38;43;40;6;24;56
609;24.09.2011;29;6;55;7;59;34;27;23;36;52;48;26;28;33;24;21;53;5;16;45
608;23.09.2011;55;59;8;35;37;42;30;10;2;16;57;29;36;38;31;40;43;48;17;26
607;22.09.2011;23;52;1;4;30;6;47;16;38;18;12;39;60;5;26;51;41;17;25;28
606;21.09.2011;13;35;26;25;37;58;60;40;20;17;41;45;56;50;55;51;31;38;23;1
605;20.09.2011;10;39;19;28;56;4;43;45;20;54;6;53;38;15;51;18;3;13;22;34
604;19.09.2011;2;21;39;46;41;3;58;25;49;28;44;4;7;16;17;13;34;50;47;33
603;18.09.2011;33;59;9;32;21;58;18;54;25;35;7;28;53;8;50;31;49;5;52;1
602;17.09.2011;38;52;31;2;24;56;11;7;59;13;25;54;22;27;5;60;1;55;46;32
601;16.09.2011;4;35;2;55;9;31;50;5;33;51;29;24;36;1;38;6;23;25;27;16
600;15.09.2011;18;54;14;20;6;49;38;50;26;3;46;8;15;39;52;44;58;42;2;35
599;14.09.2011;17;50;14;45;37;6;40;29;52;24;47;38;41;15;35;28;19;58;36;55
598;13.09.2011;32;20;26;7;30;14;57;51;38;19;59;56;41;36;58;8;50;42;52;31
597;12.09.2011;16;5;38;47;48;14;23;2;37;10;42;4;44;59;19;15;27;28;58;30
596;11.09.2011;57;43;56;58;8;42;25;24;6;13;47;51;41;32;33;38;11;1;12;7
595;10.09.2011;38;22;6;34;31;39;12;50;25;21;20;27;9;37;11;33;30;24;7;45
594;09.09.2011;24;17;42;26;49;48;46;59;43;10;4;52;37;7;6;23;22;47;34;9
593;08.09.2011;40;37;52;18;23;53;3;56;59;36;4;44;9;45;47;55;32;33;28;8
592;07.09.2011;47;10;9;49;32;50;7;34;3;14;12;56;20;21;55;35;42;38;25;27
591;06.09.2011;50;18;12;52;39;44;57;30;17;26;53;20;7;47;46;40;43;6;56;22
590;05.09.2011;20;58;53;56;4;34;36;49;50;7;6;2;8;51;32;59;22;57;44;16
589;04.09.2011;44;56;60;43;46;31;59;19;48;13;47;14;9;32;20;45;12;27;37;36
588;03.09.2011;1;26;48;54;29;51;24;56;18;19;5;14;17;13;25;42;43;21;45;50
587;02.09.2011;30;4;40;43;59;39;23;18;37;56;55;33;31;36;50;24;25;16;10;12
586;01.09.2011;59;9;4;28;29;46;11;47;44;45;31;56;34;26;15;23;42;22;49;60
585;31.08.2011;29;54;9;23;20;55;33;11;21;1;53;26;39;13;52;57;17;5;40;43
584;30.08.2011;35;24;18;53;1;47;40;51;45;44;10;31;12;3;23;46;39;16;28;43
583;29.08.2011;13;14;51;43;57;9;55;28;6;48;39;24;36;47;11;23;8;5;20;38
582;28.08.2011;29;32;9;44;14;8;57;11;48;38;17;35;49;7;51;53;2;27;54;6
581;27.08.2011;51;17;2;50;45;32;46;54;5;33;34;39;31;11;29;56;49;37;7;27
580;26.08.2011;33;32;51;6;41;9;46;26;10;23;18;14;57;52;28;39;11;50;34;49
579;25.08.2011;5;30;17;12;52;6;4;18;35;1;55;54;47;28;13;33;25;46;32;44
578;24.08.2011;24;31;34;23;43;9;47;16;42;20;38;14;7;28;15;60;11;58;55;45
577;23.08.2011;57;2;43;33;9;36;22;13;38;15;45;24;58;37;32;8;52;3;1;21
576;22.08.2011;33;28;11;5;10;34;15;25;46;50;52;49;14;4;47;57;17;21;9;55
575;21.08.2011;12;33;20;55;36;56;4;24;54;32;59;46;34;3;52;58;7;41;8;42
574;20.08.2011;46;30;52;32;36;60;45;39;48;23;44;31;24;33;4;3;26;56;1;14
573;19.08.2011;57;58;48;22;20;25;10;8;32;19;6;14;5;3;26;37;15;46;13;27
572;18.08.2011;30;28;48;24;1;27;9;56;54;20;8;43;52;46;31;55;26;40;44;39
571;17.08.2011;21;35;1;31;51;34;16;38;44;20;42;2;13;17;3;4;54;7;52;45
570;16.08.2011;58;11;51;14;55;28;41;17;45;59;19;46;1;38;54;35;34;47;27;48
569;15.08.2011;21;35;1;18;39;26;9;52;49;51;34;4;50;42;28;53;38;11;45;54
568;14.08.2011;28;34;31;1;56;25;52;33;26;53;40;49;42;17;18;30;24;55;43;36
567;13.08.2011;24;50;31;32;20;44;7;54;46;11;5;57;2;16;45;27;42;51;59;22
566;12.08.2011;20;55;40;41;1;30;19;5;33;37;3;51;34;16;54;45;11;7;43;8
565;11.08.2011;39;15;31;3;48;10;13;46;28;40;33;47;43;41;25;9;57;54;38;18
564;10.08.2011;3;60;39;19;4;28;35;40;13;33;59;45;12;37;53;49;30;57;42;8
563;09.08.2011;4;3;56;17;35;6;38;15;28;20;2;34;8;30;27;12;41;1;50;46
562;08.08.2011;54;14;10;3;27;28;38;55;46;49;19;44;42;12;59;43;51;26;45;57
561;07.08.2011;50;42;7;27;51;18;39;44;47;4;23;25;49;16;3;30;6;21;59;38
560;06.08.2011;25;13;47;44;58;7;3;22;43;6;32;12;4;48;45;10;52;5;55;27
559;05.08.2011;52;33;2;24;16;40;55;29;49;5;38;56;3;58;10;47;42;46;19;14
558;04.08.2011;35;60;8;37;55;11;48;16;54;29;50;14;53;57;46;2;1;19;31;52
557;03.08.2011;6;36;18;47;10;26;16;27;20;59;54;1;9;51;56;8;52;15;4;22
556;02.08.2011;13;44;36;35;60;17;50;59;22;9;34;40;38;1;23;2;19;56;11;48
555;01.08.2011;44;17;53;36;19;13;54;16;27;9;12;24;2;51;3;39;42;10;56;49
554;31.07.2011;11;33;14;20;51;43;52;34;23;17;38;27;48;18;12;29;21;24;32;2
553;30.07.2011;6;50;36;58;40;10;41;47;28;7;8;37;16;27;38;33;54;51;20;21
552;29.07.2011;1;50;2;42;46;13;10;7;37;45;4;16;23;15;24;8;6;39;36;33
551;28.07.2011;47;32;5;30;23;17;22;55;40;11;39;56;59;35;28;31;50;16;33;20
550;27.07.2011;2;50;18;7;32;5;49;3;42;40;37;57;48;36;20;22;53;19;45;13
549;26.07.2011;33;43;8;21;1;28;50;45;22;27;11;38;18;39;31;24;6;44;40;47
548;25.07.2011;3;51;29;56;30;19;37;35;15;47;60;20;6;33;8;1;32;48;45;4
547;24.07.2011;43;3;33;20;45;56;22;6;25;50;5;7;23;47;30;54;40;46;53;15
546;23.07.2011;20;2;32;53;42;7;33;10;58;46;22;24;41;11;31;34;40;55;3;5
545;22.07.2011;16;44;7;13;19;12;43;21;42;45;32;57;31;22;51;55;26;24;60;30
544;21.07.2011;8;27;32;46;35;31;22;13;9;19;37;1;48;20;23;59;36;57;42;26
543;20.07.2011;34;27;24;3;32;14;60;51;37;7;43;45;44;26;56;19;22;30;38;53
542;19.07.2011;27;22;53;26;43;41;9;16;39;46;55;14;34;40;29;28;50;23;44;10
541;18.07.2011;54;52;8;47;60;42;21;37;58;13;55;23;1;40;25;48;6;17;2;19
540;17.07.2011;21;39;11;52;43;59;17;14;45;47;44;48;7;33;23;26;50;12;10;35
539;16.07.2011;20;6;57;42;59;7;58;22;8;47;40;30;54;48;39;60;13;2;45;49
538;15.07.2011;52;34;1;36;37;47;59;54;30;2;19;20;56;28;48;22;25;50;13;18
537;14.07.2011;35;15;17;59;57;9;53;19;33;48;23;36;42;7;49;45;46;16;32;14
536;13.07.2011;51;26;43;23;29;60;9;40;13;8;10;41;45;37;57;58;6;24;4;21
535;12.07.2011;23;9;11;37;52;10;34;2;54;4;60;26;1;27;13;35;7;50;22;32
534;11.07.2011;41;34;59;56;46;22;43;55;29;8;49;60;11;37;24;51;7;50;14;47
533;10.07.2011;23;42;50;45;41;14;52;7;12;1;26;10;6;60;48;59;40;27;55;29
532;09.07.2011;8;43;15;13;23;54;27;4;60;21;18;20;38;25;28;51;24;7;47;57
531;08.07.2011;5;21;10;8;34;42;46;3;53;48;22;60;12;44;35;51;11;39;1;32
530;07.07.2011;37;55;24;60;16;17;18;58;25;3;57;22;27;46;1;6;56;4;21;8
529;06.07.2011;14;23;12;5;52;37;43;30;55;16;34;7;48;15;31;4;6;59;33;56
528;05.07.2011;33;46;32;21;14;16;30;37;56;20;7;18;38;44;55;17;50;10;19;47
527;04.07.2011;35;29;56;48;7;25;18;52;10;21;60;44;22;37;45;17;14;6;59;15
526;03.07.2011;21;18;47;56;9;31;37;30;32;38;12;26;10;5;33;11;58;27;43;28
525;02.07.2011;34;33;47;48;21;9;55;1;53;44;60;32;42;39;58;20;31;19;28;46
524;01.07.2011;43;30;29;55;36;52;32;25;5;27;22;23;56;26;1;19;18;44;38;39
523;30.06.2011;60;59;13;49;29;22;53;50;10;35;51;46;33;41;58;36;56;19;11;34
522;29.06.2011;40;46;23;26;5;1;31;24;12;32;51;45;49;27;58;60;13;10;3;34
521;28.06.2011;6;43;52;48;27;44;51;11;46;2;25;18;4;31;16;13;58;47;1;32
520;27.06.2011;52;42;47;13;20;34;19;17;28;10;2;57;32;38;44;1;18;29;45;22
519;26.06.2011;26;4;23;30;34;24;57;6;7;31;39;40;15;32;58;56;20;59;54;22
518;25.06.2011;35;4;58;7;57;50;55;13;47;25;37;18;34;5;42;16;31;52;32;27
517;24.06.2011;32;17;50;41;33;42;20;24;14;53;54;8;45;59;13;26;58;22;11;28
516;23.06.2011;18;43;40;7;25;45;32;44;6;51;24;58;11;56;8;46;36;27;34;35
515;22.06.2011;20;6;8;44;26;30;17;49;42;54;9;22;51;12;33;38;31;60;7;27
514;21.06.2011;52;26;18;4;5;25;15;49;22;20;8;50;7;43;60;24;37;40;23;56
513;20.06.2011;14;31;23;25;4;39;43;12;33;52;55;29;44;9;22;26;2;5;15;20
512;19.06.2011;42;40;51;1;16;15;11;39;31;56;30;35;3;46;36;44;55;37;10;9
511;18.06.2011;39;31;30;27;10;29;55;33;19;43;25;24;21;12;57;51;14;50;46;49
510;17.06.2011;26;45;15;50;7;18;29;38;33;22;46;32;27;34;20;5;16;24;42;31
509;16.06.2011;42;9;32;11;22;36;4;28;52;3;43;59;35;24;27;56;16;6;54;7
508;15.06.2011;50;55;20;33;58;36;27;24;59;9;29;38;17;26;22;37;49;48;15;21
507;14.06.2011;1;40;37;6;32;44;54;7;5;20;22;36;47;23;58;16;15;57;19;29
506;13.06.2011;39;13;45;41;49;25;15;55;24;7;33;38;27;21;17;26;12;44;34;58
505;12.06.2011;3;22;48;35;10;2;43;25;4;42;46;34;1;11;18;51;9;56;38;19
504;11.06.2011;11;22;25;3;28;49;18;36;59;27;42;15;2;7;53;50;17;40;44;51
503;10.06.2011;29;56;59;43;57;2;42;47;60;39;48;33;28;45;31;23;41;21;35;3
502;09.06.2011;35;49;47;21;50;32;24;56;18;48;9;33;16;57;29;37;14;5;60;26
501;08.06.2011;36;45;58;39;59;52;56;41;50;40;30;20;23;37;33;9;53;44;47;5
500;07.06.2011;33;15;25;5;2;51;28;42;44;23;39;57;8;20;49;13;55;60;30;52
499;06.06.2011;30;34;32;20;14;10;27;8;7;23;47;51;15;48;42;57;3;9;53;5
498;05.06.2011;57;13;36;20;50;30;21;40;31;25;15;14;1;24;19;52;11;46;54;2
497;04.06.2011;22;26;51;52;55;46;35;4;41;30;53;23;25;19;56;8;48;11;37;58
496;03.06.2011;44;57;23;54;41;56;42;43;2;15;51;37;29;14;19;36;25;58;38;28
495;02.06.2011;43;49;8;32;10;48;50;55;52;53;27;14;34;13;51;18;38;1;15;37
494;01.06.2011;43;48;42;57;18;41;39;10;7;21;22;54;12;6;34;37;49;50;33;9
493;31.05.2011;45;36;11;51;5;24;47;3;17;57;34;28;33;49;31;42;26;38;59;54
492;30.05.2011;38;29;21;17;14;48;11;41;58;50;54;31;2;9;42;12;1;51;18;13
491;29.05.2011;28;45;42;12;6;46;38;41;9;49;54;2;34;13;4;31;36;39;11;21
490;28.05.2011;22;56;32;12;10;55;43;47;37;18;3;27;8;51;46;29;23;1;20;44
489;27.05.2011;50;14;54;56;3;32;1;52;12;39;60;48;35;47;30;29;53;58;33;19
488;26.05.2011;19;11;31;34;15;20;37;33;3;8;56;41;13;40;7;60;28;30;49;36
487;25.05.2011;15;34;43;3;55;53;10;27;36;49;60;17;5;56;9;42;12;47;50;51
486;24.05.2011;21;57;15;31;50;2;26;29;19;41;38;25;13;10;39;49;56;12;44;5
485;23.05.2011;3;54;51;36;11;13;30;23;17;12;32;42;5;39;31;1;38;58;18;22
484;22.05.2011;31;54;50;33;22;20;43;45;41;25;58;35;39;55;7;32;56;15;38;11
483;21.05.2011;60;31;21;47;4;43;56;24;30;3;8;9;32;52;18;17;34;13;6;27
482;20.05.2011;15;40;50;46;56;49;33;10;17;20;18;13;11;2;9;5;29;12;22;43
481;19.05.2011;45;51;60;8;56;5;54;24;10;28;19;27;26;2;59;31;1;7;15;46
480;18.05.2011;5;55;51;4;45;41;27;44;29;58;33;19;53;39;40;54;32;25;36;56
479;17.05.2011;52;44;42;59;48;57;53;54;41;38;27;39;37;7;3;50;24;22;2;17
478;16.05.2011;52;46;30;59;4;16;20;25;49;45;28;42;23;21;43;48;51;56;15;55
477;15.05.2011;38;52;31;10;44;7;6;49;24;26;40;11;3;13;34;12;23;17;56;48
476;14.05.2011;40;13;54;17;41;20;55;52;30;7;25;56;53;23;14;37;6;24;10;16
475;13.05.2011;4;57;26;29;12;20;34;21;14;17;27;58;42;54;3;33;30;23;22;43
474;12.05.2011;44;59;42;26;56;49;4;10;11;32;51;60;5;52;35;53;18;39;17;22
473;11.05.2011;33;10;50;22;26;27;28;4;35;45;19;49;29;54;36;30;48;40;34;58
472;10.05.2011;10;47;60;50;7;46;14;16;52;28;37;9;55;40;15;41;30;34;43;49
471;09.05.2011;49;21;19;50;36;58;47;18;54;29;40;3;53;57;12;20;44;22;46;35
470;08.05.2011;2;14;55;37;43;11;26;12;47;32;8;39;51;30;48;38;16;18;44;21
469;07.05.2011;36;3;26;55;9;25;24;17;16;11;35;32;2;12;44;45;20;28;15;40
468;06.05.2011;47;9;58;31;45;21;11;18;53;29;26;42;48;19;1;38;27;57;37;52
467;05.05.2011;24;17;59;56;54;31;15;58;51;21;1;35;26;27;30;12;3;2;13;8
466;04.05.2011;16;24;41;22;34;23;2;35;32;44;57;28;42;13;26;37;5;60;48;40
465;03.05.2011;19;35;38;59;18;45;43;46;12;11;32;30;39;47;7;44;56;14;48;53
464;02.05.2011;56;51;15;30;27;39;12;13;43;44;5;35;45;48;52;7;10;23;33;25
463;01.05.2011;40;8;6;20;11;48;18;51;31;13;17;32;50;36;33;59;60;16;30;28
462;30.04.2011;8;44;39;11;22;53;48;33;17;5;16;34;2;1;25;50;40;24;60;27
461;29.04.2011;17;47;16;56;48;4;15;11;23;40;1;51;7;10;32;24;29;59;44;31
460;28.04.2011;16;20;34;31;32;55;48;47;49;9;44;8;21;42;28;19;39;41;10;3
459;27.04.2011;57;37;15;60;54;39;28;30;48;20;55;41;51;44;43;3;4;52;8;59
458;26.04.2011;58;25;28;29;56;36;30;27;12;7;34;18;50;47;37;54;20;40;45;43
457;25.04.2011;24;42;11;51;17;59;3;20;38;21;4;48;31;2;57;13;43;45;49;58
456;24.04.2011;31;42;7;41;39;23;15;32;60;4;10;53;2;51;48;44;27;25;57;37
455;23.04.2011;4;60;50;26;42;43;33;17;44;58;3;59;56;47;57;55;32;28;27;34
454;22.04.2011;40;17;39;22;38;50;41;55;23;11;12;29;49;43;48;24;35;54;30;57
453;21.04.2011;48;13;12;22;4;40;36;7;38;25;51;5;52;11;27;6;59;20;57;35
452;20.04.2011;12;44;31;60;4;35;58;25;50;14;3;30;39;43;38;13;9;11;54;27
451;19.04.2011;35;14;36;31;30;42;11;4;8;7;38;51;23;25;2;28;26;54;53;37
450;18.04.2011;41;48;1;40;9;29;31;4;19;38;15;43;42;16;36;34;50;39;59;44
449;17.04.2011;26;56;32;34;37;48;31;41;13;18;11;25;8;28;42;24;38;23;17;58
448;16.04.2011;34;43;9;33;51;39;59;53;21;20;10;42;3;54;58;49;16;24;50;17
447;15.04.2011;3;48;35;55;45;38;47;31;12;18;30;20;5;24;57;4;26;53;50;34
446;14.04.2011;18;29;41;1;7;12;4;54;13;31;40;44;10;17;53;14;11;20;30;25
445;13.04.2011;9;28;51;13;43;48;40;37;59;21;19;7;53;39;33;12;60;35;22;56
444;12.04.2011;34;17;2;40;28;11;38;20;45;31;35;50;58;53;44;42;9;37;47;46
443;11.04.2011;36;20;45;14;43;11;48;17;3;60;19;28;12;9;29;34;13;54;46;5
442;10.04.2011;16;60;49;58;24;39;59;55;51;40;31;28;21;8;43;2;15;44;7;42
441;09.04.2011;35;22;31;19;47;59;3;20;1;13;23;58;16;45;39;12;54;48;5;56
440;08.04.2011;8;19;5;55;3;29;17;54;18;23;20;59;10;40;60;13;58;36;12;42
439;07.04.2011;26;4;2;37;29;5;58;55;43;25;34;48;54;39;44;31;47;42;50;1
438;06.04.2011;54;44;39;49;45;35;7;48;15;4;38;43;20;41;10;17;6;14;52;25
437;05.04.2011;36;40;42;27;30;55;39;8;1;53;59;6;38;46;48;13;28;24;31;11
436;04.04.2011;20;18;41;16;53;57;59;36;5;11;39;47;25;45;34;60;4;9;26;15
435;03.04.2011;4;20;56;22;25;41;9;29;34;51;50;47;49;32;35;16;59;12;15;44
434;02.04.2011;23;16;35;6;38;10;33;22;57;59;53;46;32;25;1;44;3;34;9;18
433;01.04.2011;37;48;23;52;1;40;22;59;51;41;21;33;60;7;57;50;58;15;55;2
432;31.03.2011;43;27;57;20;25;52;23;21;58;41;50;55;36;33;44;56;13;1;16;49
431;30.03.2011;42;22;13;59;16;2;8;51;54;43;9;48;12;33;52;28;5;7;53;46
430;29.03.2011;1;12;60;8;47;18;56;34;29;52;35;59;20;38;54;41;39;13;4;22
429;28.03.2011;7;28;48;19;26;35;6;43;8;5;14;60;46;56;50;34;53;9;20;31
428;27.03.2011;7;43;60;52;17;15;26;41;8;59;18;45;34;11;51;40;1;4;44;23
427;26.03.2011;40;2;35;44;30;6;43;54;50;26;5;25;45;13;53;8;29;59;20;3
426;25.03.2011;46;42;3;53;39;8;27;24;13;51;25;28;5;11;33;44;45;23;60;20
425;24.03.2011;50;55;32;43;57;6;18;31;45;9;1;58;20;12;42;21;10;5;11;34
424;23.03.2011;47;15;35;55;13;8;23;14;22;11;38;39;3;40;16;19;53;18;33;9
423;22.03.2011;50;55;10;11;5;56;43;17;8;42;21;30;19;59;57;32;18;4;24;14
422;21.03.2011;6;38;18;52;7;16;33;25;45;36;57;58;26;22;43;51;47;53;2;24
421;20.03.2011;14;18;23;44;56;39;29;58;54;10;60;6;13;47;33;59;24;28;21;55
420;19.03.2011;54;20;9;45;17;3;22;6;40;37;44;13;12;47;28;36;15;14;46;11
419;18.03.2011;60;39;24;23;26;4;40;47;34;3;56;42;7;31;48;13;19;38;51;27
418;17.03.2011;57;43;47;26;13;33;2;17;5;20;21;8;59;34;44;54;46;50;9;22
417;16.03.2011;16;10;21;3;45;5;1;13;43;51;22;2;30;20;53;60;32;14;56;12
416;15.03.2011;44;26;21;38;31;58;6;16;52;45;28;9;35;5;25;20;42;2;49;47
415;14.03.2011;56;45;6;44;24;13;41;40;50;60;58;16;7;3;59;12;34;33;47;2
414;13.03.2011;6;2;18;7;59;33;12;55;19;24;30;50;22;41;44;56;1;37;57;60
413;12.03.2011;19;5;50;56;36;10;9;51;35;28;60;48;4;54;1;59;8;55;45;13
412;11.03.2011;34;8;12;50;42;5;45;24;59;9;30;2;35;21;3;53;7;10;36;15
411;10.03.2011;38;47;21;1;40;26;6;43;14;11;59;17;20;12;52;5;18;44;35;42
410;09.03.2011;39;46;51;54;15;36;34;7;8;26;55;44;57;13;56;45;27;10;19;32
409;08.03.2011;11;24;59;23;38;14;1;41;37;12;40;10;22;3;7;45;42;36;16;34
408;07.03.2011;1;5;13;20;57;55;34;3;17;44;56;46;53;12;48;15;2;36;27;37
407;06.03.2011;46;43;12;19;53;18;9;8;28;38;7;57;17;35;55;51;16;5;39;10
406;05.03.2011;32;3;39;17;57;30;7;5;37;55;31;15;25;56;41;4;21;42;40;10
405;04.03.2011;45;46;57;60;32;33;25;24;40;59;20;52;26;58;48;12;38;36;16;51
404;03.03.2011;56;29;20;42;16;26;25;23;36;59;47;14;39;46;41;54;18;58;21;38
403;02.03.2011;57;21;31;18;7;2;12;9;23;38;3;56;37;29;41;8;53;33;52;58
402;01.03.2011;23;10;2;20;4;18;39;50;53;3;30;9;59;37;32;58;52;22;24;29
401;28.02.2011;13;3;37;9;5;22;30;50;10;46;14;43;34;53;18;26;28;32;49;15
400;27.02.2011;50;49;21;6;18;58;57;46;11;4;7;42;37;20;8;1;15;36;3;39
399;26.02.2011;39;10;54;23;43;3;4;59;51;49;30;33;34;6;5;38;56;58;9;15
398;25.02.2011;31;4;21;47;51;17;60;55;6;2;56;18;49;19;27;7;14;11;43;15
397;24.02.2011;29;16;58;9;13;25;10;2;51;54;35;33;18;53;31;20;43;15;41;14
396;23.02.2011;42;9;24;48;2;12;4;6;47;54;1;39;3;46;13;7;26;18;59;20
395;22.02.2011;30;10;55;27;41;23;26;51;1;59;37;22;44;19;52;21;18;17;60;4
394;21.02.2011;46;25;59;1;9;27;34;11;7;47;52;35;42;2;56;22;28;18;44;4
393;20.02.2011;17;40;60;36;32;26;35;1;42;22;33;6;13;58;16;27;19;56;37;52
392;19.02.2011;33;3;50;13;27;37;60;52;5;25;18;26;21;54;15;7;40;28;43;58
391;18.02.2011;29;28;60;36;26;42;46;15;11;24;3;1;19;35;51;9;40;58;48;39
390;17.02.2011;52;55;29;53;36;12;40;2;50;13;15;5;20;46;22;10;4;3;21;25
389;16.02.2011;46;56;44;22;42;21;27;16;19;34;43;45;24;47;8;37;38;30;5;14
388;15.02.2011;28;33;19;2;10;5;44;47;59;42;37;54;32;1;16;39;38;56;30;50
387;14.02.2011;31;23;40;21;24;13;12;14;11;38;32;45;25;16;43;7;42;44;29;9
386;13.02.2011;49;30;32;4;27;10;6;28;40;48;1;44;35;52;47;33;36;23;59;58
385;12.02.2011;36;11;59;8;15;46;2;27;22;24;58;5;53;23;52;56;17;21;43;1
384;11.02.2011;23;51;15;59;58;34;50;52;33;6;28;13;24;47;11;12;43;9;46;39
383;10.02.2011;20;17;34;37;33;15;4;56;57;2;6;52;32;46;36;45;14;59;23;60
382;09.02.2011;34;5;2;13;60;40;53;56;30;48;8;11;55;37;38;28;17;24;41;32
381;08.02.2011;34;17;13;24;40;2;6;16;31;20;26;35;43;23;8;18;53;14;55;19
380;07.02.2011;4;31;40;19;24;13;57;23;50;16;33;5;42;49;1;26;21;12;11;25
379;06.02.2011;36;40;15;51;59;12;1;2;27;7;6;4;56;13;54;47;21;37;48;11
378;05.02.2011;15;44;27;12;14;9;21;60;45;8;2;11;32;39;36;24;3;35;29;6
377;04.02.2011;51;38;20;49;55;26;19;31;8;10;14;54;11;34;13;32;41;37;47;28
376;03.02.2011;30;34;31;17;15;47;59;53;55;56;23;48;60;20;1;2;58;52;40;18
375;02.02.2011;47;12;38;39;8;14;23;17;51;35;15;20;55;7;58;10;16;26;28;27
374;01.02.2011;40;20;35;38;48;18;8;13;53;54;58;12;2;32;45;25;55;15;49;11
373;31.01.2011;37;16;13;31;8;14;39;26;42;20;9;11;5;35;34;29;38;4;7;32
372;30.01.2011;3;9;55;50;13;18;11;24;28;56;47;48;27;60;45;40;12;23;31;5
371;29.01.2011;34;12;40;22;4;57;24;3;27;2;49;10;36;58;30;50;15;33;21;29
370;28.01.2011;48;54;35;56;9;42;27;13;41;5;7;17;24;39;19;32;47;52;55;11
369;27.01.2011;14;36;32;55;7;45;18;2;43;3;24;15;31;19;16;9;5;17;51;26
368;26.01.2011;33;59;51;41;31;6;13;23;3;8;21;27;11;50;54;42;40;24;56;44
367;25.01.2011;3;33;10;16;12;44;43;55;47;23;20;22;17;48;40;41;34;15;37;49
366;24.01.2011;27;49;41;10;31;40;55;33;50;1;3;13;39;53;18;17;46;32;36;60
365;23.01.2011;39;8;22;56;32;48;42;9;16;23;2;57;36;52;30;25;35;24;21;18
364;22.01.2011;36;31;18;59;52;9;53;51;58;45;30;34;22;42;54;44;10;6;35;27
363;21.01.2011;48;8;13;50;38;60;56;49;37;54;6;23;11;33;43;36;44;42;40;51
362;20.01.2011;57;14;2;33;45;13;60;10;49;4;24;47;28;29;9;43;41;27;31;37
361;19.01.2011;8;3;15;41;49;22;31;53;4;46;35;19;58;47;52;39;45;5;48;25
360;18.01.2011;59;15;53;56;60;13;27;8;42;24;18;48;5;33;57;25;1;3;26;7
359;17.01.2011;58;56;33;31;41;21;10;35;15;36;9;48;8;14;7;49;59;46;47;18
358;16.01.2011;37;49;34;6;40;28;52;39;51;33;4;42;21;5;45;41;46;18;35;16
357;15.01.2011;15;29;17;56;8;40;48;12;35;25;43;39;33;1;37;32;50;49;55;20
356;14.01.2011;25;4;20;36;17;34;46;40;49;1;27;35;45;43;33;12;44;13;37;51
355;13.01.2011;35;20;43;29;5;58;27;22;52;53;56;59;24;44;1;33;47;26;45;34
354;12.01.2011;27;10;55;32;42;40;19;38;35;57;30;17;33;29;21;3;8;15;28;14
353;11.01.2011;32;9;5;1;26;25;49;23;30;34;27;33;57;2;24;29;44;60;15;21
352;10.01.2011;60;32;41;17;36;7;1;6;25;27;50;18;51;4;21;24;16;34;45;48
351;09.01.2011;15;16;6;27;41;17;60;56;23;42;55;10;33;54;1;39;5;50;19;11
350;08.01.2011;33;3;60;19;23;30;49;36;14;46;56;59;50;12;18;21;22;35;53;37
349;07.01.2011;49;34;39;29;21;13;7;57;50;30;28;33;26;45;16;38;46;6;40;58
348;06.01.2011;43;28;35;19;3;25;42;60;5;55;58;37;24;47;59;15;50;18;9;40
347;05.01.2011;31;39;26;42;45;35;43;40;10;4;7;58;9;25;8;5;2;37;48;17
346;04.01.2011;54;22;10;19;9;50;6;30;53;32;41;11;5;42;38;24;4;58;12;8
345;03.01.2011;45;49;4;34;10;55;46;19;44;21;42;39;60;16;40;6;33;3;50;11
344;02.01.2011;18;20;49;41;60;5;26;12;42;32;24;13;46;59;53;54;44;33;14;45
343;01.01.2011;19;5;32;24;56;36;43;11;54;8;33;16;26;14;29;37;31;20;17;12
342;31.12.2010;48;13;5;2;1;59;45;12;15;20;14;27;7;57;38;21;44;34;6;51
341;30.12.2010;48;49;5;35;26;53;44;39;29;6;20;42;59;17;31;32;30;50;3;45
340;29.12.2010;24;30;58;57;52;9;7;49;8;12;14;19;17;35;4;41;48;56;2;53
339;28.12.2010;49;26;35;47;12;21;34;31;37;56;48;6;5;8;7;60;25;15;24;32
338;27.12.2010;56;31;4;3;50;14;20;5;40;24;49;21;1;41;38;54;39;19;43;59
337;26.12.2010;12;4;47;52;55;16;60;48;14;28;45;29;13;5;50;49;27;44;51;36
336;25.12.2010;56;44;25;22;16;18;57;27;47;23;7;15;30;35;11;1;31;19;53;24
335;24.12.2010;60;27;8;52;48;55;34;7;57;17;12;50;41;26;5;4;28;38;39;58
334;23.12.2010;35;6;4;44;24;58;59;45;15;38;53;49;19;46;14;16;32;47;23;1
333;22.12.2010;19;6;11;46;56;9;52;57;39;29;47;21;44;4;23;13;40;31;16;25
332;21.12.2010;39;17;1;51;40;28;56;4;6;41;10;50;45;59;19;33;43;23;15;2
331;20.12.2010;26;25;24;41;30;42;38;8;29;52;21;34;57;4;59;16;18;27;54;13
330;19.12.2010;58;11;38;24;39;35;8;10;51;32;15;31;37;46;48;7;16;29;17;23
329;18.12.2010;9;29;19;53;35;28;58;47;43;15;55;36;51;1;25;17;50;34;42;46
328;17.12.2010;25;30;59;39;23;9;5;6;21;17;40;26;53;33;52;8;55;57;11;43
327;16.12.2010;32;43;45;5;40;11;1;6;44;24;25;36;3;12;55;47;27;38;51;37
326;15.12.2010;42;31;3;6;34;28;20;52;59;12;47;45;48;46;14;53;4;8;55;7
325;14.12.2010;38;25;15;3;1;47;52;48;30;60;58;20;23;13;53;18;41;33;24;5
324;13.12.2010;41;10;7;56;47;24;12;18;40;59;31;42;20;1;14;17;32;16;44;48
323;12.12.2010;9;17;59;5;27;15;48;25;36;3;4;50;19;37;41;14;20;51;40;13
322;11.12.2010;16;2;57;6;42;45;12;14;28;34;39;7;11;55;13;35;18;15;31;43
321;10.12.2010;15;43;32;25;41;16;50;17;53;30;3;56;35;44;59;38;60;58;24;5
320;09.12.2010;25;7;13;5;54;12;46;42;17;58;6;22;11;48;47;20;59;41;29;10
319;08.12.2010;26;2;21;60;12;24;4;52;23;59;1;6;41;48;27;46;56;57;44;49
318;07.12.2010;12;53;27;49;40;35;57;60;5;25;44;37;14;15;8;47;46;10;39;51
317;06.12.2010;3;18;39;17;46;41;34;31;40;56;35;48;25;33;57;28;42;16;45;37
316;05.12.2010;12;38;44;36;18;15;41;53;21;40;58;32;31;4;1;46;13;3;20;11
315;04.12.2010;30;54;29;16;18;47;27;34;1;33;40;42;28;56;46;37;17;12;14;53
314;03.12.2010;60;54;44;37;21;1;43;53;28;38;50;31;7;57;55;11;29;16;15;17
313;02.12.2010;1;3;45;52;34;22;55;32;56;58;11;13;46;53;57;21;49;36;10;12
312;01.12.2010;8;3;39;9;51;14;33;54;7;42;29;52;1;43;35;56;53;55;57;41
311;30.11.2010;38;7;32;49;4;3;39;25;47;17;15;31;55;13;19;30;24;40;57;11
310;29.11.2010;21;28;49;10;54;32;24;2;3;29;46;52;4;44;20;37;25;55;19;56
309;28.11.2010;1;28;10;15;34;21;30;6;55;17;58;32;42;36;20;4;2;26;60;47
308;27.11.2010;58;15;47;17;4;23;44;55;59;2;9;20;8;3;38;35;28;19;60;22
307;26.11.2010;60;30;44;13;10;34;37;59;5;16;33;11;28;50;7;47;58;46;20;23
306;25.11.2010;31;35;21;51;41;9;6;30;39;52;48;57;46;33;37;28;2;5;50;60
305;24.11.2010;14;26;33;44;59;11;50;15;49;30;54;28;53;21;18;7;55;47;20;43
304;23.11.2010;25;13;3;10;11;21;5;57;41;27;56;7;14;2;31;42;30;29;53;22
303;22.11.2010;16;22;33;14;60;20;40;43;10;27;25;6;52;36;56;41;44;59;23;50
302;21.11.2010;35;26;47;12;32;53;41;59;21;58;45;8;11;15;50;9;20;51;18;4
301;20.11.2010;43;37;6;4;35;40;8;29;27;39;20;44;46;10;21;59;18;28;34;5
300;19.11.2010;52;6;5;1;44;42;45;33;20;13;40;4;48;35;51;18;24;38;49;7
299;18.11.2010;41;31;36;16;48;19;46;18;20;51;8;25;38;37;33;22;34;10;24;2
298;17.11.2010;51;29;38;55;2;4;49;46;40;31;23;45;50;54;32;20;6;8;48;42
297;16.11.2010;39;40;53;43;32;13;2;51;28;18;15;16;29;49;57;20;7;12;24;52
296;15.11.2010;52;35;43;1;59;54;9;15;58;28;31;40;56;49;2;27;17;23;4;11
295;14.11.2010;5;51;32;15;41;24;4;37;20;57;33;59;8;22;53;9;28;49;11;39
294;13.11.2010;39;35;20;47;53;56;19;54;3;29;51;33;57;37;15;42;28;38;45;4
293;12.11.2010;51;48;59;38;21;3;6;55;17;40;47;57;9;43;58;52;5;11;42;27
292;11.11.2010;7;27;39;9;5;58;54;3;46;37;59;56;38;11;31;22;47;43;53;17
291;10.11.2010;56;14;35;16;33;53;51;36;9;40;24;15;38;5;10;46;34;55;11;50
290;09.11.2010;46;45;35;12;3;57;21;1;30;27;26;52;7;8;29;15;2;6;48;9
289;08.11.2010;43;32;52;22;13;5;57;8;19;2;1;56;10;51;26;25;47;17;3;20
288;07.11.2010;4;37;55;13;43;38;3;32;57;46;5;42;21;14;54;25;12;7;44;41
287;06.11.2010;47;52;43;54;14;12;35;48;3;6;28;26;33;23;37;24;53;4;17;51
286;05.11.2010;42;49;38;3;32;22;26;39;9;1;52;8;20;23;14;47;53;13;36;5
285;04.11.2010;48;29;31;34;37;22;6;44;55;8;16;18;17;58;11;13;57;14;21;60
284;03.11.2010;7;25;16;27;60;15;55;6;1;20;13;21;26;18;2;42;24;36;5;23
283;02.11.2010;46;54;39;12;27;58;5;47;8;41;22;16;49;35;51;24;43;10;50;15
282;01.11.2010;13;23;37;8;28;27;22;52;54;43;41;32;25;18;4;29;30;38;16;26
281;31.10.2010;53;59;44;58;23;56;1;42;32;41;31;46;21;29;22;20;14;13;12;16
280;30.10.2010;18;29;12;42;52;43;35;31;56;4;49;59;14;15;19;3;1;30;13;11
279;29.10.2010;18;57;45;49;52;1;53;42;58;2;44;28;25;11;31;36;34;16;54;6
278;28.10.2010;22;52;35;48;46;32;21;44;49;29;55;42;19;50;24;16;40;8;30;58
277;27.10.2010;60;5;4;30;7;20;6;17;31;25;19;46;3;59;48;37;24;45;2;34
276;26.10.2010;13;40;42;60;57;18;44;34;38;16;45;30;23;26;46;14;20;59;41;6
275;25.10.2010;36;15;41;14;4;49;8;38;60;25;18;44;2;54;23;9;7;47;45;40
274;24.10.2010;43;49;52;54;24;44;57;35;30;59;9;58;37;18;11;5;33;39;28;27
273;23.10.2010;57;54;34;25;35;20;53;50;51;24;42;2;38;12;7;17;56;3;55;32
272;22.10.2010;18;35;44;54;60;48;24;33;38;5;47;12;8;28;59;40;2;26;43;50
271;21.10.2010;1;36;27;44;3;9;26;25;59;22;54;38;33;7;56;45;32;47;34;19
270;20.10.2010;51;57;14;5;49;36;17;35;26;50;54;52;56;39;7;58;25;27;47;23
269;19.10.2010;56;9;20;38;49;44;30;57;11;52;33;5;46;24;41;13;60;29;43;23
268;18.10.2010;17;23;26;2;3;37;32;43;60;1;25;15;54;51;29;40;59;48;42;14
267;17.10.2010;37;29;18;34;16;10;52;20;51;24;27;59;32;5;13;7;35;48;9;21
266;16.10.2010;6;10;53;2;44;19;39;57;29;13;43;52;30;7;45;11;14;59;5;3
265;15.10.2010;27;49;1;42;29;57;59;24;34;20;43;13;19;2;22;15;25;38;45;50
264;14.10.2010;14;20;8;52;46;57;32;1;58;27;53;18;25;7;21;4;54;43;3;48
263;13.10.2010;37;14;9;18;55;45;39;33;22;57;44;23;46;7;16;29;36;12;35;31
262;12.10.2010;50;26;52;39;28;38;7;54;18;58;16;27;11;31;17;34;20;24;33;49
261;11.10.2010;1;38;32;46;47;30;55;43;33;6;34;11;26;13;60;44;31;39;19;3
260;10.10.2010;6;56;55;3;11;36;2;32;18;25;31;39;45;15;19;60;30;5;38;50
259;09.10.2010;57;43;41;18;19;42;16;13;27;23;1;55;30;46;50;6;40;39;35;29
258;08.10.2010;3;1;18;6;19;31;8;45;12;5;38;17;14;48;33;15;47;46;44;56
257;07.10.2010;21;60;55;8;7;56;41;4;30;34;28;32;13;49;18;58;27;57;9;45
256;06.10.2010;60;42;15;13;33;19;48;28;6;50;16;12;53;52;40;4;49;30;36;46
255;05.10.2010;49;18;60;25;52;44;54;24;38;56;19;23;36;5;55;45;41;29;39;53
254;04.10.2010;59;24;40;19;20;50;54;43;35;55;37;3;2;18;15;48;11;4;10;47
253;03.10.2010;25;5;7;24;32;19;38;58;42;56;11;36;37;54;47;48;31;43;8;49
252;02.10.2010;39;18;32;19;37;9;45;3;47;40;25;21;49;8;16;54;56;31;34;12
251;01.10.2010;14;49;52;56;4;25;50;31;19;5;32;39;21;18;33;17;27;29;34;13
250;30.09.2010;53;11;29;17;48;37;13;21;6;10;26;35;36;16;25;27;39;2;34;38
249;29.09.2010;44;58;15;13;28;51;8;49;54;36;55;50;29;34;11;30;9;37;41;4
248;28.09.2010;8;37;26;40;36;6;48;15;39;16;29;53;51;58;7;10;24;2;25;50
247;27.09.2010;5;43;41;24;59;6;16;13;27;2;44;53;29;1;30;28;10;9;45;40
246;26.09.2010;22;52;37;50;51;45;41;57;56;5;8;23;53;11;32;34;17;30;6;40
245;25.09.2010;40;36;50;31;45;34;59;25;1;39;47;22;14;46;43;58;42;19;51;24
244;24.09.2010;47;35;60;16;9;36;1;17;42;39;58;12;45;27;3;24;13;38;53;28
243;23.09.2010;43;9;44;28;29;35;31;10;15;20;12;17;30;50;27;18;57;36;11;38
242;22.09.2010;35;15;7;6;17;32;49;30;54;3;43;13;50;47;46;60;56;27;45;57
241;21.09.2010;56;23;19;3;50;13;8;7;24;9;4;5;18;37;53;47;43;32;39;21
240;20.09.2010;15;42;41;4;45;32;33;46;54;18;38;19;48;6;34;12;55;57;1;25
239;19.09.2010;37;33;28;56;10;39;22;5;17;44;54;55;3;20;48;52;50;49;53;19
238;18.09.2010;16;31;15;34;47;53;33;46;45;40;54;13;38;52;22;17;20;18;9;50
237;17.09.2010;25;15;1;59;49;44;10;6;48;55;9;13;41;51;35;42;14;24;39;12
236;16.09.2010;5;58;24;6;49;13;19;47;44;26;57;56;3;32;1;48;37;11;2;51
235;15.09.2010;27;34;14;42;56;43;3;28;45;40;13;58;15;4;51;24;23;54;44;31
234;14.09.2010;14;39;29;46;41;60;47;7;22;49;44;32;15;40;33;12;2;38;4;10
233;13.09.2010;58;44;5;51;19;57;16;10;12;60;50;29;59;35;30;48;39;38;3;46
232;12.09.2010;5;33;26;45;15;9;8;34;17;30;57;4;29;31;35;40;44;46;52;18
231;11.09.2010;10;3;53;42;11;28;37;36;15;58;44;14;41;51;55;31;59;32;7;43
230;10.09.2010;27;46;57;16;7;56;19;11;60;53;22;28;24;29;44;5;37;8;58;43
229;09.09.2010;49;6;31;54;45;5;51;19;23;46;27;44;14;20;52;1;34;50;11;7
228;08.09.2010;54;13;7;25;6;28;30;42;4;34;20;41;38;8;48;32;9;27;56;17
227;07.09.2010;36;35;53;50;43;15;38;48;28;56;27;33;22;34;18;52;23;4;39;51
226;06.09.2010;10;57;7;3;59;51;42;4;11;34;29;28;27;31;24;2;50;12;55;21
225;05.09.2010;38;28;26;44;25;46;18;45;6;15;27;10;30;20;36;8;57;31;22;34
224;04.09.2010;39;41;10;24;38;9;5;3;8;31;32;47;15;25;59;55;48;46;21;12
223;03.09.2010;3;54;8;6;20;36;49;32;12;58;33;56;4;55;21;23;35;53;60;2
222;02.09.2010;41;38;31;51;2;55;44;35;28;20;23;60;36;46;43;5;19;10;50;9
221;01.09.2010;48;19;10;23;27;53;29;30;34;57;5;14;3;22;58;17;8;45;52;55
220;31.08.2010;48;26;51;27;30;16;34;38;56;43;59;1;53;17;52;11;31;49;46;54
219;30.08.2010;33;54;17;21;4;51;32;50;18;37;53;22;26;27;28;38;47;42;19;48
218;29.08.2010;56;16;57;37;4;50;33;2;54;19;20;26;21;6;49;29;32;45;9;46
217;28.08.2010;6;60;36;21;41;57;8;39;32;50;59;23;43;24;28;55;9;30;20;38
216;27.08.2010;24;41;12;54;57;9;34;20;28;22;45;23;55;5;43;2;17;1;13;50
215;26.08.2010;20;5;4;47;45;37;41;27;33;58;48;3;13;6;19;25;26;16;42;44
214;25.08.2010;26;9;55;16;28;4;31;14;5;29;21;47;17;12;60;42;6;20;11;50
213;24.08.2010;28;35;54;27;5;2;13;25;45;26;52;44;43;47;3;32;23;33;21;41
212;23.08.2010;42;5;56;34;24;3;12;49;21;46;11;55;27;8;36;18;23;48;54;57
211;22.08.2010;10;38;20;12;47;3;5;49;36;51;23;32;24;46;33;39;4;16;11;57
210;21.08.2010;30;49;9;40;3;36;32;34;27;18;22;58;13;25;51;6;35;55;57;33
209;20.08.2010;42;27;10;1;40;6;25;41;46;52;39;8;58;33;18;5;45;57;29;16
208;19.08.2010;26;41;43;60;40;56;12;22;23;28;42;53;24;48;57;6;39;30;29;13
207;18.08.2010;35;25;24;34;17;37;18;11;16;53;46;50;60;9;36;43;5;2;42;7
206;17.08.2010;35;46;41;25;56;19;53;4;37;51;7;31;10;40;34;47;9;1;28;45
205;16.08.2010;36;35;40;18;46;37;38;51;15;8;48;5;7;39;13;32;4;58;60;23
204;15.08.2010;33;57;48;44;26;14;38;52;16;3;50;54;27;13;40;46;34;36;53;60
203;14.08.2010;19;3;50;26;21;18;40;57;30;23;39;49;15;2;58;60;42;20;12;29
202;13.08.2010;45;8;23;60;51;2;15;11;20;52;29;22;10;30;33;4;21;26;42;59
201;12.08.2010;34;50;8;49;13;47;55;26;44;40;51;22;57;4;31;52;5;45;56;39
200;11.08.2010;51;54;2;55;8;47;46;5;13;40;27;34;4;21;31;39;53;59;58;20
199;10.08.2010;47;53;44;43;34;51;38;54;30;23;33;2;13;60;11;52;41;50;21;31
198;09.08.2010;6;23;19;14;3;36;49;13;46;55;7;30;9;15;4;59;40;39;45;57
197;08.08.2010;28;3;2;35;50;9;52;45;44;32;8;55;26;10;53;41;4;17;11;39
196;07.08.2010;17;28;32;54;19;6;10;1;41;12;48;16;47;5;3;40;44;7;35;39
195;06.08.2010;2;56;8;34;15;32;43;11;6;33;55;25;9;19;58;28;22;12;46;16
194;05.08.2010;25;15;1;55;40;60;18;14;52;39;23;12;20;24;41;11;57;51;17;6
193;04.08.2010;33;43;12;51;13;4;60;42;47;3;39;32;16;57;35;31;21;45;44;5
192;03.08.2010;28;40;41;6;42;54;2;11;35;59;13;17;29;4;36;34;47;15;10;56
191;02.08.2010;56;43;48;23;21;25;9;32;59;4;12;2;44;24;20;15;6;16;51;42
190;01.08.2010;21;27;54;43;2;16;24;59;23;33;57;50;5;60;10;13;52;48;18;37
189;31.07.2010;55;40;28;3;43;9;14;49;32;27;34;39;56;8;57;59;12;15;30;38
188;30.07.2010;19;20;25;22;11;27;39;15;24;50;44;14;12;37;45;40;17;46;18;4
187;29.07.2010;50;27;38;3;2;28;46;23;30;43;33;12;34;17;51;52;36;59;26;53
186;28.07.2010;49;12;37;38;45;11;7;41;48;53;8;15;2;34;39;52;17;14;33;21
185;27.07.2010;24;38;51;5;10;48;19;58;59;2;14;50;42;43;11;9;56;27;34;49
184;26.07.2010;41;31;2;18;43;50;49;42;51;5;35;32;58;38;47;59;29;21;53;3
183;25.07.2010;32;55;38;37;40;47;14;56;28;15;52;39;43;1;58;48;21;60;22;59
182;24.07.2010;7;50;15;52;4;13;37;46;17;35;9;25;60;32;29;2;21;14;20;28
181;23.07.2010;40;3;26;49;22;55;14;2;29;46;5;10;42;60;20;35;57;44;18;4
180;22.07.2010;28;4;34;53;18;11;60;56;23;7;27;1;19;6;40;24;42;52;14;55
179;21.07.2010;56;33;47;26;2;25;16;24;27;14;22;39;7;17;55;21;41;44;5;3
178;20.07.2010;9;33;60;17;13;18;29;38;5;31;14;51;4;39;43;48;28;19;54;32
177;19.07.2010;20;10;25;17;35;52;56;58;40;16;50;39;27;55;60;29;31;34;44;43
176;18.07.2010;56;32;25;33;42;27;34;49;13;15;53;8;4;2;10;1;11;21;12;46
175;17.07.2010;35;22;36;37;23;56;32;5;53;2;30;4;34;11;49;55;47;3;39;33
174;16.07.2010;8;39;11;45;40;49;60;10;17;57;48;27;37;54;29;55;7;3;33;41
173;15.07.2010;32;35;34;47;41;20;45;19;38;51;40;60;24;27;58;11;12;23;1;42
172;14.07.2010;30;10;35;52;33;29;48;50;1;14;2;6;22;51;31;39;45;7;17;25
171;13.07.2010;35;7;48;46;40;21;14;60;13;25;57;39;3;11;47;1;55;16;27;43
170;12.07.2010;13;49;3;10;45;19;4;25;14;59;46;11;31;40;9;6;43;54;24;51
169;11.07.2010;24;27;42;1;44;18;45;15;22;38;49;14;32;4;52;60;13;51;5;20
168;10.07.2010;23;2;14;41;6;53;42;10;47;7;28;43;13;1;3;39;40;36;48;45
167;09.07.2010;14;7;1;51;43;13;57;18;49;28;4;23;35;8;21;31;47;20;22;3
166;08.07.2010;10;46;44;21;12;37;24;31;43;33;38;36;6;55;30;3;35;45;50;57
165;07.07.2010;37;14;6;25;17;16;4;35;27;30;60;48;19;43;28;46;55;36;34;58
164;06.07.2010;29;8;37;60;42;12;25;40;41;23;35;53;9;48;43;31;34;1;59;13
163;05.07.2010;44;15;41;16;19;11;14;2;59;29;50;49;52;23;47;42;13;35;5;1
162;04.07.2010;58;46;16;1;52;55;28;27;26;29;43;34;47;35;54;13;6;7;38;22
161;03.07.2010;23;32;29;60;31;18;21;59;19;50;46;49;1;9;12;16;36;43;58;41
160;02.07.2010;57;20;43;19;32;9;52;5;54;58;36;22;1;41;56;39;11;15;30;25
159;01.07.2010;8;40;50;47;31;21;7;23;51;27;2;32;58;15;18;45;30;5;20;49
158;30.06.2010;8;38;23;30;16;11;56;59;41;32;18;37;53;46;50;43;1;2;55;44
157;29.06.2010;37;33;12;38;58;39;23;20;8;52;30;22;19;32;55;51;11;4;27;48
156;28.06.2010;44;54;38;53;52;32;11;23;13;58;43;34;46;19;10;47;5;7;35;16
155;27.06.2010;25;17;12;35;15;50;5;4;42;30;14;16;32;2;33;52;11;57;44;29
154;26.06.2010;57;19;49;2;33;45;47;54;9;23;58;29;5;13;53;48;3;10;55;27
153;25.06.2010;23;57;3;49;9;26;11;18;6;8;43;58;30;17;54;21;36;25;22;45
152;24.06.2010;10;47;25;31;8;55;45;48;46;9;22;56;23;36;2;15;59;24;30;42
151;23.06.2010;8;17;26;24;2;60;56;46;28;5;52;35;3;44;13;18;31;45;21;36
150;22.06.2010;43;57;12;9;10;2;1;56;33;24;3;34;23;55;5;26;49;20;44;40
149;21.06.2010;58;45;52;24;41;31;1;50;37;12;51;40;60;49;11;28;13;3;22;4
148;20.06.2010;53;55;32;46;34;1;12;51;60;14;18;11;56;15;35;45;52;44;38;22
147;19.06.2010;56;19;34;22;47;35;11;6;37;45;49;60;10;4;44;59;9;42;1;21
146;18.06.2010;36;34;20;37;48;12;38;60;23;22;26;8;47;46;28;29;51;59;17;14
145;17.06.2010;48;7;24;41;33;58;43;35;45;12;56;17;6;23;53;20;10;15;5;2
144;16.06.2010;57;19;34;31;27;10;14;55;52;56;8;39;24;22;60;6;54;7;23;12
143;15.06.2010;54;7;9;42;44;10;12;25;36;39;8;15;55;14;4;47;13;29;33;23
142;14.06.2010;8;43;6;41;4;59;42;37;60;57;10;56;26;39;1;33;11;49;12;16
141;13.06.2010;18;46;10;52;1;7;29;53;12;33;48;24;37;55;34;40;41;31;56;23
140;12.06.2010;29;48;51;24;41;11;36;45;28;18;5;44;17;39;10;4;49;56;22;6
139;11.06.2010;32;29;36;41;45;27;30;15;20;9;48;49;44;51;1;57;26;11;50;58
138;10.06.2010;1;32;46;18;27;23;45;10;57;36;14;12;38;41;59;55;21;7;2;51
137;09.06.2010;31;30;16;27;18;37;42;40;26;33;14;55;8;17;44;21;23;5;12;3
136;08.06.2010;39;42;37;46;30;38;55;35;4;40;48;6;26;49;54;10;29;60;51;53
135;07.06.2010;31;15;43;41;17;1;10;19;25;32;23;24;4;34;51;13;58;49;14;39
134;06.06.2010;23;21;26;38;57;51;58;18;2;35;40;45;8;9;44;29;27;11;5;54
133;05.06.2010;58;8;49;12;44;35;24;46;14;54;56;43;60;13;55;39;53;59;1;25
132;04.06.2010;18;48;60;55;16;7;59;49;25;40;20;3;43;17;22;12;37;39;35;34
131;03.06.2010;57;16;24;55;3;44;58;14;26;43;9;23;53;10;27;11;40;31;51;29
130;02.06.2010;43;44;42;3;22;28;14;29;52;9;27;36;53;10;33;17;25;55;13;20
129;01.06.2010;1;27;19;54;48;58;25;30;7;42;10;13;21;35;12;49;43;32;55;36
128;31.05.2010;9;47;36;17;60;31;11;58;22;21;30;33;48;14;32;4;40;37;3;25
127;30.05.2010;25;47;42;13;10;44;6;35;38;11;8;41;53;45;23;5;3;31;17;22
126;29.05.2010;28;20;56;52;29;21;18;16;5;55;50;11;34;35;36;37;53;49;47;2
125;28.05.2010;34;38;44;43;15;46;14;9;42;17;57;37;19;13;7;49;3;29;27;48
124;27.05.2010;38;32;40;14;5;27;47;50;44;11;58;16;55;24;17;25;1;6;53;9
123;26.05.2010;33;27;17;31;10;19;38;1;25;5;36;20;16;37;6;40;34;54;15;44
122;25.05.2010;56;52;39;3;23;34;45;53;18;14;36;59;26;12;58;11;5;22;40;16
121;24.05.2010;47;2;55;42;18;34;5;23;33;10;4;57;40;7;1;3;41;44;21;25
120;23.05.2010;48;4;2;28;18;20;14;46;39;55;1;7;32;49;5;37;35;23;45;52
119;22.05.2010;47;24;39;46;44;53;28;51;6;57;52;36;2;15;54;14;35;11;13;42
118;21.05.2010;2;58;20;15;13;29;21;38;36;6;3;53;39;46;27;41;16;42;47;12
117;20.05.2010;39;16;31;12;3;28;9;50;11;15;41;51;59;58;22;37;21;46;10;33
116;19.05.2010;39;43;49;47;29;9;32;15;2;31;33;12;46;5;23;20;45;41;25;53
115;18.05.2010;44;37;35;10;2;31;54;40;57;5;50;25;59;17;19;46;27;58;49;33
114;17.05.2010;60;31;29;34;33;56;7;18;11;10;40;17;52;8;43;1;13;6;45;25
113;16.05.2010;32;2;42;31;45;53;46;38;48;37;8;50;14;24;22;49;20;34;56;23
112;15.05.2010;59;18;33;17;26;4;9;3;32;29;55;23;47;51;20;54;41;15;2;44
111;14.05.2010;16;7;3;45;26;13;14;41;59;15;35;4;37;1;34;8;52;48;22;20
110;13.05.2010;33;1;18;16;51;8;20;52;32;21;15;59;10;2;46;50;19;5;4;60
109;12.05.2010;59;56;10;27;13;1;60;38;28;37;50;6;15;43;54;48;14;7;52;34
108;11.05.2010;35;26;54;15;51;31;52;7;27;1;4;13;46;32;25;45;20;12;37;19
107;10.05.2010;12;14;51;33;28;59;15;31;24;21;36;38;43;30;53;49;17;18;32;46
106;09.05.2010;52;59;9;15;11;31;4;56;58;16;36;42;3;28;40;2;49;47;34;51
105;08.05.2010;10;60;27;47;51;49;1;52;3;44;23;5;7;37;50;13;57;29;34;59
104;07.05.2010;4;44;22;37;9;8;31;51;49;54;23;50;21;17;12;28;57;56;59;42
103;06.05.2010;41;38;29;9;21;32;59;19;58;5;44;24;4;27;42;36;28;13;47;39
102;05.05.2010;59;7;11;33;51;43;42;49;2;25;57;44;19;55;17;14;56;16;40;45
101;04.05.2010;40;14;4;45;5;10;23;47;22;12;58;43;27;24;35;41;53;33;30;11
100;03.05.2010;9;1;6;7;25;59;46;34;28;45;10;11;20;48;23;21;49;32;42;36
99;02.05.2010;35;57;5;47;52;54;40;6;26;51;41;55;38;28;10;39;24;46;48;49
98;01.05.2010;10;33;9;45;7;30;48;39;37;6;57;55;24;5;17;8;41;13;54;59
97;30.04.2010;1;56;60;47;17;53;44;39;6;5;52;22;50;34;13;27;9;42;41;25
96;29.04.2010;40;47;53;43;16;3;6;20;59;21;17;7;18;19;15;36;10;8;34;2
95;28.04.2010;41;23;14;52;40;26;12;57;48;33;19;24;13;34;29;50;22;56;11;8
94;27.04.2010;7;6;56;10;50;40;27;3;59;33;51;39;28;4;17;8;45;9;21;12
93;26.04.2010;46;45;37;27;34;20;11;38;55;56;40;7;44;5;51;12;9;47;36;25
92;25.04.2010;31;7;36;51;40;34;12;33;15;48;59;43;53;57;55;11;6;56;18;39
91;24.04.2010;4;44;28;13;43;25;31;9;21;7;26;17;59;1;15;53;56;18;16;36
90;23.04.2010;52;18;3;7;1;30;32;10;31;24;50;2;15;34;37;23;36;53;57;39
89;22.04.2010;35;48;20;40;32;57;37;13;51;22;25;12;31;30;49;42;38;36;43;59
88;21.04.2010;15;35;46;13;26;9;50;25;18;16;57;49;2;51;58;20;36;31;33;56
87;20.04.2010;23;21;49;58;18;15;20;50;40;11;54;10;48;45;35;42;38;55;59;33
86;19.04.2010;47;28;33;56;12;8;19;42;41;31;38;22;36;60;55;32;45;4;25;14
85;18.04.2010;13;21;40;17;27;18;35;60;22;19;6;36;38;9;23;33;55;4;29;53
84;17.04.2010;20;16;4;57;12;29;23;41;37;31;13;44;60;30;42;33;43;18;36;15
83;16.04.2010;28;26;49;37;55;21;11;12;13;17;19;52;34;53;4;6;1;48;35;2
82;15.04.2010;23;2;28;1;18;45;16;13;9;3;31;52;60;59;51;6;53;47;41;55
81;14.04.2010;42;4;53;7;30;39;26;8;23;57;47;56;49;12;45;25;46;29;16;44
80;13.04.2010;43;7;16;57;4;13;50;24;35;12;29;46;55;6;23;17;9;22;5;52
79;12.04.2010;9;42;27;3;32;53;34;1;57;4;30;8;48;11;43;52;23;54;24;21
78;11.04.2010;50;43;19;40;21;38;18;16;48;55;30;46;32;15;52;33;59;45;27;20
77;10.04.2010;43;18;28;56;23;22;10;41;29;42;19;34;32;49;16;57;31;13;50;26
76;09.04.2010;60;15;38;12;16;56;52;32;2;42;7;57;4;33;9;51;44;46;35;55
75;08.04.2010;46;58;38;33;20;52;14;25;4;55;9;13;17;42;39;44;11;54;47;51
74;07.04.2010;21;30;1;40;26;57;20;31;47;35;33;9;58;12;4;14;27;15;2;23
73;06.04.2010;54;57;14;47;35;55;15;31;13;7;41;37;52;34;50;25;1;6;27;32
72;05.04.2010;22;53;21;43;19;44;40;57;25;36;2;46;41;6;39;20;49;4;48;60
71;04.04.2010;57;38;44;40;58;55;18;56;48;4;39;12;7;17;1;42;20;31;53;45
70;03.04.2010;2;24;47;39;26;22;1;7;5;34;58;28;11;56;44;52;9;19;46;49
69;02.04.2010;56;14;25;52;46;7;15;26;22;20;27;57;2;50;31;30;21;12;54;43
68;01.04.2010;28;31;53;4;45;56;24;58;34;52;51;12;16;25;9;54;1;50;39;5
67;31.03.2010;58;26;57;50;27;44;30;39;31;1;41;47;53;21;14;37;16;18;40;13
66;30.03.2010;29;6;34;25;23;50;2;18;14;19;12;44;27;42;47;1;38;16;35;5
65;29.03.2010;53;37;9;26;51;8;48;28;47;43;55;41;13;39;52;54;22;38;14;50
64;28.03.2010;27;48;47;25;10;51;31;7;39;40;21;9;34;36;58;54;60;5;14;35
63;27.03.2010;7;25;21;47;43;57;49;10;48;29;45;53;11;37;20;26;17;50;5;30
62;26.03.2010;42;31;13;41;7;33;19;54;1;9;37;53;52;24;26;57;18;23;55;4
61;25.03.2010;6;12;42;4;35;9;56;54;17;39;31;23;38;1;19;53;50;41;28;59
60;24.03.2010;1;40;46;36;35;44;60;29;27;47;54;56;3;23;8;9;26;50;21;33
59;23.03.2010;17;4;48;41;27;55;9;14;35;28;20;44;6;46;38;33;34;30;42;12
58;22.03.2010;55;25;33;49;21;34;9;31;38;27;8;20;51;5;41;48;43;16;6;53
57;21.03.2010;29;33;26;45;60;25;34;10;42;59;40;44;9;1;51;36;30;54;8;28
56;20.03.2010;5;3;6;31;24;11;4;46;40;12;36;58;59;25;20;43;14;17;35;34
55;19.03.2010;20;5;22;51;30;45;59;40;55;13;2;18;34;32;33;23;8;10;35;48
54;18.03.2010;12;50;54;9;52;18;10;56;59;3;22;35;11;14;57;2;7;36;25;26
53;17.03.2010;20;10;27;35;2;40;22;12;23;52;38;30;48;9;17;1;16;34;46;57
52;16.03.2010;58;49;46;16;18;31;44;12;23;22;43;15;59;60;33;14;8;30;3;9
51;15.03.2010;16;42;58;18;56;25;49;14;5;23;38;35;52;11;4;21;8;50;40;45
50;14.03.2010;3;1;58;23;56;40;7;10;2;43;52;45;24;42;37;49;13;36;6;50
49;13.03.2010;2;45;26;25;36;1;20;50;28;56;17;3;57;47;49;51;23;54;60;43
48;12.03.2010;27;54;55;41;57;20;50;35;59;33;12;5;28;38;16;18;4;17;51;11
47;11.03.2010;59;56;31;23;49;17;58;55;27;34;6;38;9;11;12;25;14;36;51;57
46;10.03.2010;33;43;20;59;34;5;17;47;38;13;55;54;53;56;45;1;57;35;6;18
45;09.03.2010;52;18;6;48;38;2;12;8;28;34;41;39;5;53;24;3;31;59;50;14
44;08.03.2010;28;11;51;43;38;41;35;57;58;59;9;13;39;44;34;1;50;3;47;25
43;07.03.2010;1;47;20;48;38;23;7;15;42;59;31;24;51;17;25;39;4;32;53;40
42;06.03.2010;43;49;48;3;11;42;57;38;55;56;37;19;8;24;26;1;51;30;15;29
41;05.03.2010;44;48;11;39;35;26;29;33;37;20;52;49;23;30;14;18;36;7;57;45
40;04.03.2010;43;36;3;26;12;46;17;19;50;45;42;59;24;28;21;4;40;23;60;20
39;03.03.2010;8;13;32;24;58;27;47;43;57;5;18;4;55;17;49;11;39;48;1;60
38;02.03.2010;15;13;23;44;58;21;2;45;56;9;59;5;1;60;19;22;20;33;39;31
37;01.03.2010;56;20;28;2;42;45;37;9;35;17;4;53;31;8;49;44;6;40;43;52
36;28.02.2010;60;38;29;58;28;31;23;52;32;45;18;42;57;48;13;19;4;47;10;17
35;27.02.2010;10;18;34;8;4;23;3;35;42;37;39;47;14;26;46;5;54;48;43;50
34;26.02.2010;48;55;53;14;45;15;46;28;11;12;7;9;21;41;4;60;3;10;54;8
33;25.02.2010;44;14;39;10;59;42;9;15;50;40;32;46;18;48;20;58;25;36;57;41
32;24.02.2010;58;42;15;36;10;14;16;60;43;41;18;17;47;49;6;21;30;27;46;50
31;23.02.2010;51;41;35;13;59;24;6;12;44;49;52;37;1;27;25;15;30;21;11;2
30;22.02.2010;32;42;56;1;31;44;40;54;5;12;24;4;49;48;36;59;23;58;2;3
29;21.02.2010;40;43;50;10;39;14;16;32;23;54;9;58;26;21;59;48;3;34;42;57
28;20.02.2010;33;25;58;49;10;54;26;28;11;41;22;42;60;14;36;46;53;37;15;34
27;19.02.2010;7;44;49;30;29;55;9;37;22;53;3;54;2;52;57;6;17;4;12;10
26;18.02.2010;19;37;9;18;50;27;59;20;41;10;1;33;32;38;40;51;39;13;14;34
25;17.02.2010;50;35;18;14;46;2;45;34;31;44;6;43;37;1;26;58;22;12;36;4
24;16.02.2010;15;45;52;36;17;6;5;42;18;38;39;58;19;12;16;8;48;1;33;30
23;15.02.2010;31;59;19;39;33;4;36;41;2;16;10;58;38;50;56;46;15;35;25;11
22;14.02.2010;58;46;24;40;35;51;41;42;43;9;36;29;20;3;10;30;49;39;47;60
21;13.02.2010;39;53;49;23;18;59;36;8;52;10;28;32;42;34;41;12;16;57;20;50
20;12.02.2010;9;4;30;18;21;47;41;33;20;60;23;52;58;56;40;53;34;17;28;22
19;11.02.2010;43;1;19;52;20;11;29;10;40;8;31;49;26;37;39;59;6;7;5;4
18;10.02.2010;43;48;45;32;6;9;23;27;60;50;17;44;41;16;26;21;28;8;18;40
17;09.02.2010;21;36;1;57;24;34;48;7;40;45;43;33;53;42;30;31;22;2;32;23
16;08.02.2010;7;44;58;55;31;40;26;60;32;27;33;21;1;47;20;12;28;41;54;39
15;07.02.2010;30;44;11;57;46;13;27;12;17;18;2;43;7;9;39;51;25;22;28;40
14;06.02.2010;55;19;13;23;2;26;6;45;50;27;4;10;8;20;7;51;33;44;5;29
13;05.02.2010;11;27;35;2;34;44;51;37;3;16;17;60;29;45;12;59;32;18;20;39
12;04.02.2010;20;56;23;25;53;48;3;21;12;58;1;45;18;10;33;35;17;55;8;7
11;03.02.2010;9;24;34;43;57;1;18;42;6;37;47;5;16;12;56;27;15;19;25;36
10;02.02.2010;28;52;12;53;55;49;15;30;14;39;3;20;54;60;19;50;22;41;35;29
9;01.02.2010;53;38;54;39;30;47;6;36;24;31;40;48;60;35;15;56;55;16;20;57
8;31.01.2010;10;32;8;26;7;30;37;42;23;53;45;36;48;2;17;21;25;55;44;19
7;30.01.2010;1;9;52;33;29;28;24;58;21;15;16;34;18;46;23;8;56;45;13;54
6;29.01.2010;4;49;39;31;40;50;52;35;7;20;1;58;12;48;46;43;19;37;29;59
5;28.01.2010;38;27;10;53;55;44;56;39;34;26;3;4;45;57;20;48;24;19;35;6
4;27.01.2010;60;51;41;47;26;54;21;28;5;17;22;8;59;38;34;15;24;23;43;16
3;26.01.2010;42;37;19;43;26;24;57;31;45;55;12;46;5;15;8;35;4;29;16;17
2;25.01.2010;13;18;49;42;30;32;39;44;40;21;41;38;34;33;16;31;46;7;1;6
1;24.01.2010;45;6;11;24;53;43;57;42;23;41;5;58;60;3;35;10;17;39;59;14
