Тираж;Дата;№ 1;№ 2;№ 3;№ 4;№ 5;№ 6;№ 7;№ 8;№ 9;№ 10;№ 11;№ 12;№ 13;№ 14;№ 15;№ 16;№ 17;№ 18;№ 19;№ 20
1;24.01.2010;3;5;6;10;11;14;17;23;24;35;39;41;42;43;45;53;57;58;59;60
2;25.01.2010;1;6;7;13;16;18;21;30;31;32;33;34;38;39;40;41;42;44;46;49
3;26.01.2010;4;5;8;12;15;16;17;19;24;26;29;31;35;37;42;43;45;46;55;57
4;27.01.2010;5;8;15;16;17;21;22;23;24;26;28;34;38;41;43;47;51;54;59;60
5;28.01.2010;3;4;6;10;19;20;24;26;27;34;35;38;39;44;45;48;53;55;56;57
6;29.01.2010;1;4;7;12;19;20;29;31;35;37;39;40;43;46;48;49;50;52;58;59
7;30.01.2010;1;8;9;13;15;16;18;21;23;24;28;29;33;34;45;46;52;54;56;58
8;31.01.2010;2;7;8;10;17;19;21;23;25;26;30;32;36;37;42;44;45;48;53;55
9;01.02.2010;6;15;16;20;24;30;31;35;36;38;39;40;47;48;53;54;55;56;57;60
10;02.02.2010;3;12;14;15;19;20;22;28;29;30;35;39;41;49;50;52;53;54;55;60
11;03.02.2010;1;5;6;9;12;15;16;18;19;24;25;27;34;36;37;42;43;47;56;57
12;04.02.2010;1;3;7;8;10;12;17;18;20;21;23;25;33;35;45;48;53;55;56;58
13;05.02.2010;2;3;11;12;16;17;18;20;27;29;32;34;35;37;39;44;45;51;59;60
14;06.02.2010;2;4;5;6;7;8;10;13;19;20;23;26;27;29;33;44;45;50;51;55
15;07.02.2010;2;7;9;11;12;13;17;18;22;25;27;28;30;39;40;43;44;46;51;57
16;08.02.2010;1;7;12;20;21;26;27;28;31;32;33;39;40;41;44;47;54;55;58;60
17;09.02.2010;1;2;7;21;22;23;24;30;31;32;33;34;36;40;42;43;45;48;53;57
18;10.02.2010;6;8;9;16;17;18;21;23;26;27;28;32;40;41;43;44;45;48;50;60
19;11.02.2010;1;4;5;6;7;8;10;11;19;20;26;29;31;37;39;40;43;49;52;59
20;12.02.2010;4;9;17;18;20;21;22;23;28;30;33;34;40;41;47;52;53;56;58;60
21;13.02.2010;8;10;12;16;18;20;23;28;32;34;36;39;41;42;49;50;52;53;57;59
22;14.02.2010;3;9;10;20;24;29;30;35;36;39;40;41;42;43;46;47;49;51;58;60
23;15.02.2010;2;4;10;11;15;16;19;25;31;33;35;36;38;39;41;46;50;56;58;59
24;16.02.2010;1;5;6;8;12;15;16;17;18;19;30;33;36;38;39;42;45;48;52;58
25;17.02.2010;1;2;4;6;12;14;18;22;26;31;34;35;36;37;43;44;45;46;50;58
26;18.02.2010;1;9;10;13;14;18;19;20;27;32;33;34;37;38;39;40;41;50;51;59
27;19.02.2010;2;3;4;6;7;9;10;12;17;22;29;30;37;44;49;52;53;54;55;57
28;20.02.2010;10;11;14;15;22;25;26;28;33;34;36;37;41;42;46;49;53;54;58;60
29;21.02.2010;3;9;10;14;16;21;23;26;32;34;39;40;42;43;48;50;54;57;58;59
30;22.02.2010;1;2;3;4;5;12;23;24;31;32;36;40;42;44;48;49;54;56;58;59
31;23.02.2010;1;2;6;11;12;13;15;21;24;25;27;30;35;37;41;44;49;51;52;59
32;24.02.2010;6;10;14;15;16;17;18;21;27;30;36;41;42;43;46;47;49;50;58;60
33;25.02.2010;9;10;14;15;18;20;25;32;36;39;40;41;42;44;46;48;50;57;58;59
34;26.02.2010;3;4;7;8;9;10;11;12;14;15;21;28;41;45;46;48;53;54;55;60
35;27.02.2010;3;4;5;8;10;14;18;23;26;34;35;37;39;42;43;46;47;48;50;54
36;28.02.2010;4;10;13;17;18;19;23;28;29;31;32;38;42;45;47;48;52;57;58;60
37;01.03.2010;2;4;6;8;9;17;20;28;31;35;37;40;42;43;44;45;49;52;53;56
38;02.03.2010;1;2;5;9;13;15;19;20;21;22;23;31;33;39;44;45;56;58;59;60
39;03.03.2010;1;4;5;8;11;13;17;18;24;27;32;39;43;47;48;49;55;57;58;60
40;04.03.2010;3;4;12;17;19;20;21;23;24;26;28;36;40;42;43;45;46;50;59;60
41;05.03.2010;7;11;14;18;20;23;26;29;30;33;35;36;37;39;44;45;48;49;52;57
42;06.03.2010;1;3;8;11;15;19;24;26;29;30;37;38;42;43;48;49;51;55;56;57
43;07.03.2010;1;4;7;15;17;20;23;24;25;31;32;38;39;40;42;47;48;51;53;59
44;08.03.2010;1;3;9;11;13;25;28;34;35;38;39;41;43;44;47;50;51;57;58;59
45;09.03.2010;2;3;5;6;8;12;14;18;24;28;31;34;38;39;41;48;50;52;53;59
46;10.03.2010;1;5;6;13;17;18;20;33;34;35;38;43;45;47;53;54;55;56;57;59
47;11.03.2010;6;9;11;12;14;17;23;25;27;31;34;36;38;49;51;55;56;57;58;59
48;12.03.2010;4;5;11;12;16;17;18;20;27;28;33;35;38;41;50;51;54;55;57;59
49;13.03.2010;1;2;3;17;20;23;25;26;28;36;43;45;47;49;50;51;54;56;57;60
50;14.03.2010;1;2;3;6;7;10;13;23;24;36;37;40;42;43;45;49;50;52;56;58
51;15.03.2010;4;5;8;11;14;16;18;21;23;25;35;38;40;42;45;49;50;52;56;58
52;16.03.2010;3;8;9;12;14;15;16;18;22;23;30;31;33;43;44;46;49;58;59;60
53;17.03.2010;1;2;9;10;12;16;17;20;22;23;27;30;34;35;38;40;46;48;52;57
54;18.03.2010;2;3;7;9;10;11;12;14;18;22;25;26;35;36;50;52;54;56;57;59
55;19.03.2010;2;5;8;10;13;18;20;22;23;30;32;33;34;35;40;45;48;51;55;59
56;20.03.2010;3;4;5;6;11;12;14;17;20;24;25;31;34;35;36;40;43;46;58;59
57;21.03.2010;1;8;9;10;25;26;28;29;30;33;34;36;40;42;44;45;51;54;59;60
58;22.03.2010;5;6;8;9;16;20;21;25;27;31;33;34;38;41;43;48;49;51;53;55
59;23.03.2010;4;6;9;12;14;17;20;27;28;30;33;34;35;38;41;42;44;46;48;55
60;24.03.2010;1;3;8;9;21;23;26;27;29;33;35;36;40;44;46;47;50;54;56;60
61;25.03.2010;1;4;6;9;12;17;19;23;28;31;35;38;39;41;42;50;53;54;56;59
62;26.03.2010;1;4;7;9;13;18;19;23;24;26;31;33;37;41;42;52;53;54;55;57
63;27.03.2010;5;7;10;11;17;20;21;25;26;29;30;37;43;45;47;48;49;50;53;57
64;28.03.2010;5;7;9;10;14;21;25;27;31;34;35;36;39;40;47;48;51;54;58;60
65;29.03.2010;8;9;13;14;22;26;28;37;38;39;41;43;47;48;50;51;52;53;54;55
66;30.03.2010;1;2;5;6;12;14;16;18;19;23;25;27;29;34;35;38;42;44;47;50
67;31.03.2010;1;13;14;16;18;21;26;27;30;31;37;39;40;41;44;47;50;53;57;58
68;01.04.2010;1;4;5;9;12;16;24;25;28;31;34;39;45;50;51;52;53;54;56;58
69;02.04.2010;2;7;12;14;15;20;21;22;25;26;27;30;31;43;46;50;52;54;56;57
70;03.04.2010;1;2;5;7;9;11;19;22;24;26;28;34;39;44;46;47;49;52;56;58
71;04.04.2010;1;4;7;12;17;18;20;31;38;39;40;42;44;45;48;53;55;56;57;58
72;05.04.2010;2;4;6;19;20;21;22;25;36;39;40;41;43;44;46;48;49;53;57;60
73;06.04.2010;1;6;7;13;14;15;25;27;31;32;34;35;37;41;47;50;52;54;55;57
74;07.04.2010;1;2;4;9;12;14;15;20;21;23;26;27;30;31;33;35;40;47;57;58
75;08.04.2010;4;9;11;13;14;17;20;25;33;38;39;42;44;46;47;51;52;54;55;58
76;09.04.2010;2;4;7;9;12;15;16;32;33;35;38;42;44;46;51;52;55;56;57;60
77;10.04.2010;10;13;16;18;19;22;23;26;28;29;31;32;34;41;42;43;49;50;56;57
78;11.04.2010;15;16;18;19;20;21;27;30;32;33;38;40;43;45;46;48;50;52;55;59
79;12.04.2010;1;3;4;8;9;11;21;23;24;27;30;32;34;42;43;48;52;53;54;57
80;13.04.2010;4;5;6;7;9;12;13;16;17;22;23;24;29;35;43;46;50;52;55;57
81;14.04.2010;4;7;8;12;16;23;25;26;29;30;39;42;44;45;46;47;49;53;56;57
82;15.04.2010;1;2;3;6;9;13;16;18;23;28;31;41;45;47;51;52;53;55;59;60
83;16.04.2010;1;2;4;6;11;12;13;17;19;21;26;28;34;35;37;48;49;52;53;55
84;17.04.2010;4;12;13;15;16;18;20;23;29;30;31;33;36;37;41;42;43;44;57;60
85;18.04.2010;4;6;9;13;17;18;19;21;22;23;27;29;33;35;36;38;40;53;55;60
86;19.04.2010;4;8;12;14;19;22;25;28;31;32;33;36;38;41;42;45;47;55;56;60
87;20.04.2010;10;11;15;18;20;21;23;33;35;38;40;42;45;48;49;50;54;55;58;59
88;21.04.2010;2;9;13;15;16;18;20;25;26;31;33;35;36;46;49;50;51;56;57;58
89;22.04.2010;12;13;20;22;25;30;31;32;35;36;37;38;40;42;43;48;49;51;57;59
90;23.04.2010;1;2;3;7;10;15;18;23;24;30;31;32;34;36;37;39;50;52;53;57
91;24.04.2010;1;4;7;9;13;15;16;17;18;21;25;26;28;31;36;43;44;53;56;59
92;25.04.2010;6;7;11;12;15;18;31;33;34;36;39;40;43;48;51;53;55;56;57;59
93;26.04.2010;5;7;9;11;12;20;25;27;34;36;37;38;40;44;45;46;47;51;55;56
94;27.04.2010;3;4;6;7;8;9;10;12;17;21;27;28;33;39;40;45;50;51;56;59
95;28.04.2010;8;11;12;13;14;19;22;23;24;26;29;33;34;40;41;48;50;52;56;57
96;29.04.2010;2;3;6;7;8;10;15;16;17;18;19;20;21;34;36;40;43;47;53;59
97;30.04.2010;1;5;6;9;13;17;22;25;27;34;39;41;42;44;47;50;52;53;56;60
98;01.05.2010;5;6;7;8;9;10;13;17;24;30;33;37;39;41;45;48;54;55;57;59
99;02.05.2010;5;6;10;24;26;28;35;38;39;40;41;46;47;48;49;51;52;54;55;57
100;03.05.2010;1;6;7;9;10;11;20;21;23;25;28;32;34;36;42;45;46;48;49;59
101;04.05.2010;4;5;10;11;12;14;22;23;24;27;30;33;35;40;41;43;45;47;53;58
102;05.05.2010;2;7;11;14;16;17;19;25;33;40;42;43;44;45;49;51;55;56;57;59
103;06.05.2010;4;5;9;13;19;21;24;27;28;29;32;36;38;39;41;42;44;47;58;59
104;07.05.2010;4;8;9;12;17;21;22;23;28;31;37;42;44;49;50;51;54;56;57;59
105;08.05.2010;1;3;5;7;10;13;23;27;29;34;37;44;47;49;50;51;52;57;59;60
106;09.05.2010;2;3;4;9;11;15;16;28;31;34;36;40;42;47;49;51;52;56;58;59
107;10.05.2010;12;14;15;17;18;21;24;28;30;31;32;33;36;38;43;46;49;51;53;59
108;11.05.2010;1;4;7;12;13;15;19;20;25;26;27;31;32;35;37;45;46;51;52;54
109;12.05.2010;1;6;7;10;13;14;15;27;28;34;37;38;43;48;50;52;54;56;59;60
110;13.05.2010;1;2;4;5;8;10;15;16;18;19;20;21;32;33;46;50;51;52;59;60
111;14.05.2010;1;3;4;7;8;13;14;15;16;20;22;26;34;35;37;41;45;48;52;59
112;15.05.2010;2;3;4;9;15;17;18;20;23;26;29;32;33;41;44;47;51;54;55;59
113;16.05.2010;2;8;14;20;22;23;24;31;32;34;37;38;42;45;46;48;49;50;53;56
114;17.05.2010;1;6;7;8;10;11;13;17;18;25;29;31;33;34;40;43;45;52;56;60
115;18.05.2010;2;5;10;17;19;25;27;31;33;35;37;40;44;46;49;50;54;57;58;59
116;19.05.2010;2;5;9;12;15;20;23;25;29;31;32;33;39;41;43;45;46;47;49;53
117;20.05.2010;3;9;10;11;12;15;16;21;22;28;31;33;37;39;41;46;50;51;58;59
118;21.05.2010;2;3;6;12;13;15;16;20;21;27;29;36;38;39;41;42;46;47;53;58
119;22.05.2010;2;6;11;13;14;15;24;28;35;36;39;42;44;46;47;51;52;53;54;57
120;23.05.2010;1;2;4;5;7;14;18;20;23;28;32;35;37;39;45;46;48;49;52;55
121;24.05.2010;1;2;3;4;5;7;10;18;21;23;25;33;34;40;41;42;44;47;55;57
122;25.05.2010;3;5;11;12;14;16;18;22;23;26;34;36;39;40;45;52;53;56;58;59
123;26.05.2010;1;5;6;10;15;16;17;19;20;25;27;31;33;34;36;37;38;40;44;54
124;27.05.2010;1;5;6;9;11;14;16;17;24;25;27;32;38;40;44;47;50;53;55;58
125;28.05.2010;3;7;9;13;14;15;17;19;27;29;34;37;38;42;43;44;46;48;49;57
126;29.05.2010;2;5;11;16;18;20;21;28;29;34;35;36;37;47;49;50;52;53;55;56
127;30.05.2010;3;5;6;8;10;11;13;17;22;23;25;31;35;38;41;42;44;45;47;53
128;31.05.2010;3;4;9;11;14;17;21;22;25;30;31;32;33;36;37;40;47;48;58;60
129;01.06.2010;1;7;10;12;13;19;21;25;27;30;32;35;36;42;43;48;49;54;55;58
130;02.06.2010;3;9;10;13;14;17;20;22;25;27;28;29;33;36;42;43;44;52;53;55
131;03.06.2010;3;9;10;11;14;16;23;24;26;27;29;31;40;43;44;51;53;55;57;58
132;04.06.2010;3;7;12;16;17;18;20;22;25;34;35;37;39;40;43;48;49;55;59;60
133;05.06.2010;1;8;12;13;14;24;25;35;39;43;44;46;49;53;54;55;56;58;59;60
134;06.06.2010;2;5;8;9;11;18;21;23;26;27;29;35;38;40;44;45;51;54;57;58
135;07.06.2010;1;4;10;13;14;15;17;19;23;24;25;31;32;34;39;41;43;49;51;58
136;08.06.2010;4;6;10;26;29;30;35;37;38;39;40;42;46;48;49;51;53;54;55;60
137;09.06.2010;3;5;8;12;14;16;17;18;21;23;26;27;30;31;33;37;40;42;44;55
138;10.06.2010;1;2;7;10;12;14;18;21;23;27;32;36;38;41;45;46;51;55;57;59
139;11.06.2010;1;9;11;15;20;26;27;29;30;32;36;41;44;45;48;49;50;51;57;58
140;12.06.2010;4;5;6;10;11;17;18;22;24;28;29;36;39;41;44;45;48;49;51;56
141;13.06.2010;1;7;10;12;18;23;24;29;31;33;34;37;40;41;46;48;52;53;55;56
142;14.06.2010;1;4;6;8;10;11;12;16;26;33;37;39;41;42;43;49;56;57;59;60
143;15.06.2010;4;7;8;9;10;12;13;14;15;23;25;29;33;36;39;42;44;47;54;55
144;16.06.2010;6;7;8;10;12;14;19;22;23;24;27;31;34;39;52;54;55;56;57;60
145;17.06.2010;2;5;6;7;10;12;15;17;20;23;24;33;35;41;43;45;48;53;56;58
146;18.06.2010;8;12;14;17;20;22;23;26;28;29;34;36;37;38;46;47;48;51;59;60
147;19.06.2010;1;4;6;9;10;11;19;21;22;34;35;37;42;44;45;47;49;56;59;60
148;20.06.2010;1;11;12;14;15;18;22;32;34;35;38;44;45;46;51;52;53;55;56;60
149;21.06.2010;1;3;4;11;12;13;22;24;28;31;37;40;41;45;49;50;51;52;58;60
150;22.06.2010;1;2;3;5;9;10;12;20;23;24;26;33;34;40;43;44;49;55;56;57
151;23.06.2010;2;3;5;8;13;17;18;21;24;26;28;31;35;36;44;45;46;52;56;60
152;24.06.2010;2;8;9;10;15;22;23;24;25;30;31;36;42;45;46;47;48;55;56;59
153;25.06.2010;3;6;8;9;11;17;18;21;22;23;25;26;30;36;43;45;49;54;57;58
154;26.06.2010;2;3;5;9;10;13;19;23;27;29;33;45;47;48;49;53;54;55;57;58
155;27.06.2010;2;4;5;11;12;14;15;16;17;25;29;30;32;33;35;42;44;50;52;57
156;28.06.2010;5;7;10;11;13;16;19;23;32;34;35;38;43;44;46;47;52;53;54;58
157;29.06.2010;4;8;11;12;19;20;22;23;27;30;32;33;37;38;39;48;51;52;55;58
158;30.06.2010;1;2;8;11;16;18;23;30;32;37;38;41;43;44;46;50;53;55;56;59
159;01.07.2010;2;5;7;8;15;18;20;21;23;27;30;31;32;40;45;47;49;50;51;58
160;02.07.2010;1;5;9;11;15;19;20;22;25;30;32;36;39;41;43;52;54;56;57;58
161;03.07.2010;1;9;12;16;18;19;21;23;29;31;32;36;41;43;46;49;50;58;59;60
162;04.07.2010;1;6;7;13;16;22;26;27;28;29;34;35;38;43;46;47;52;54;55;58
163;05.07.2010;1;2;5;11;13;14;15;16;19;23;29;35;41;42;44;47;49;50;52;59
164;06.07.2010;1;8;9;12;13;23;25;29;31;34;35;37;40;41;42;43;48;53;59;60
165;07.07.2010;4;6;14;16;17;19;25;27;28;30;34;35;36;37;43;46;48;55;58;60
166;08.07.2010;3;6;10;12;21;24;30;31;33;35;36;37;38;43;44;45;46;50;55;57
167;09.07.2010;1;3;4;7;8;13;14;18;20;21;22;23;28;31;35;43;47;49;51;57
168;10.07.2010;1;2;3;6;7;10;13;14;23;28;36;39;40;41;42;43;45;47;48;53
169;11.07.2010;1;4;5;13;14;15;18;20;22;24;27;32;38;42;44;45;49;51;52;60
170;12.07.2010;3;4;6;9;10;11;13;14;19;24;25;31;40;43;45;46;49;51;54;59
171;13.07.2010;1;3;7;11;13;14;16;21;25;27;35;39;40;43;46;47;48;55;57;60
172;14.07.2010;1;2;6;7;10;14;17;22;25;29;30;31;33;35;39;45;48;50;51;52
173;15.07.2010;1;11;12;19;20;23;24;27;32;34;35;38;40;41;42;45;47;51;58;60
174;16.07.2010;3;7;8;10;11;17;27;29;33;37;39;40;41;45;48;49;54;55;57;60
175;17.07.2010;2;3;4;5;11;22;23;30;32;33;34;35;36;37;39;47;49;53;55;56
176;18.07.2010;1;2;4;8;10;11;12;13;15;21;25;27;32;33;34;42;46;49;53;56
177;19.07.2010;10;16;17;20;25;27;29;31;34;35;39;40;43;44;50;52;55;56;58;60
178;20.07.2010;4;5;9;13;14;17;18;19;28;29;31;32;33;38;39;43;48;51;54;60
179;21.07.2010;2;3;5;7;14;16;17;21;22;24;25;26;27;33;39;41;44;47;55;56
180;22.07.2010;1;4;6;7;11;14;18;19;23;24;27;28;34;40;42;52;53;55;56;60
181;23.07.2010;2;3;4;5;10;14;18;20;22;26;29;35;40;42;44;46;49;55;57;60
182;24.07.2010;2;4;7;9;13;14;15;17;20;21;25;28;29;32;35;37;46;50;52;60
183;25.07.2010;1;14;15;21;22;28;32;37;38;39;40;43;47;48;52;55;56;58;59;60
184;26.07.2010;2;3;5;18;21;29;31;32;35;38;41;42;43;47;49;50;51;53;58;59
185;27.07.2010;2;5;9;10;11;14;19;24;27;34;38;42;43;48;49;50;51;56;58;59
186;28.07.2010;2;7;8;11;12;14;15;17;21;33;34;37;38;39;41;45;48;49;52;53
187;29.07.2010;2;3;12;17;23;26;27;28;30;33;34;36;38;43;46;50;51;52;53;59
188;30.07.2010;4;11;12;14;15;17;18;19;20;22;24;25;27;37;39;40;44;45;46;50
189;31.07.2010;3;8;9;12;14;15;27;28;30;32;34;38;39;40;43;49;55;56;57;59
190;01.08.2010;2;5;10;13;16;18;21;23;24;27;33;37;43;48;50;52;54;57;59;60
191;02.08.2010;2;4;6;9;12;15;16;20;21;23;24;25;32;42;43;44;48;51;56;59
192;03.08.2010;2;4;6;10;11;13;15;17;28;29;34;35;36;40;41;42;47;54;56;59
193;04.08.2010;3;4;5;12;13;16;21;31;32;33;35;39;42;43;44;45;47;51;57;60
194;05.08.2010;1;6;11;12;14;15;17;18;20;23;24;25;39;40;41;51;52;55;57;60
195;06.08.2010;2;6;8;9;11;12;15;16;19;22;25;28;32;33;34;43;46;55;56;58
196;07.08.2010;1;3;5;6;7;10;12;16;17;19;28;32;35;39;40;41;44;47;48;54
197;08.08.2010;2;3;4;8;9;10;11;17;26;28;32;35;39;41;44;45;50;52;53;55
198;09.08.2010;3;4;6;7;9;13;14;15;19;23;30;36;39;40;45;46;49;55;57;59
199;10.08.2010;2;11;13;21;23;30;31;33;34;38;41;43;44;47;50;51;52;53;54;60
200;11.08.2010;2;4;5;8;13;20;21;27;31;34;39;40;46;47;51;53;54;55;58;59
201;12.08.2010;4;5;8;13;22;26;31;34;39;40;44;45;47;49;50;51;52;55;56;57
202;13.08.2010;2;4;8;10;11;15;20;21;22;23;26;29;30;33;42;45;51;52;59;60
203;14.08.2010;2;3;12;15;18;19;20;21;23;26;29;30;39;40;42;49;50;57;58;60
204;15.08.2010;3;13;14;16;26;27;33;34;36;38;40;44;46;48;50;52;53;54;57;60
205;16.08.2010;4;5;7;8;13;15;18;23;32;35;36;37;38;39;40;46;48;51;58;60
206;17.08.2010;1;4;7;9;10;19;25;28;31;34;35;37;40;41;45;46;47;51;53;56
207;18.08.2010;2;5;7;9;11;16;17;18;24;25;34;35;36;37;42;43;46;50;53;60
208;19.08.2010;6;12;13;22;23;24;26;28;29;30;39;40;41;42;43;48;53;56;57;60
209;20.08.2010;1;5;6;8;10;16;18;25;27;29;33;39;40;41;42;45;46;52;57;58
210;21.08.2010;3;6;9;13;18;22;25;27;30;32;33;34;35;36;40;49;51;55;57;58
211;22.08.2010;3;4;5;10;11;12;16;20;23;24;32;33;36;38;39;46;47;49;51;57
212;23.08.2010;3;5;8;11;12;18;21;23;24;27;34;36;42;46;48;49;54;55;56;57
213;24.08.2010;2;3;5;13;21;23;25;26;27;28;32;33;35;41;43;44;45;47;52;54
214;25.08.2010;4;5;6;9;11;12;14;16;17;20;21;26;28;29;31;42;47;50;55;60
215;26.08.2010;3;4;5;6;13;16;19;20;25;26;27;33;37;41;42;44;45;47;48;58
216;27.08.2010;1;2;5;9;12;13;17;20;22;23;24;28;34;41;43;45;50;54;55;57
217;28.08.2010;6;8;9;20;21;23;24;28;30;32;36;38;39;41;43;50;55;57;59;60
218;29.08.2010;2;4;6;9;16;19;20;21;26;29;32;33;37;45;46;49;50;54;56;57
219;30.08.2010;4;17;18;19;21;22;26;27;28;32;33;37;38;42;47;48;50;51;53;54
220;31.08.2010;1;11;16;17;26;27;30;31;34;38;43;46;48;49;51;52;53;54;56;59
221;01.09.2010;3;5;8;10;14;17;19;22;23;27;29;30;34;45;48;52;53;55;57;58
222;02.09.2010;2;5;9;10;19;20;23;28;31;35;36;38;41;43;44;46;50;51;55;60
223;03.09.2010;2;3;4;6;8;12;20;21;23;32;33;35;36;49;53;54;55;56;58;60
224;04.09.2010;3;5;8;9;10;12;15;21;24;25;31;32;38;39;41;46;47;48;55;59
225;05.09.2010;6;8;10;15;18;20;22;25;26;27;28;30;31;34;36;38;44;45;46;57
226;06.09.2010;2;3;4;7;10;11;12;21;24;27;28;29;31;34;42;50;51;55;57;59
227;07.09.2010;4;15;18;22;23;27;28;33;34;35;36;38;39;43;48;50;51;52;53;56
228;08.09.2010;4;6;7;8;9;13;17;20;25;27;28;30;32;34;38;41;42;48;54;56
229;09.09.2010;1;5;6;7;11;14;19;20;23;27;31;34;44;45;46;49;50;51;52;54
230;10.09.2010;5;7;8;11;16;19;22;24;27;28;29;37;43;44;46;53;56;57;58;60
231;11.09.2010;3;7;10;11;14;15;28;31;32;36;37;41;42;43;44;51;53;55;58;59
232;12.09.2010;4;5;8;9;15;17;18;26;29;30;31;33;34;35;40;44;45;46;52;57
233;13.09.2010;3;5;10;12;16;19;29;30;35;38;39;44;46;48;50;51;57;58;59;60
234;14.09.2010;2;4;7;10;12;14;15;22;29;32;33;38;39;40;41;44;46;47;49;60
235;15.09.2010;3;4;13;14;15;23;24;27;28;31;34;40;42;43;44;45;51;54;56;58
236;16.09.2010;1;2;3;5;6;11;13;19;24;26;32;37;44;47;48;49;51;56;57;58
237;17.09.2010;1;6;9;10;12;13;14;15;24;25;35;39;41;42;44;48;49;51;55;59
238;18.09.2010;9;13;15;16;17;18;20;22;31;33;34;38;40;45;46;47;50;52;53;54
239;19.09.2010;3;5;10;17;19;20;22;28;33;37;39;44;48;49;50;52;53;54;55;56
240;20.09.2010;1;4;6;12;15;18;19;25;32;33;34;38;41;42;45;46;48;54;55;57
241;21.09.2010;3;4;5;7;8;9;13;18;19;21;23;24;32;37;39;43;47;50;53;56
242;22.09.2010;3;6;7;13;15;17;27;30;32;35;43;45;46;47;49;50;54;56;57;60
243;23.09.2010;9;10;11;12;15;17;18;20;27;28;29;30;31;35;36;38;43;44;50;57
244;24.09.2010;1;3;9;12;13;16;17;24;27;28;35;36;38;39;42;45;47;53;58;60
245;25.09.2010;1;14;19;22;24;25;31;34;36;39;40;42;43;45;46;47;50;51;58;59
246;26.09.2010;5;6;8;11;17;22;23;30;32;34;37;40;41;45;50;51;52;53;56;57
247;27.09.2010;1;2;5;6;9;10;13;16;24;27;28;29;30;40;41;43;44;45;53;59
248;28.09.2010;2;6;7;8;10;15;16;24;25;26;29;36;37;39;40;48;50;51;53;58
249;29.09.2010;4;8;9;11;13;15;28;29;30;34;36;37;41;44;49;50;51;54;55;58
250;30.09.2010;2;6;10;11;13;16;17;21;25;26;27;29;34;35;36;37;38;39;48;53
251;01.10.2010;4;5;13;14;17;18;19;21;25;27;29;31;32;33;34;39;49;50;52;56
252;02.10.2010;3;8;9;12;16;18;19;21;25;31;32;34;37;39;40;45;47;49;54;56
253;03.10.2010;5;7;8;11;19;24;25;31;32;36;37;38;42;43;47;48;49;54;56;58
254;04.10.2010;2;3;4;10;11;15;18;19;20;24;35;37;40;43;47;48;50;54;55;59
255;05.10.2010;5;18;19;23;24;25;29;36;38;39;41;44;45;49;52;53;54;55;56;60
256;06.10.2010;4;6;12;13;15;16;19;28;30;33;36;40;42;46;48;49;50;52;53;60
257;07.10.2010;4;7;8;9;13;18;21;27;28;30;32;34;41;45;49;55;56;57;58;60
258;08.10.2010;1;3;5;6;8;12;14;15;17;18;19;31;33;38;44;45;46;47;48;56
259;09.10.2010;1;6;13;16;18;19;23;27;29;30;35;39;40;41;42;43;46;50;55;57
260;10.10.2010;2;3;5;6;11;15;18;19;25;30;31;32;36;38;39;45;50;55;56;60
261;11.10.2010;1;3;6;11;13;19;26;30;31;32;33;34;38;39;43;44;46;47;55;60
262;12.10.2010;7;11;16;17;18;20;24;26;27;28;31;33;34;38;39;49;50;52;54;58
263;13.10.2010;7;9;12;14;16;18;22;23;29;31;33;35;36;37;39;44;45;46;55;57
264;14.10.2010;1;3;4;7;8;14;18;20;21;25;27;32;43;46;48;52;53;54;57;58
265;15.10.2010;1;2;13;15;19;20;22;24;25;27;29;34;38;42;43;45;49;50;57;59
266;16.10.2010;2;3;5;6;7;10;11;13;14;19;29;30;39;43;44;45;52;53;57;59
267;17.10.2010;5;7;9;10;13;16;18;20;21;24;27;29;32;34;35;37;48;51;52;59
268;18.10.2010;1;2;3;14;15;17;23;25;26;29;32;37;40;42;43;48;51;54;59;60
269;19.10.2010;5;9;11;13;20;23;24;29;30;33;38;41;43;44;46;49;52;56;57;60
270;20.10.2010;5;7;14;17;23;25;26;27;35;36;39;47;49;50;51;52;54;56;57;58
271;21.10.2010;1;3;7;9;19;22;25;26;27;32;33;34;36;38;44;45;47;54;56;59
272;22.10.2010;2;5;8;12;18;24;26;28;33;35;38;40;43;44;47;48;50;54;59;60
273;23.10.2010;2;3;7;12;17;20;24;25;32;34;35;38;42;50;51;53;54;55;56;57
274;24.10.2010;5;9;11;18;24;27;28;30;33;35;37;39;43;44;49;52;54;57;58;59
275;25.10.2010;2;4;7;8;9;14;15;18;23;25;36;38;40;41;44;45;47;49;54;60
276;26.10.2010;6;13;14;16;18;20;23;26;30;34;38;40;41;42;44;45;46;57;59;60
277;27.10.2010;2;3;4;5;6;7;17;19;20;24;25;30;31;34;37;45;46;48;59;60
278;28.10.2010;8;16;19;21;22;24;29;30;32;35;40;42;44;46;48;49;50;52;55;58
279;29.10.2010;1;2;6;11;16;18;25;28;31;34;36;42;44;45;49;52;53;54;57;58
280;30.10.2010;1;3;4;11;12;13;14;15;18;19;29;30;31;35;42;43;49;52;56;59
281;31.10.2010;1;12;13;14;16;20;21;22;23;29;31;32;41;42;44;46;53;56;58;59
282;01.11.2010;4;8;13;16;18;22;23;25;26;27;28;29;30;32;37;38;41;43;52;54
283;02.11.2010;5;8;10;12;15;16;22;24;27;35;39;41;43;46;47;49;50;51;54;58
284;03.11.2010;1;2;5;6;7;13;15;16;18;20;21;23;24;25;26;27;36;42;55;60
285;04.11.2010;6;8;11;13;14;16;17;18;21;22;29;31;34;37;44;48;55;57;58;60
286;05.11.2010;1;3;5;8;9;13;14;20;22;23;26;32;36;38;39;42;47;49;52;53
287;06.11.2010;3;4;6;12;14;17;23;24;26;28;33;35;37;43;47;48;51;52;53;54
288;07.11.2010;3;4;5;7;12;13;14;21;25;32;37;38;41;42;43;44;46;54;55;57
289;08.11.2010;1;2;3;5;8;10;13;17;19;20;22;25;26;32;43;47;51;52;56;57
290;09.11.2010;1;2;3;6;7;8;9;12;15;21;26;27;29;30;35;45;46;48;52;57
291;10.11.2010;5;9;10;11;14;15;16;24;33;34;35;36;38;40;46;50;51;53;55;56
292;11.11.2010;3;5;7;9;11;17;22;27;31;37;38;39;43;46;47;53;54;56;58;59
293;12.11.2010;3;5;6;9;11;17;21;27;38;40;42;43;47;48;51;52;55;57;58;59
294;13.11.2010;3;4;15;19;20;28;29;33;35;37;38;39;42;45;47;51;53;54;56;57
295;14.11.2010;4;5;8;9;11;15;20;22;24;28;32;33;37;39;41;49;51;53;57;59
296;15.11.2010;1;2;4;9;11;15;17;23;27;28;31;35;40;43;49;52;54;56;58;59
297;16.11.2010;2;7;12;13;15;16;18;20;24;28;29;32;39;40;43;49;51;52;53;57
298;17.11.2010;2;4;6;8;20;23;29;31;32;38;40;42;45;46;48;49;50;51;54;55
299;18.11.2010;2;8;10;16;18;19;20;22;24;25;31;33;34;36;37;38;41;46;48;51
300;19.11.2010;1;4;5;6;7;13;18;20;24;33;35;38;40;42;44;45;48;49;51;52
301;20.11.2010;4;5;6;8;10;18;20;21;27;28;29;34;35;37;39;40;43;44;46;59
302;21.11.2010;4;8;9;11;12;15;18;20;21;26;32;35;41;45;47;50;51;53;58;59
303;22.11.2010;6;10;14;16;20;22;23;25;27;33;36;40;41;43;44;50;52;56;59;60
304;23.11.2010;2;3;5;7;10;11;13;14;21;22;25;27;29;30;31;41;42;53;56;57
305;24.11.2010;7;11;14;15;18;20;21;26;28;30;33;43;44;47;49;50;53;54;55;59
306;25.11.2010;2;5;6;9;21;28;30;31;33;35;37;39;41;46;48;50;51;52;57;60
307;26.11.2010;5;7;10;11;13;16;20;23;28;30;33;34;37;44;46;47;50;58;59;60
308;27.11.2010;2;3;4;8;9;15;17;19;20;22;23;28;35;38;44;47;55;58;59;60
309;28.11.2010;1;2;4;6;10;15;17;20;21;26;28;30;32;34;36;42;47;55;58;60
310;29.11.2010;2;3;4;10;19;20;21;24;25;28;29;32;37;44;46;49;52;54;55;56
311;30.11.2010;3;4;7;11;13;15;17;19;24;25;30;31;32;38;39;40;47;49;55;57
312;01.12.2010;1;3;7;8;9;14;29;33;35;39;41;42;43;51;52;53;54;55;56;57
313;02.12.2010;1;3;10;11;12;13;21;22;32;34;36;45;46;49;52;53;55;56;57;58
314;03.12.2010;1;7;11;15;16;17;21;28;29;31;37;38;43;44;50;53;54;55;57;60
315;04.12.2010;1;12;14;16;17;18;27;28;29;30;33;34;37;40;42;46;47;53;54;56
316;05.12.2010;1;3;4;11;12;13;15;18;20;21;31;32;36;38;40;41;44;46;53;58
317;06.12.2010;3;16;17;18;25;28;31;33;34;35;37;39;40;41;42;45;46;48;56;57
318;07.12.2010;5;8;10;12;14;15;25;27;35;37;39;40;44;46;47;49;51;53;57;60
319;08.12.2010;1;2;4;6;12;21;23;24;26;27;41;44;46;48;49;52;56;57;59;60
320;09.12.2010;5;6;7;10;11;12;13;17;20;22;25;29;41;42;46;47;48;54;58;59
321;10.12.2010;3;5;15;16;17;24;25;30;32;35;38;41;43;44;50;53;56;58;59;60
322;11.12.2010;2;6;7;11;12;13;14;15;16;18;28;31;34;35;39;42;43;45;55;57
323;12.12.2010;3;4;5;9;13;14;15;17;19;20;25;27;36;37;40;41;48;50;51;59
324;13.12.2010;1;7;10;12;14;16;17;18;20;24;31;32;40;41;42;44;47;48;56;59
325;14.12.2010;1;3;5;13;15;18;20;23;24;25;30;33;38;41;47;48;52;53;58;60
326;15.12.2010;3;4;6;7;8;12;14;20;28;31;34;42;45;46;47;48;52;53;55;59
327;16.12.2010;1;3;5;6;11;12;24;25;27;32;36;37;38;40;43;44;45;47;51;55
328;17.12.2010;5;6;8;9;11;17;21;23;25;26;30;33;39;40;43;52;53;55;57;59
329;18.12.2010;1;9;15;17;19;25;28;29;34;35;36;42;43;46;47;50;51;53;55;58
330;19.12.2010;7;8;10;11;15;16;17;23;24;29;31;32;35;37;38;39;46;48;51;58
331;20.12.2010;4;8;13;16;18;21;24;25;26;27;29;30;34;38;41;42;52;54;57;59
332;21.12.2010;1;2;4;6;10;15;17;19;23;28;33;39;40;41;43;45;50;51;56;59
333;22.12.2010;4;6;9;11;13;16;19;21;23;25;29;31;39;40;44;46;47;52;56;57
334;23.12.2010;1;4;6;14;15;16;19;23;24;32;35;38;44;45;46;47;49;53;58;59
335;24.12.2010;4;5;7;8;12;17;26;27;28;34;38;39;41;48;50;52;55;57;58;60
336;25.12.2010;1;7;11;15;16;18;19;22;23;24;25;27;30;31;35;44;47;53;56;57
337;26.12.2010;4;5;12;13;14;16;27;28;29;36;44;45;47;48;49;50;51;52;55;60
338;27.12.2010;1;3;4;5;14;19;20;21;24;31;38;39;40;41;43;49;50;54;56;59
339;28.12.2010;5;6;7;8;12;15;21;24;25;26;31;32;34;35;37;47;48;49;56;60
340;29.12.2010;2;4;7;8;9;12;14;17;19;24;30;35;41;48;49;52;53;56;57;58
341;30.12.2010;3;5;6;17;20;26;29;30;31;32;35;39;42;44;45;48;49;50;53;59
342;31.12.2010;1;2;5;6;7;12;13;14;15;20;21;27;34;38;44;45;48;51;57;59
343;01.01.2011;5;8;11;12;14;16;17;19;20;24;26;29;31;32;33;36;37;43;54;56
344;02.01.2011;5;12;13;14;18;20;24;26;32;33;41;42;44;45;46;49;53;54;59;60
345;03.01.2011;3;4;6;10;11;16;19;21;33;34;39;40;42;44;45;46;49;50;55;60
346;04.01.2011;4;5;6;8;9;10;11;12;19;22;24;30;32;38;41;42;50;53;54;58
347;05.01.2011;2;4;5;7;8;9;10;17;25;26;31;35;37;39;40;42;43;45;48;58
348;06.01.2011;3;5;9;15;18;19;24;25;28;35;37;40;42;43;47;50;55;58;59;60
349;07.01.2011;6;7;13;16;21;26;28;29;30;33;34;38;39;40;45;46;49;50;57;58
350;08.01.2011;3;12;14;18;19;21;22;23;30;33;35;36;37;46;49;50;53;56;59;60
351;09.01.2011;1;5;6;10;11;15;16;17;19;23;27;33;39;41;42;50;54;55;56;60
352;10.01.2011;1;4;6;7;16;17;18;21;24;25;27;32;34;36;41;45;48;50;51;60
353;11.01.2011;1;2;5;9;15;21;23;24;25;26;27;29;30;32;33;34;44;49;57;60
354;12.01.2011;3;8;10;14;15;17;19;21;27;28;29;30;32;33;35;38;40;42;55;57
355;13.01.2011;1;5;20;22;24;26;27;29;33;34;35;43;44;45;47;52;53;56;58;59
356;14.01.2011;1;4;12;13;17;20;25;27;33;34;35;36;37;40;43;44;45;46;49;51
357;15.01.2011;1;8;12;15;17;20;25;29;32;33;35;37;39;40;43;48;49;50;55;56
358;16.01.2011;4;5;6;16;18;21;28;33;34;35;37;39;40;41;42;45;46;49;51;52
359;17.01.2011;7;8;9;10;14;15;18;21;31;33;35;36;41;46;47;48;49;56;58;59
360;18.01.2011;1;3;5;7;8;13;15;18;24;25;26;27;33;42;48;53;56;57;59;60
361;19.01.2011;3;4;5;8;15;19;22;25;31;35;39;41;45;46;47;48;49;52;53;58
362;20.01.2011;2;4;9;10;13;14;24;27;28;29;31;33;37;41;43;45;47;49;57;60
363;21.01.2011;6;8;11;13;23;33;36;37;38;40;42;43;44;48;49;50;51;54;56;60
364;22.01.2011;6;9;10;18;22;27;30;31;34;35;36;42;44;45;51;52;53;54;58;59
365;23.01.2011;2;8;9;16;18;21;22;23;24;25;30;32;35;36;39;42;48;52;56;57
366;24.01.2011;1;3;10;13;17;18;27;31;32;33;36;39;40;41;46;49;50;53;55;60
367;25.01.2011;3;10;12;15;16;17;20;22;23;33;34;37;40;41;43;44;47;48;49;55
368;26.01.2011;3;6;8;11;13;21;23;24;27;31;33;40;41;42;44;50;51;54;56;59
369;27.01.2011;2;3;5;7;9;14;15;16;17;18;19;24;26;31;32;36;43;45;51;55
370;28.01.2011;5;7;9;11;13;17;19;24;27;32;35;39;41;42;47;48;52;54;55;56
371;29.01.2011;2;3;4;10;12;15;21;22;24;27;29;30;33;34;36;40;49;50;57;58
372;30.01.2011;3;5;9;11;12;13;18;23;24;27;28;31;40;45;47;48;50;55;56;60
373;31.01.2011;4;5;7;8;9;11;13;14;16;20;26;29;31;32;34;35;37;38;39;42
374;01.02.2011;2;8;11;12;13;15;18;20;25;32;35;38;40;45;48;49;53;54;55;58
375;02.02.2011;7;8;10;12;14;15;16;17;20;23;26;27;28;35;38;39;47;51;55;58
376;03.02.2011;1;2;15;17;18;20;23;30;31;34;40;47;48;52;53;55;56;58;59;60
377;04.02.2011;8;10;11;13;14;19;20;26;28;31;32;34;37;38;41;47;49;51;54;55
378;05.02.2011;2;3;6;8;9;11;12;14;15;21;24;27;29;32;35;36;39;44;45;60
379;06.02.2011;1;2;4;6;7;11;12;13;15;21;27;36;37;40;47;48;51;54;56;59
380;07.02.2011;1;4;5;11;12;13;16;19;21;23;24;25;26;31;33;40;42;49;50;57
381;08.02.2011;2;6;8;13;14;16;17;18;19;20;23;24;26;31;34;35;40;43;53;55
382;09.02.2011;2;5;8;11;13;17;24;28;30;32;34;37;38;40;41;48;53;55;56;60
383;10.02.2011;2;4;6;14;15;17;20;23;32;33;34;36;37;45;46;52;56;57;59;60
384;11.02.2011;6;9;11;12;13;15;23;24;28;33;34;39;43;46;47;50;51;52;58;59
385;12.02.2011;1;2;5;8;11;15;17;21;22;23;24;27;36;43;46;52;53;56;58;59
386;13.02.2011;1;4;6;10;23;27;28;30;32;33;35;36;40;44;47;48;49;52;58;59
387;14.02.2011;7;9;11;12;13;14;16;21;23;24;25;29;31;32;38;40;42;43;44;45
388;15.02.2011;1;2;5;10;16;19;28;30;32;33;37;38;39;42;44;47;50;54;56;59
389;16.02.2011;5;8;14;16;19;21;22;24;27;30;34;37;38;42;43;44;45;46;47;56
390;17.02.2011;2;3;4;5;10;12;13;15;20;21;22;25;29;36;40;46;50;52;53;55
391;18.02.2011;1;3;9;11;15;19;24;26;28;29;35;36;39;40;42;46;48;51;58;60
392;19.02.2011;3;5;7;13;15;18;21;25;26;27;28;33;37;40;43;50;52;54;58;60
393;20.02.2011;1;6;13;16;17;19;22;26;27;32;33;35;36;37;40;42;52;56;58;60
394;21.02.2011;1;2;4;7;9;11;18;22;25;27;28;34;35;42;44;46;47;52;56;59
395;22.02.2011;1;4;10;17;18;19;21;22;23;26;27;30;37;41;44;51;52;55;59;60
396;23.02.2011;1;2;3;4;6;7;9;12;13;18;20;24;26;39;42;46;47;48;54;59
397;24.02.2011;2;9;10;13;14;15;16;18;20;25;29;31;33;35;41;43;51;53;54;58
398;25.02.2011;2;4;6;7;11;14;15;17;18;19;21;27;31;43;47;49;51;55;56;60
399;26.02.2011;3;4;5;6;9;10;15;23;30;33;34;38;39;43;49;51;54;56;58;59
400;27.02.2011;1;3;4;6;7;8;11;15;18;20;21;36;37;39;42;46;49;50;57;58
401;28.02.2011;3;5;9;10;13;14;15;18;22;26;28;30;32;34;37;43;46;49;50;53
402;01.03.2011;2;3;4;9;10;18;20;22;23;24;29;30;32;37;39;50;52;53;58;59
403;02.03.2011;2;3;7;8;9;12;18;21;23;29;31;33;37;38;41;52;53;56;57;58
404;03.03.2011;14;16;18;20;21;23;25;26;29;36;38;39;41;42;46;47;54;56;58;59
405;04.03.2011;12;16;20;24;25;26;32;33;36;38;40;45;46;48;51;52;57;58;59;60
406;05.03.2011;3;4;5;7;10;15;17;21;25;30;31;32;37;39;40;41;42;55;56;57
407;06.03.2011;5;7;8;9;10;12;16;17;18;19;28;35;38;39;43;46;51;53;55;57
408;07.03.2011;1;2;3;5;12;13;15;17;20;27;34;36;37;44;46;48;53;55;56;57
409;08.03.2011;1;3;7;10;11;12;14;16;22;23;24;34;36;37;38;40;41;42;45;59
410;09.03.2011;7;8;10;13;15;19;26;27;32;34;36;39;44;45;46;51;54;55;56;57
411;10.03.2011;1;5;6;11;12;14;17;18;20;21;26;35;38;40;42;43;44;47;52;59
412;11.03.2011;2;3;5;7;8;9;10;12;15;21;24;30;34;35;36;42;45;50;53;59
413;12.03.2011;1;4;5;8;9;10;13;19;28;35;36;45;48;50;51;54;55;56;59;60
414;13.03.2011;1;2;6;7;12;18;19;22;24;30;33;37;41;44;50;55;56;57;59;60
415;14.03.2011;2;3;6;7;12;13;16;24;33;34;40;41;44;45;47;50;56;58;59;60
416;15.03.2011;2;5;6;9;16;20;21;25;26;28;31;35;38;42;44;45;47;49;52;58
417;16.03.2011;1;2;3;5;10;12;13;14;16;20;21;22;30;32;43;45;51;53;56;60
418;17.03.2011;2;5;8;9;13;17;20;21;22;26;33;34;43;44;46;47;50;54;57;59
419;18.03.2011;3;4;7;13;19;23;24;26;27;31;34;38;39;40;42;47;48;51;56;60
420;19.03.2011;3;6;9;11;12;13;14;15;17;20;22;28;36;37;40;44;45;46;47;54
421;20.03.2011;6;10;13;14;18;21;23;24;28;29;33;39;44;47;54;55;56;58;59;60
422;21.03.2011;2;6;7;16;18;22;24;25;26;33;36;38;43;45;47;51;52;53;57;58
423;22.03.2011;4;5;8;10;11;14;17;18;19;21;24;30;32;42;43;50;55;56;57;59
424;23.03.2011;3;8;9;11;13;14;15;16;18;19;22;23;33;35;38;39;40;47;53;55
425;24.03.2011;1;5;6;9;10;11;12;18;20;21;31;32;34;42;43;45;50;55;57;58
426;25.03.2011;3;5;8;11;13;20;23;24;25;27;28;33;39;42;44;45;46;51;53;60
427;26.03.2011;2;3;5;6;8;13;20;25;26;29;30;35;40;43;44;45;50;53;54;59
428;27.03.2011;1;4;7;8;11;15;17;18;23;26;34;40;41;43;44;45;51;52;59;60
429;28.03.2011;5;6;7;8;9;14;19;20;26;28;31;34;35;43;46;48;50;53;56;60
430;29.03.2011;1;4;8;12;13;18;20;22;29;34;35;38;39;41;47;52;54;56;59;60
431;30.03.2011;2;5;7;8;9;12;13;16;22;28;33;42;43;46;48;51;52;53;54;59
432;31.03.2011;1;13;16;20;21;23;25;27;33;36;41;43;44;49;50;52;55;56;57;58
433;01.04.2011;1;2;7;15;21;22;23;33;37;40;41;48;50;51;52;55;57;58;59;60
434;02.04.2011;1;3;6;9;10;16;18;22;23;25;32;33;34;35;38;44;46;53;57;59
435;03.04.2011;4;9;12;15;16;20;22;25;29;32;34;35;41;44;47;49;50;51;56;59
436;04.04.2011;4;5;9;11;15;16;18;20;25;26;34;36;39;41;45;47;53;57;59;60
437;05.04.2011;1;6;8;11;13;24;27;28;30;31;36;38;39;40;42;46;48;53;55;59
438;06.04.2011;4;6;7;10;14;15;17;20;25;35;38;39;41;43;44;45;48;49;52;54
439;07.04.2011;1;2;4;5;25;26;29;31;34;37;39;42;43;44;47;48;50;54;55;58
440;08.04.2011;3;5;8;10;12;13;17;18;19;20;23;29;36;40;42;54;55;58;59;60
441;09.04.2011;1;3;5;12;13;16;19;20;22;23;31;35;39;45;47;48;54;56;58;59
442;10.04.2011;2;7;8;15;16;21;24;28;31;39;40;42;43;44;49;51;55;58;59;60
443;11.04.2011;3;5;9;11;12;13;14;17;19;20;28;29;34;36;43;45;46;48;54;60
444;12.04.2011;2;9;11;17;20;28;31;34;35;37;38;40;42;44;45;46;47;50;53;58
445;13.04.2011;7;9;12;13;19;21;22;28;33;35;37;39;40;43;48;51;53;56;59;60
446;14.04.2011;1;4;7;10;11;12;13;14;17;18;20;25;29;30;31;40;41;44;53;54
447;15.04.2011;3;4;5;12;18;20;24;26;30;31;34;35;38;45;47;48;50;53;55;57
448;16.04.2011;3;9;10;16;17;20;21;24;33;34;39;42;43;49;50;51;53;54;58;59
449;17.04.2011;8;11;13;17;18;23;24;25;26;28;31;32;34;37;38;41;42;48;56;58
450;18.04.2011;1;4;9;15;16;19;29;31;34;36;38;39;40;41;42;43;44;48;50;59
451;19.04.2011;2;4;7;8;11;14;23;25;26;28;30;31;35;36;37;38;42;51;53;54
452;20.04.2011;3;4;9;11;12;13;14;25;27;30;31;35;38;39;43;44;50;54;58;60
453;21.04.2011;4;5;6;7;11;12;13;20;22;25;27;35;36;38;40;48;51;52;57;59
454;22.04.2011;11;12;17;22;23;24;29;30;35;38;39;40;41;43;48;49;50;54;55;57
455;23.04.2011;3;4;17;26;27;28;32;33;34;42;43;44;47;50;55;56;57;58;59;60
456;24.04.2011;2;4;7;10;15;23;25;27;31;32;37;39;41;42;44;48;51;53;57;60
457;25.04.2011;2;3;4;11;13;17;20;21;24;31;38;42;43;45;48;49;51;57;58;59
458;26.04.2011;7;12;18;20;25;27;28;29;30;34;36;37;40;43;45;47;50;54;56;58
459;27.04.2011;3;4;8;15;20;28;30;37;39;41;43;44;48;51;52;54;55;57;59;60
460;28.04.2011;3;8;9;10;16;19;20;21;28;31;32;34;39;41;42;44;47;48;49;55
461;29.04.2011;1;4;7;10;11;15;16;17;23;24;29;31;32;40;44;47;48;51;56;59
462;30.04.2011;1;2;5;8;11;16;17;22;24;25;27;33;34;39;40;44;48;50;53;60
463;01.05.2011;6;8;11;13;16;17;18;20;28;30;31;32;33;36;40;48;50;51;59;60
464;02.05.2011;5;7;10;12;13;15;23;25;27;30;33;35;39;43;44;45;48;51;52;56
465;03.05.2011;7;11;12;14;18;19;30;32;35;38;39;43;44;45;46;47;48;53;56;59
466;04.05.2011;2;5;13;16;22;23;24;26;28;32;34;35;37;40;41;42;44;48;57;60
467;05.05.2011;1;2;3;8;12;13;15;17;21;24;26;27;30;31;35;51;54;56;58;59
468;06.05.2011;1;9;11;18;19;21;26;27;29;31;37;38;42;45;47;48;52;53;57;58
469;07.05.2011;2;3;9;11;12;15;16;17;20;24;25;26;28;32;35;36;40;44;45;55
470;08.05.2011;2;8;11;12;14;16;18;21;26;30;32;37;38;39;43;44;47;48;51;55
471;09.05.2011;3;12;18;19;20;21;22;29;35;36;40;44;46;47;49;50;53;54;57;58
472;10.05.2011;7;9;10;14;15;16;28;30;34;37;40;41;43;46;47;49;50;52;55;60
473;11.05.2011;4;10;19;22;26;27;28;29;30;33;34;35;36;40;45;48;49;50;54;58
474;12.05.2011;4;5;10;11;17;18;22;26;32;35;39;42;44;49;51;52;53;56;59;60
475;13.05.2011;3;4;12;14;17;20;21;22;23;26;27;29;30;33;34;42;43;54;57;58
476;14.05.2011;6;7;10;13;14;16;17;20;23;24;25;30;37;40;41;52;53;54;55;56
477;15.05.2011;3;6;7;10;11;12;13;17;23;24;26;31;34;38;40;44;48;49;52;56
478;16.05.2011;4;15;16;20;21;23;25;28;30;42;43;45;46;48;49;51;52;55;56;59
479;17.05.2011;2;3;7;17;22;24;27;37;38;39;41;42;44;48;50;52;53;54;57;59
480;18.05.2011;4;5;19;25;27;29;32;33;36;39;40;41;44;45;51;53;54;55;56;58
481;19.05.2011;1;2;5;7;8;10;15;19;24;26;27;28;31;45;46;51;54;56;59;60
482;20.05.2011;2;5;9;10;11;12;13;15;17;18;20;22;29;33;40;43;46;49;50;56
483;21.05.2011;3;4;6;8;9;13;17;18;21;24;27;30;31;32;34;43;47;52;56;60
484;22.05.2011;7;11;15;20;22;25;31;32;33;35;38;39;41;43;45;50;54;55;56;58
485;23.05.2011;1;3;5;11;12;13;17;18;22;23;30;31;32;36;38;39;42;51;54;58
486;24.05.2011;2;5;10;12;13;15;19;21;25;26;29;31;38;39;41;44;49;50;56;57
487;25.05.2011;3;5;9;10;12;15;17;27;34;36;42;43;47;49;50;51;53;55;56;60
488;26.05.2011;3;7;8;11;13;15;19;20;28;30;31;33;34;36;37;40;41;49;56;60
489;27.05.2011;1;3;12;14;19;29;30;32;33;35;39;47;48;50;52;53;54;56;58;60
490;28.05.2011;1;3;8;10;12;18;20;22;23;27;29;32;37;43;44;46;47;51;55;56
491;29.05.2011;2;4;6;9;11;12;13;21;28;31;34;36;38;39;41;42;45;46;49;54
492;30.05.2011;1;2;9;11;12;13;14;17;18;21;29;31;38;41;42;48;50;51;54;58
493;31.05.2011;3;5;11;17;24;26;28;31;33;34;36;38;42;45;47;49;51;54;57;59
494;01.06.2011;6;7;9;10;12;18;21;22;33;34;37;39;41;42;43;48;49;50;54;57
495;02.06.2011;1;8;10;13;14;15;18;27;32;34;37;38;43;48;49;50;51;52;53;55
496;03.06.2011;2;14;15;19;23;25;28;29;36;37;38;41;42;43;44;51;54;56;57;58
497;04.06.2011;4;8;11;19;22;23;25;26;30;35;37;41;46;48;51;52;53;55;56;58
498;05.06.2011;1;2;11;13;14;15;19;20;21;24;25;30;31;36;40;46;50;52;54;57
499;06.06.2011;3;5;7;8;9;10;14;15;20;23;27;30;32;34;42;47;48;51;53;57
500;07.06.2011;2;5;8;13;15;20;23;25;28;30;33;39;42;44;49;51;52;55;57;60
501;08.06.2011;5;9;20;23;30;33;36;37;39;40;41;44;45;47;50;52;53;56;58;59
502;09.06.2011;5;9;14;16;18;21;24;26;29;32;33;35;37;47;48;49;50;56;57;60
503;10.06.2011;2;3;21;23;28;29;31;33;35;39;41;42;43;45;47;48;56;57;59;60
504;11.06.2011;2;3;7;11;15;17;18;22;25;27;28;36;40;42;44;49;50;51;53;59
505;12.06.2011;1;2;3;4;9;10;11;18;19;22;25;34;35;38;42;43;46;48;51;56
506;13.06.2011;7;12;13;15;17;21;24;25;26;27;33;34;38;39;41;44;45;49;55;58
507;14.06.2011;1;5;6;7;15;16;19;20;22;23;29;32;36;37;40;44;47;54;57;58
508;15.06.2011;9;15;17;20;21;22;24;26;27;29;33;36;37;38;48;49;50;55;58;59
509;16.06.2011;3;4;6;7;9;11;16;22;24;27;28;32;35;36;42;43;52;54;56;59
510;17.06.2011;5;7;15;16;18;20;22;24;26;27;29;31;32;33;34;38;42;45;46;50
511;18.06.2011;10;12;14;19;21;24;25;27;29;30;31;33;39;43;46;49;50;51;55;57
512;19.06.2011;1;3;9;10;11;15;16;30;31;35;36;37;39;40;42;44;46;51;55;56
513;20.06.2011;2;4;5;9;12;14;15;20;22;23;25;26;29;31;33;39;43;44;52;55
514;21.06.2011;4;5;7;8;15;18;20;22;23;24;25;26;37;40;43;49;50;52;56;60
515;22.06.2011;6;7;8;9;12;17;20;22;26;27;30;31;33;38;42;44;49;51;54;60
516;23.06.2011;6;7;8;11;18;24;25;27;32;34;35;36;40;43;44;45;46;51;56;58
517;24.06.2011;8;11;13;14;17;20;22;24;26;28;32;33;41;42;45;50;53;54;58;59
518;25.06.2011;4;5;7;13;16;18;25;27;31;32;34;35;37;42;47;50;52;55;57;58
519;26.06.2011;4;6;7;15;20;22;23;24;26;30;31;32;34;39;40;54;56;57;58;59
520;27.06.2011;1;2;10;13;17;18;19;20;22;28;29;32;34;38;42;44;45;47;52;57
521;28.06.2011;1;2;4;6;11;13;16;18;25;27;31;32;43;44;46;47;48;51;52;58
522;29.06.2011;1;3;5;10;12;13;23;24;26;27;31;32;34;40;45;46;49;51;58;60
523;30.06.2011;10;11;13;19;22;29;33;34;35;36;41;46;49;50;51;53;56;58;59;60
524;01.07.2011;1;5;18;19;22;23;25;26;27;29;30;32;36;38;39;43;44;52;55;56
525;02.07.2011;1;9;19;20;21;28;31;32;33;34;39;42;44;46;47;48;53;55;58;60
526;03.07.2011;5;9;10;11;12;18;21;26;27;28;30;31;32;33;37;38;43;47;56;58
527;04.07.2011;6;7;10;14;15;17;18;21;22;25;29;35;37;44;45;48;52;56;59;60
528;05.07.2011;7;10;14;16;17;18;19;20;21;30;32;33;37;38;44;46;47;50;55;56
529;06.07.2011;4;5;6;7;12;14;15;16;23;30;31;33;34;37;43;48;52;55;56;59
530;07.07.2011;1;3;4;6;8;16;17;18;21;22;24;25;27;37;46;55;56;57;58;60
531;08.07.2011;1;3;5;8;10;11;12;21;22;32;34;35;39;42;44;46;48;51;53;60
532;09.07.2011;4;7;8;13;15;18;20;21;23;24;25;27;28;38;43;47;51;54;57;60
533;10.07.2011;1;6;7;10;12;14;23;26;27;29;40;41;42;45;48;50;52;55;59;60
534;11.07.2011;7;8;11;14;22;24;29;34;37;41;43;46;47;49;50;51;55;56;59;60
535;12.07.2011;1;2;4;7;9;10;11;13;22;23;26;27;32;34;35;37;50;52;54;60
536;13.07.2011;4;6;8;9;10;13;21;23;24;26;29;37;40;41;43;45;51;57;58;60
537;14.07.2011;7;9;14;15;16;17;19;23;32;33;35;36;42;45;46;48;49;53;57;59
538;15.07.2011;1;2;13;18;19;20;22;25;28;30;34;36;37;47;48;50;52;54;56;59
539;16.07.2011;2;6;7;8;13;20;22;30;39;40;42;45;47;48;49;54;57;58;59;60
540;17.07.2011;7;10;11;12;14;17;21;23;26;33;35;39;43;44;45;47;48;50;52;59
541;18.07.2011;1;2;6;8;13;17;19;21;23;25;37;40;42;47;48;52;54;55;58;60
542;19.07.2011;9;10;14;16;22;23;26;27;28;29;34;39;40;41;43;44;46;50;53;55
543;20.07.2011;3;7;14;19;22;24;26;27;30;32;34;37;38;43;44;45;51;53;56;60
544;21.07.2011;1;8;9;13;19;20;22;23;26;27;31;32;35;36;37;42;46;48;57;59
545;22.07.2011;7;12;13;16;19;21;22;24;26;30;31;32;42;43;44;45;51;55;57;60
546;23.07.2011;2;3;5;7;10;11;20;22;24;31;32;33;34;40;41;42;46;53;55;58
547;24.07.2011;3;5;6;7;15;20;22;23;25;30;33;40;43;45;46;47;50;53;54;56
548;25.07.2011;1;3;4;6;8;15;19;20;29;30;32;33;35;37;45;47;48;51;56;60
549;26.07.2011;1;6;8;11;18;21;22;24;27;28;31;33;38;39;40;43;44;45;47;50
550;27.07.2011;2;3;5;7;13;18;19;20;22;32;36;37;40;42;45;48;49;50;53;57
551;28.07.2011;5;11;16;17;20;22;23;28;30;31;32;33;35;39;40;47;50;55;56;59
552;29.07.2011;1;2;4;6;7;8;10;13;15;16;23;24;33;36;37;39;42;45;46;50
553;30.07.2011;6;7;8;10;16;20;21;27;28;33;36;37;38;40;41;47;50;51;54;58
554;31.07.2011;2;11;12;14;17;18;20;21;23;24;27;29;32;33;34;38;43;48;51;52
555;01.08.2011;2;3;9;10;12;13;16;17;19;24;27;36;39;42;44;49;51;53;54;56
556;02.08.2011;1;2;9;11;13;17;19;22;23;34;35;36;38;40;44;48;50;56;59;60
557;03.08.2011;1;4;6;8;9;10;15;16;18;20;22;26;27;36;47;51;52;54;56;59
558;04.08.2011;1;2;8;11;14;16;19;29;31;35;37;46;48;50;52;53;54;55;57;60
559;05.08.2011;2;3;5;10;14;16;19;24;29;33;38;40;42;46;47;49;52;55;56;58
560;06.08.2011;3;4;5;6;7;10;12;13;22;25;27;32;43;44;45;47;48;52;55;58
561;07.08.2011;3;4;6;7;16;18;21;23;25;27;30;38;39;42;44;47;49;50;51;59
562;08.08.2011;3;10;12;14;19;26;27;28;38;42;43;44;45;46;49;51;54;55;57;59
563;09.08.2011;1;2;3;4;6;8;12;15;17;20;27;28;30;34;35;38;41;46;50;56
564;10.08.2011;3;4;8;12;13;19;28;30;33;35;37;39;40;42;45;49;53;57;59;60
565;11.08.2011;3;9;10;13;15;18;25;28;31;33;38;39;40;41;43;46;47;48;54;57
566;12.08.2011;1;3;5;7;8;11;16;19;20;30;33;34;37;40;41;43;45;51;54;55
567;13.08.2011;2;5;7;11;16;20;22;24;27;31;32;42;44;45;46;50;51;54;57;59
568;14.08.2011;1;17;18;24;25;26;28;30;31;33;34;36;40;42;43;49;52;53;55;56
569;15.08.2011;1;4;9;11;18;21;26;28;34;35;38;39;42;45;49;50;51;52;53;54
570;16.08.2011;1;11;14;17;19;27;28;34;35;38;41;45;46;47;48;51;54;55;58;59
571;17.08.2011;1;2;3;4;7;13;16;17;20;21;31;34;35;38;42;44;45;51;52;54
572;18.08.2011;1;8;9;20;24;26;27;28;30;31;39;40;43;44;46;48;52;54;55;56
573;19.08.2011;3;5;6;8;10;13;14;15;19;20;22;25;26;27;32;37;46;48;57;58
574;20.08.2011;1;3;4;14;23;24;26;30;31;32;33;36;39;44;45;46;48;52;56;60
575;21.08.2011;3;4;7;8;12;20;24;32;33;34;36;41;42;46;52;54;55;56;58;59
576;22.08.2011;4;5;9;10;11;14;15;17;21;25;28;33;34;46;47;49;50;52;55;57
577;23.08.2011;1;2;3;8;9;13;15;21;22;24;32;33;36;37;38;43;45;52;57;58
578;24.08.2011;7;9;11;14;15;16;20;23;24;28;31;34;38;42;43;45;47;55;58;60
579;25.08.2011;1;4;5;6;12;13;17;18;25;28;30;32;33;35;44;46;47;52;54;55
580;26.08.2011;6;9;10;11;14;18;23;26;28;32;33;34;39;41;46;49;50;51;52;57
581;27.08.2011;2;5;7;11;17;27;29;31;32;33;34;37;39;45;46;49;50;51;54;56
582;28.08.2011;2;6;7;8;9;11;14;17;27;29;32;35;38;44;48;49;51;53;54;57
583;29.08.2011;5;6;8;9;11;13;14;20;23;24;28;36;38;39;43;47;48;51;55;57
584;30.08.2011;1;3;10;12;16;18;23;24;28;31;35;39;40;43;44;45;46;47;51;53
585;31.08.2011;1;5;9;11;13;17;20;21;23;26;29;33;39;40;43;52;53;54;55;57
586;01.09.2011;4;9;11;15;22;23;26;28;29;31;34;42;44;45;46;47;49;56;59;60
587;02.09.2011;4;10;12;16;18;23;24;25;30;31;33;36;37;39;40;43;50;55;56;59
588;03.09.2011;1;5;13;14;17;18;19;21;24;25;26;29;42;43;45;48;50;51;54;56
589;04.09.2011;9;12;13;14;19;20;27;31;32;36;37;43;44;45;46;47;48;56;59;60
590;05.09.2011;2;4;6;7;8;16;20;22;32;34;36;44;49;50;51;53;56;57;58;59
591;06.09.2011;6;7;12;17;18;20;22;26;30;39;40;43;44;46;47;50;52;53;56;57
592;07.09.2011;3;7;9;10;12;14;20;21;25;27;32;34;35;38;42;47;49;50;55;56
593;08.09.2011;3;4;8;9;18;23;28;32;33;36;37;40;44;45;47;52;53;55;56;59
594;09.09.2011;4;6;7;9;10;17;22;23;24;26;34;37;42;43;46;47;48;49;52;59
595;10.09.2011;6;7;9;11;12;20;21;22;24;25;27;30;31;33;34;37;38;39;45;50
596;11.09.2011;1;6;7;8;11;12;13;24;25;32;33;38;41;42;43;47;51;56;57;58
597;12.09.2011;2;4;5;10;14;15;16;19;23;27;28;30;37;38;42;44;47;48;58;59
598;13.09.2011;7;8;14;19;20;26;30;31;32;36;38;41;42;50;51;52;56;57;58;59
599;14.09.2011;6;14;15;17;19;24;28;29;35;36;37;38;40;41;45;47;50;52;55;58
600;15.09.2011;2;3;6;8;14;15;18;20;26;35;38;39;42;44;46;49;50;52;54;58
601;16.09.2011;1;2;4;5;6;9;16;23;24;25;27;29;31;33;35;36;38;50;51;55
602;17.09.2011;1;2;5;7;11;13;22;24;25;27;31;32;38;46;52;54;55;56;59;60
603;18.09.2011;1;5;7;8;9;18;21;25;28;31;32;33;35;49;50;52;53;54;58;59
604;19.09.2011;2;3;4;7;13;16;17;21;25;28;33;34;39;41;44;46;47;49;50;58
605;20.09.2011;3;4;6;10;13;15;18;19;20;22;28;34;38;39;43;45;51;53;54;56
606;21.09.2011;1;13;17;20;23;25;26;31;35;37;38;40;41;45;50;51;55;56;58;60
607;22.09.2011;1;4;5;6;12;16;17;18;23;25;26;28;30;38;39;41;47;51;52;60
608;23.09.2011;2;8;10;16;17;26;29;30;31;35;36;37;38;40;42;43;48;55;57;59
609;24.09.2011;5;6;7;16;21;23;24;26;27;28;29;33;34;36;45;48;52;53;55;59
610;25.09.2011;6;10;16;17;24;26;27;28;30;34;35;38;40;41;43;45;48;50;56;60
611;26.09.2011;8;10;11;12;14;15;17;21;22;25;27;28;31;33;35;43;51;54;55;59
612;27.09.2011;2;3;5;8;11;19;20;21;23;32;33;35;36;37;38;41;43;44;52;56
613;28.09.2011;2;4;6;7;12;14;16;17;20;28;39;44;48;50;51;53;54;55;56;58
614;29.09.2011;2;6;7;8;10;11;22;26;27;30;32;33;35;37;40;43;46;51;54;58
615;30.09.2011;13;15;17;19;22;26;30;31;32;33;34;37;39;40;43;44;46;48;52;56
616;01.10.2011;2;4;5;6;8;10;12;21;25;30;34;38;42;44;47;51;54;57;58;59
617;02.10.2011;4;7;9;12;14;19;21;24;28;30;31;32;33;35;40;42;50;56;57;58
618;03.10.2011;1;2;5;6;7;10;15;20;23;24;25;33;41;45;46;47;49;50;51;59
619;04.10.2011;1;3;6;12;17;19;24;25;26;30;34;36;38;39;45;46;53;54;56;58
620;05.10.2011;5;6;7;9;10;11;12;13;15;18;19;25;26;28;30;32;39;42;43;44
621;06.10.2011;2;5;11;12;19;20;24;26;27;30;32;37;39;40;42;44;47;49;57;59
622;07.10.2011;3;6;8;10;11;14;15;19;23;28;30;31;36;38;40;44;47;48;53;59
623;08.10.2011;4;7;9;11;20;22;23;25;27;28;29;32;33;34;35;39;45;49;51;60
624;09.10.2011;3;5;7;9;10;13;15;17;21;24;25;29;36;40;42;43;44;47;51;53
625;10.10.2011;1;3;4;5;12;14;15;21;22;24;26;27;29;35;39;41;46;51;54;55
626;11.10.2011;3;5;11;13;14;18;22;24;27;29;32;33;39;40;44;46;47;55;57;58
627;12.10.2011;5;8;9;10;13;14;23;26;28;30;32;37;38;39;43;45;47;51;52;57
628;13.10.2011;11;14;21;22;23;25;26;27;29;34;35;38;42;45;46;49;51;54;58;60
629;14.10.2011;5;9;11;13;14;17;19;21;22;26;35;40;41;45;47;49;51;52;54;60
630;15.10.2011;4;8;15;17;19;21;23;25;28;32;33;35;37;38;42;44;47;48;57;60
631;16.10.2011;2;5;8;12;16;23;27;28;30;35;37;39;40;43;45;48;51;55;56;60
632;17.10.2011;5;6;7;8;12;14;22;23;24;26;28;29;34;41;46;50;51;53;54;59
633;18.10.2011;2;5;14;15;17;27;28;31;32;34;36;37;38;40;49;51;52;53;57;58
634;19.10.2011;1;2;6;9;14;16;19;20;22;27;31;37;38;39;40;46;47;48;51;60
635;20.10.2011;1;5;9;10;12;17;20;22;24;25;26;33;35;42;43;44;46;48;56;60
636;21.10.2011;1;2;6;7;9;12;13;14;19;20;23;24;27;30;32;35;40;44;54;60
637;22.10.2011;2;7;8;16;19;20;21;24;32;34;38;40;41;42;44;47;51;55;57;60
638;23.10.2011;13;14;17;21;23;24;27;29;33;36;38;43;45;46;47;48;53;55;56;57
639;24.10.2011;1;6;8;11;14;15;19;21;28;29;30;31;36;39;54;55;57;58;59;60
640;25.10.2011;9;10;13;23;24;26;27;28;29;32;33;39;41;46;47;50;52;55;57;59
641;26.10.2011;3;6;7;10;11;19;23;24;26;27;28;30;31;32;36;37;44;51;53;56
642;27.10.2011;1;3;7;15;16;17;23;26;30;31;35;39;42;46;47;49;50;51;53;54
643;28.10.2011;1;3;4;6;11;16;18;26;28;29;30;34;35;36;38;39;51;56;57;60
644;29.10.2011;2;8;12;13;16;17;19;20;23;25;26;33;34;38;46;47;51;56;57;60
645;30.10.2011;3;5;10;12;14;16;20;21;24;26;28;31;44;46;48;49;50;52;54;60
646;31.10.2011;3;5;11;12;17;19;20;23;27;28;31;40;45;50;51;52;53;56;57;60
647;01.11.2011;1;4;9;12;14;18;20;21;25;29;34;35;39;41;45;49;50;51;54;59
648;02.11.2011;3;14;16;17;18;20;22;23;24;25;26;41;43;44;45;49;51;55;58;59
649;03.11.2011;1;4;5;8;14;15;19;21;23;25;39;40;42;47;48;49;53;57;59;60
650;04.11.2011;2;3;4;5;10;11;13;14;18;19;21;23;28;29;35;36;45;46;48;57
651;05.11.2011;5;7;15;18;19;21;22;27;29;30;31;34;38;42;45;47;54;56;57;60
652;06.11.2011;5;11;12;16;20;25;28;30;31;32;34;40;41;42;46;47;48;49;51;57
653;07.11.2011;2;4;14;17;20;23;24;27;28;35;38;42;44;45;46;47;51;52;54;60
654;08.11.2011;2;3;7;11;14;15;16;24;31;33;34;37;39;45;48;54;56;57;59;60
655;09.11.2011;9;11;20;22;23;24;28;31;35;37;41;42;45;46;47;48;50;53;57;59
656;10.11.2011;3;9;12;19;23;26;28;30;33;34;36;38;39;43;45;47;49;53;56;59
657;11.11.2011;6;9;10;11;19;20;21;23;26;29;30;32;40;41;43;49;50;51;52;54
658;12.11.2011;1;2;6;13;14;17;21;23;24;27;30;32;35;36;40;45;47;52;55;58
659;13.11.2011;3;9;10;12;15;17;20;21;22;26;30;32;41;44;46;49;52;54;57;60
660;14.11.2011;6;17;19;21;23;25;26;27;28;29;30;33;35;41;42;43;46;48;55;56
661;15.11.2011;4;5;6;13;14;17;21;26;27;29;31;33;34;37;42;45;46;49;51;58
662;16.11.2011;1;4;5;7;12;13;21;24;25;26;27;30;32;35;36;40;44;50;55;56
663;17.11.2011;4;9;10;14;15;18;19;21;23;26;32;33;34;35;41;42;47;49;50;51
664;18.11.2011;4;9;16;19;21;22;24;25;26;29;32;34;43;47;48;49;52;55;57;60
665;19.11.2011;1;3;5;6;7;10;11;12;13;16;17;23;27;32;38;43;45;50;51;57
666;20.11.2011;2;3;4;6;9;14;16;17;21;27;29;31;32;34;35;36;37;38;39;49
667;21.11.2011;5;10;13;16;20;22;24;26;29;33;40;41;42;46;48;53;54;55;59;60
668;22.11.2011;5;6;12;15;19;20;22;23;30;31;34;35;40;42;43;44;51;55;58;60
669;23.11.2011;5;7;11;16;18;31;32;33;34;36;40;41;43;44;45;49;50;54;55;58
670;24.11.2011;2;3;5;8;9;12;16;19;26;27;32;33;36;37;40;48;49;52;53;60
671;25.11.2011;1;2;3;4;10;11;16;18;21;23;24;25;27;30;38;42;46;49;56;60
672;26.11.2011;1;3;7;8;10;12;13;21;23;25;27;32;35;38;39;43;47;49;50;59
673;27.11.2011;1;5;6;11;21;23;25;27;29;35;36;37;41;42;47;53;54;55;56;57
674;28.11.2011;2;3;4;7;10;18;19;22;24;26;28;30;32;38;40;41;48;53;57;58
675;29.11.2011;3;5;9;10;14;18;20;21;23;24;25;29;33;39;43;44;46;47;52;54
676;30.11.2011;1;9;10;11;15;18;20;22;24;27;32;34;40;42;46;47;49;54;57;59
677;01.12.2011;5;7;8;9;10;13;14;16;20;21;24;31;37;42;43;48;49;50;53;60
678;02.12.2011;3;7;8;12;13;16;19;20;21;22;24;31;35;39;43;47;50;54;55;57
679;03.12.2011;2;4;5;6;15;18;19;24;25;26;30;35;37;42;43;46;48;54;55;58
680;04.12.2011;5;9;11;12;14;18;20;22;24;27;31;33;36;37;38;39;45;48;50;52
681;05.12.2011;6;9;10;11;12;16;20;22;27;29;31;36;37;38;39;42;50;52;54;60
682;06.12.2011;4;6;7;10;12;23;30;31;32;39;40;41;42;50;51;52;53;54;57;58
683;07.12.2011;7;8;9;11;15;17;18;19;21;25;26;27;40;43;46;50;51;54;58;59
684;08.12.2011;1;3;4;5;6;13;16;17;18;21;27;30;32;33;34;41;46;48;52;59
685;09.12.2011;4;6;9;10;11;12;14;16;18;21;25;33;34;36;39;45;46;50;58;60
686;10.12.2011;1;6;8;14;20;23;24;28;36;37;38;39;40;44;45;53;54;55;57;59
687;11.12.2011;4;7;9;10;13;16;17;18;21;29;31;33;37;41;42;44;49;50;55;57
688;12.12.2011;3;4;10;15;17;22;23;25;29;31;32;42;44;52;53;55;57;58;59;60
689;13.12.2011;2;3;6;16;17;18;21;23;25;27;31;33;34;39;42;43;50;53;55;57
690;14.12.2011;1;8;9;18;19;22;26;27;28;31;34;42;43;49;51;52;55;57;58;59
691;15.12.2011;1;3;5;6;7;9;17;19;26;29;30;32;37;41;43;44;45;56;58;60
692;16.12.2011;2;5;6;8;12;17;19;22;25;28;30;36;43;51;52;55;56;57;59;60
693;17.12.2011;3;10;14;16;20;26;28;30;32;36;38;40;43;46;49;50;51;53;54;58
694;18.12.2011;1;6;8;9;17;18;22;24;28;30;32;42;43;46;49;53;55;56;57;59
695;19.12.2011;5;9;10;12;17;18;19;21;30;37;39;40;41;42;45;48;50;51;58;59
696;20.12.2011;2;9;16;19;26;27;29;31;32;33;35;39;46;49;51;52;54;55;56;60
697;21.12.2011;4;5;9;12;15;17;24;27;29;31;32;35;41;42;45;47;49;53;54;57
698;22.12.2011;3;4;6;9;17;18;21;22;24;25;27;29;33;34;35;42;43;51;56;60
699;23.12.2011;1;14;15;18;23;25;26;31;34;35;37;38;43;44;47;49;51;54;55;59
700;24.12.2011;2;10;11;14;18;21;24;28;29;33;39;41;42;44;45;46;47;49;56;57
701;25.12.2011;6;8;9;11;12;14;19;21;25;32;33;34;35;38;42;49;56;57;58;59
702;26.12.2011;1;2;3;9;10;11;15;17;27;31;32;36;39;46;47;48;49;52;56;59
703;27.12.2011;3;10;17;19;22;24;27;29;33;34;36;40;43;45;48;50;53;55;57;58
704;28.12.2011;2;3;6;10;12;17;20;21;22;25;26;33;35;37;38;41;44;45;53;58
705;29.12.2011;4;6;7;8;11;18;19;25;28;29;35;36;37;38;46;50;52;53;59;60
706;30.12.2011;3;6;8;9;10;14;20;21;23;26;28;37;39;40;42;49;52;54;55;58
707;31.12.2011;1;2;4;6;7;11;16;18;21;22;23;33;36;40;45;47;49;52;54;59
708;01.01.2012;2;8;15;18;20;23;29;30;34;36;41;44;47;48;50;54;55;56;57;60
709;02.01.2012;2;3;7;10;12;14;16;21;24;25;26;28;30;31;33;40;46;48;50;59
710;03.01.2012;1;3;5;17;18;22;23;27;30;35;36;38;44;47;49;51;53;54;56;58
711;04.01.2012;3;8;9;10;14;15;17;20;24;29;31;35;38;39;41;44;46;49;52;60
712;05.01.2012;2;3;7;8;10;17;21;23;26;30;35;36;38;39;42;45;52;54;58;60
713;06.01.2012;2;5;8;10;11;12;13;14;23;29;31;36;40;45;48;50;51;52;56;60
714;07.01.2012;4;6;7;8;14;15;19;30;31;32;33;35;37;40;45;46;47;54;55;56
715;08.01.2012;2;3;13;14;15;16;18;20;22;26;38;39;43;47;49;54;55;56;58;60
716;09.01.2012;1;4;12;13;17;19;21;23;24;25;26;28;29;40;45;49;52;54;57;58
717;10.01.2012;5;6;7;9;15;16;18;20;21;23;24;28;30;32;33;39;40;48;54;57
718;11.01.2012;2;5;8;13;14;26;27;29;33;36;37;38;40;46;47;48;50;52;53;57
719;12.01.2012;3;6;7;10;17;18;21;25;27;28;30;34;35;36;39;43;46;47;49;59
720;13.01.2012;1;4;5;8;15;17;24;25;26;32;37;40;43;50;54;56;57;58;59;60
721;14.01.2012;9;12;14;17;28;34;37;39;42;44;45;46;47;49;50;54;55;57;59;60
722;15.01.2012;1;10;13;14;17;18;23;24;28;29;30;33;35;40;41;44;45;49;58;60
723;16.01.2012;9;16;17;18;19;21;24;27;28;33;35;36;38;40;41;45;46;52;54;60
724;17.01.2012;5;9;11;17;19;23;25;26;28;36;40;41;42;43;44;47;48;50;53;54
725;18.01.2012;2;3;9;12;14;17;18;20;22;23;24;30;32;37;42;44;45;48;52;58
726;19.01.2012;1;6;11;13;19;20;21;22;23;25;26;33;35;38;42;51;53;56;58;59
727;20.01.2012;8;12;17;20;21;24;25;35;36;37;39;40;42;44;46;48;52;53;56;57
728;21.01.2012;2;4;9;10;12;13;21;22;25;30;31;33;37;40;41;44;46;48;50;56
729;22.01.2012;1;6;16;17;20;21;25;26;27;31;33;36;37;40;45;47;48;50;53;55
730;23.01.2012;6;13;16;27;28;33;34;35;38;39;40;44;45;46;47;50;53;55;57;58
731;24.01.2012;3;6;7;9;10;18;20;21;29;31;33;34;38;40;42;46;56;57;58;60
732;25.01.2012;1;5;7;9;10;13;14;18;24;28;34;35;39;45;46;47;48;51;52;56
733;26.01.2012;3;5;6;13;15;16;26;31;34;36;37;38;40;42;43;44;45;50;55;60
734;27.01.2012;4;6;7;11;15;19;23;25;30;35;36;39;42;47;48;49;50;53;54;60
735;28.01.2012;1;2;10;12;15;18;23;26;28;30;33;34;45;46;48;50;52;55;59;60
736;29.01.2012;4;9;15;17;18;21;23;24;25;29;31;33;34;36;39;40;47;49;57;58
737;30.01.2012;2;3;4;5;12;15;17;24;26;30;31;34;36;40;43;44;47;50;53;54
738;31.01.2012;6;9;11;12;13;14;27;28;30;31;33;34;35;38;39;43;44;45;56;57
739;01.02.2012;6;7;8;11;13;21;22;27;28;29;32;35;36;37;40;47;52;54;55;56
740;02.02.2012;4;7;9;11;14;16;21;28;30;31;32;41;44;45;46;47;51;55;57;60
741;03.02.2012;5;7;12;15;19;29;30;31;32;36;38;40;43;44;48;53;54;56;57;60
742;04.02.2012;2;8;9;11;15;16;20;22;23;36;38;42;48;51;54;55;56;57;58;59
743;05.02.2012;2;4;6;9;10;14;17;19;22;25;31;33;39;41;43;48;49;57;59;60
744;06.02.2012;3;4;9;10;12;13;19;22;28;30;37;44;45;47;50;51;52;53;56;57
745;07.02.2012;3;5;9;12;20;21;22;25;27;28;30;34;36;41;42;44;48;54;58;60
746;08.02.2012;3;5;7;12;13;14;17;19;22;25;27;28;34;37;38;41;47;48;58;60
747;09.02.2012;1;9;12;15;18;22;24;25;27;28;31;35;38;40;42;46;50;54;56;58
748;10.02.2012;2;5;9;12;20;25;28;29;31;33;36;37;39;44;49;50;53;55;58;60
749;11.02.2012;6;7;12;13;20;21;22;25;26;29;30;36;38;41;43;49;53;55;57;60
750;12.02.2012;1;2;4;7;12;13;16;19;20;24;27;33;34;35;38;39;40;41;47;54
751;13.02.2012;1;6;16;17;18;22;23;24;25;28;29;30;34;40;41;43;53;56;57;60
752;14.02.2012;6;11;13;16;19;22;23;24;27;29;30;33;35;38;39;40;41;48;54;55
753;15.02.2012;1;3;7;9;10;23;28;30;36;41;44;45;46;47;52;53;54;55;57;60
754;16.02.2012;4;5;6;7;10;12;17;21;25;26;31;33;34;40;42;43;47;49;57;60
755;17.02.2012;4;7;8;11;12;13;16;18;23;26;28;37;43;44;45;46;52;54;56;60
756;18.02.2012;1;4;5;12;18;21;22;24;25;28;31;33;35;39;40;46;51;55;58;59
757;19.02.2012;1;4;9;11;13;15;16;17;21;24;25;28;32;35;37;39;44;46;57;58
758;20.02.2012;2;7;14;15;16;17;18;22;28;29;33;35;36;39;46;48;53;55;57;60
759;21.02.2012;2;7;8;10;11;18;23;25;28;32;35;37;39;41;45;46;47;51;56;60
760;22.02.2012;1;5;6;7;11;16;20;24;26;28;30;32;33;35;41;42;44;47;53;60
761;23.02.2012;1;2;3;4;5;7;8;17;22;24;27;28;36;48;49;50;55;57;58;59
762;24.02.2012;1;3;11;12;17;20;22;24;29;30;31;33;36;37;38;39;48;58;59;60
763;25.02.2012;3;5;6;7;11;17;18;20;21;23;25;33;35;36;40;41;44;47;56;58
764;26.02.2012;2;4;6;8;9;10;12;14;27;29;31;32;34;37;39;40;46;47;57;60
765;27.02.2012;7;8;9;11;12;13;14;23;27;28;31;35;37;39;40;46;48;51;54;57
766;28.02.2012;3;11;14;17;20;21;22;27;31;42;44;45;47;48;54;55;56;58;59;60
767;29.02.2012;2;6;10;11;21;23;30;31;39;40;44;45;48;50;52;54;55;56;58;59
768;01.03.2012;4;5;7;8;9;10;13;19;21;25;28;32;33;35;37;46;47;51;57;59
769;02.03.2012;7;10;16;17;22;26;27;32;35;37;38;42;44;46;49;50;53;54;57;60
770;03.03.2012;10;18;19;20;23;27;29;30;32;34;35;36;37;41;43;55;56;58;59;60
771;04.03.2012;1;3;6;9;12;15;20;24;26;28;29;34;35;43;45;48;54;55;57;59
772;05.03.2012;5;12;13;18;21;22;23;24;25;27;29;30;35;40;42;46;49;55;58;59
773;06.03.2012;4;13;14;15;16;17;20;22;24;26;28;31;33;36;38;43;44;53;57;60
774;07.03.2012;4;6;8;11;16;17;23;27;28;29;30;34;36;38;41;49;50;54;58;60
775;08.03.2012;3;5;6;8;9;13;15;16;17;23;25;26;27;40;41;42;46;49;52;53
776;09.03.2012;1;8;11;13;15;21;22;27;30;31;34;40;41;43;45;53;55;56;57;59
777;10.03.2012;1;4;5;9;11;18;19;20;21;22;25;26;30;31;42;47;55;56;57;58
778;11.03.2012;9;10;11;12;14;17;20;24;26;30;32;33;34;36;39;47;51;53;57;58
779;12.03.2012;1;6;7;10;12;14;16;18;19;24;27;30;37;39;41;46;51;54;56;60
780;13.03.2012;3;5;8;16;19;25;34;35;36;38;42;43;45;47;48;49;50;55;58;59
781;14.03.2012;3;4;8;10;11;12;14;15;18;20;23;32;35;37;38;41;42;47;51;60
782;15.03.2012;5;6;7;8;9;12;15;16;18;28;33;35;39;40;49;50;51;57;59;60
783;16.03.2012;3;5;6;8;9;13;16;17;19;21;23;24;33;35;37;41;45;47;48;49
784;17.03.2012;3;10;15;20;24;30;32;36;37;39;41;43;45;47;48;51;54;55;57;60
785;18.03.2012;1;3;7;8;10;12;16;17;18;22;26;29;31;37;41;46;50;51;57;59
786;19.03.2012;3;8;9;12;13;15;16;24;25;27;31;33;40;43;44;46;47;49;50;53
787;20.03.2012;6;7;10;12;16;18;22;28;29;32;35;44;46;50;52;53;54;55;57;58
788;21.03.2012;3;6;10;11;12;13;15;16;24;27;29;31;32;34;36;42;44;45;47;55
789;22.03.2012;7;10;12;14;15;16;18;19;27;32;36;39;41;43;47;55;56;57;59;60
790;23.03.2012;3;9;13;14;19;20;23;25;28;31;34;36;37;39;42;43;44;47;51;53
791;24.03.2012;3;9;10;14;24;28;29;30;31;33;35;37;38;39;48;50;52;57;59;60
792;25.03.2012;1;2;4;9;11;12;20;21;22;25;26;35;38;39;40;44;48;52;56;57
793;26.03.2012;3;5;15;20;23;25;26;33;36;38;39;40;42;43;44;46;49;51;55;57
794;27.03.2012;3;13;15;18;20;22;23;27;35;38;39;43;44;48;49;50;51;52;53;54
795;28.03.2012;1;3;4;7;9;13;15;18;23;29;30;32;33;35;43;47;49;57;58;59
796;29.03.2012;2;3;4;9;15;16;17;26;33;36;37;40;42;48;49;51;53;58;59;60
797;30.03.2012;1;2;7;14;17;20;21;23;28;29;31;38;40;41;42;44;54;55;58;59
798;31.03.2012;1;4;6;7;11;14;16;17;22;23;25;26;28;30;33;37;41;47;53;54
799;01.04.2012;1;2;3;8;12;14;18;19;20;27;29;30;39;41;42;43;47;49;53;58
800;02.04.2012;9;13;17;18;23;28;29;34;35;36;37;38;39;40;43;49;53;54;57;58
801;03.04.2012;1;2;9;11;12;13;15;18;23;24;28;32;35;36;42;44;48;49;58;59
802;04.04.2012;1;6;7;12;17;19;22;25;27;28;29;31;35;36;40;42;43;49;56;58
803;05.04.2012;4;6;9;12;13;19;23;25;27;28;31;34;36;42;43;49;51;53;54;59
804;06.04.2012;2;3;6;7;10;11;13;19;23;30;32;34;46;48;49;50;51;52;56;57
805;07.04.2012;2;11;18;22;28;29;31;38;39;40;43;44;48;49;53;55;56;57;58;60
806;08.04.2012;6;9;11;14;16;17;19;22;25;26;32;37;39;40;42;47;48;49;50;59
807;09.04.2012;4;5;10;11;14;16;18;19;20;22;23;26;27;28;37;42;48;51;54;56
808;10.04.2012;7;11;16;17;22;23;24;26;27;30;31;32;36;38;40;42;45;51;56;58
809;11.04.2012;1;2;12;17;18;23;29;31;33;36;39;40;41;44;50;51;52;54;55;56
810;12.04.2012;1;2;3;10;13;15;16;20;22;26;28;29;33;34;38;44;47;48;50;53
811;13.04.2012;4;6;13;14;16;18;21;28;29;33;34;35;38;40;43;47;50;53;55;60
812;14.04.2012;7;9;13;14;15;23;25;26;29;30;31;35;36;37;42;49;51;54;55;60
813;15.04.2012;2;4;5;6;11;12;13;15;16;17;22;28;32;35;40;42;45;50;54;57
814;16.04.2012;1;3;4;7;10;11;13;14;18;21;24;31;37;38;41;42;46;47;52;59
815;17.04.2012;1;3;6;8;12;13;17;21;23;27;37;42;44;46;49;51;54;55;56;57
816;18.04.2012;3;5;7;11;17;20;22;24;25;26;29;30;31;36;40;41;42;49;53;59
817;19.04.2012;1;2;8;9;10;12;17;18;20;27;28;35;37;40;44;48;53;54;57;60
818;20.04.2012;1;2;6;11;13;15;21;22;25;27;29;30;32;36;37;43;46;48;51;54
819;21.04.2012;4;6;7;8;9;10;14;16;19;23;28;30;32;37;45;46;50;57;58;60
820;22.04.2012;1;2;3;10;12;19;22;23;25;31;32;33;35;36;38;44;45;47;48;52
821;23.04.2012;2;4;5;6;17;20;22;26;27;28;31;32;37;46;47;53;54;56;59;60
822;24.04.2012;1;2;3;4;5;7;12;14;17;21;22;39;40;41;42;43;51;52;53;59
823;25.04.2012;2;6;7;8;9;10;12;21;22;28;32;35;40;41;45;46;47;48;53;57
824;26.04.2012;1;3;4;6;9;11;13;16;17;19;32;40;43;45;47;48;54;55;57;60
825;27.04.2012;1;4;7;10;18;20;24;28;30;39;42;43;45;46;48;49;51;54;55;56
826;28.04.2012;2;12;22;23;27;29;32;34;37;38;40;41;42;43;44;45;49;50;55;57
827;29.04.2012;3;5;6;7;9;12;18;21;23;29;31;36;38;42;44;52;55;56;59;60
828;30.04.2012;2;4;5;6;9;10;15;19;21;22;24;27;29;37;41;42;43;49;52;58
829;01.05.2012;1;3;6;10;15;16;18;20;22;24;25;26;29;35;40;43;48;50;54;59
830;02.05.2012;1;2;3;7;9;18;19;25;32;34;36;37;38;45;48;49;52;53;56;60
831;03.05.2012;1;6;10;14;15;16;25;28;30;34;37;41;42;43;44;48;50;56;58;59
832;04.05.2012;1;7;18;21;23;24;25;28;30;34;35;36;37;38;40;44;45;53;54;59
833;05.05.2012;5;6;7;12;15;16;19;27;30;31;37;38;42;44;45;46;55;58;59;60
834;06.05.2012;1;3;4;5;10;12;16;23;25;26;28;31;38;40;41;44;47;50;53;57
835;07.05.2012;3;6;9;11;13;14;18;26;28;30;32;35;38;39;44;45;46;47;48;55
836;08.05.2012;2;9;11;16;17;18;26;27;37;38;39;40;41;45;46;47;50;51;58;59
837;09.05.2012;1;4;6;11;12;17;21;23;24;27;30;35;39;43;44;45;52;55;58;60
838;10.05.2012;1;3;4;5;7;15;20;21;22;23;29;34;35;36;40;44;46;55;56;60
839;11.05.2012;4;8;11;13;14;15;17;23;24;25;26;34;37;40;44;45;47;49;53;54
840;12.05.2012;1;3;4;8;10;18;20;25;26;28;29;30;32;36;40;47;49;50;52;56
841;13.05.2012;2;3;5;8;11;14;19;23;31;34;38;39;40;42;45;48;49;52;53;56
842;14.05.2012;6;8;10;13;16;21;25;28;30;31;33;34;36;39;41;42;48;49;51;60
843;15.05.2012;4;7;8;9;14;15;26;28;29;30;34;43;46;48;49;50;53;55;56;59
844;16.05.2012;1;2;3;7;12;16;24;28;30;31;32;33;35;37;47;48;52;58;59;60
845;17.05.2012;3;7;14;15;18;19;23;28;29;30;31;32;34;38;40;41;43;50;55;58
846;18.05.2012;4;6;7;17;18;24;26;29;30;32;35;36;37;43;45;48;49;50;55;57
847;19.05.2012;1;2;6;8;11;14;16;21;22;30;32;33;35;36;39;42;43;51;53;58
848;20.05.2012;4;7;11;12;14;19;21;22;30;32;34;35;37;48;50;52;53;56;59;60
849;21.05.2012;1;3;5;6;8;9;10;12;16;22;26;32;39;40;45;46;47;52;53;60
850;22.05.2012;3;4;13;15;18;19;24;26;29;31;32;34;38;40;48;51;52;54;55;60
851;23.05.2012;1;2;5;7;8;9;21;23;27;32;33;37;38;41;43;44;54;55;58;60
852;24.05.2012;2;4;5;6;8;10;11;12;14;16;17;22;25;27;28;33;34;35;56;60
853;25.05.2012;1;2;4;6;8;9;17;21;27;29;30;35;36;37;38;43;46;52;55;56
854;26.05.2012;3;4;8;9;11;12;17;24;28;30;32;36;39;41;44;47;54;55;56;59
855;27.05.2012;2;4;9;12;14;16;17;29;33;34;35;38;43;45;46;48;49;54;55;59
856;28.05.2012;3;7;9;10;13;18;25;33;34;37;40;41;43;45;48;49;51;54;57;60
857;29.05.2012;1;3;4;6;7;8;10;11;13;14;17;19;22;29;31;35;45;48;52;55
858;30.05.2012;1;3;4;6;10;11;12;13;21;28;32;36;37;38;40;41;45;54;55;56
859;31.05.2012;3;7;8;9;12;15;16;25;26;28;29;32;33;36;37;47;49;53;56;60
860;01.06.2012;5;9;11;13;14;15;16;19;21;29;31;33;35;38;39;41;45;49;50;57
861;02.06.2012;1;3;8;13;16;21;22;28;30;32;33;37;44;46;47;48;49;50;52;53
862;03.06.2012;2;5;6;7;8;13;18;19;20;25;32;33;34;36;39;43;53;56;59;60
863;04.06.2012;1;2;3;5;7;8;11;14;15;16;23;35;40;43;44;45;50;51;53;55
864;05.06.2012;5;6;8;14;21;22;26;27;29;30;32;39;48;49;51;53;54;55;57;58
865;06.06.2012;1;2;3;9;16;20;23;26;30;38;40;44;47;48;51;53;54;57;58;60
866;07.06.2012;1;2;4;5;6;7;13;14;15;17;19;26;30;40;42;45;47;48;51;54
867;08.06.2012;1;3;8;9;14;15;18;19;23;24;25;34;38;39;43;45;49;51;52;53
868;09.06.2012;1;2;8;10;11;17;18;22;23;35;36;40;43;44;48;52;54;56;58;59
869;10.06.2012;4;7;13;14;15;21;24;29;30;32;33;38;39;41;44;45;49;50;53;56
870;11.06.2012;6;13;17;21;22;24;25;26;28;32;36;37;39;42;46;48;49;56;57;59
871;12.06.2012;4;9;11;15;16;17;18;21;22;24;31;33;35;37;43;45;49;53;59;60
872;13.06.2012;2;5;10;14;15;16;17;18;19;20;21;22;23;25;26;46;47;54;57;59
873;14.06.2012;2;4;8;9;13;19;22;24;26;28;29;33;44;45;46;48;50;53;58;60
874;15.06.2012;1;4;9;18;22;30;31;32;34;36;43;44;45;46;49;50;53;56;57;59
875;16.06.2012;2;3;11;17;18;21;22;24;25;30;34;40;41;45;46;49;52;57;58;60
876;17.06.2012;2;3;4;12;13;16;17;18;20;28;30;32;34;39;43;53;55;58;59;60
877;18.06.2012;2;3;4;5;9;14;19;20;21;22;29;33;34;36;43;48;54;56;58;60
878;19.06.2012;1;4;6;11;12;13;16;17;23;24;27;28;30;32;34;40;44;47;48;55
879;20.06.2012;1;6;7;9;13;18;22;24;26;27;29;30;33;36;38;44;46;51;56;57
880;21.06.2012;10;14;16;21;22;25;26;28;29;31;33;34;36;43;45;46;49;53;54;58
881;22.06.2012;1;2;3;4;5;7;9;10;14;20;21;24;28;30;41;44;49;51;52;54
882;23.06.2012;5;7;11;15;19;20;22;25;28;29;31;43;44;46;49;52;53;55;56;58
883;24.06.2012;3;5;8;9;12;15;20;25;32;35;36;39;42;43;47;48;49;51;52;56
884;25.06.2012;3;8;9;12;14;15;18;19;25;27;30;31;32;38;45;51;55;57;59;60
885;26.06.2012;3;8;12;15;19;23;25;27;28;29;30;34;41;43;44;47;50;51;59;60
886;27.06.2012;1;2;4;9;10;11;17;18;20;23;24;29;39;40;43;46;47;48;51;58
887;28.06.2012;2;6;7;9;12;15;16;19;21;32;34;37;38;40;42;48;50;51;53;57
888;29.06.2012;2;4;11;12;13;14;21;22;25;26;32;34;37;39;42;45;46;50;57;58
889;30.06.2012;9;12;17;18;19;20;26;36;37;38;41;45;47;49;50;51;53;55;57;60
890;01.07.2012;3;5;10;14;17;18;19;23;26;28;31;32;36;38;46;48;51;57;59;60
891;02.07.2012;2;7;10;12;14;21;26;27;28;29;32;40;42;43;44;46;47;48;52;57
892;03.07.2012;2;3;6;9;11;12;17;23;24;25;29;33;37;38;39;40;44;45;48;56
893;04.07.2012;1;4;12;14;15;21;24;25;26;31;32;33;38;42;45;47;49;52;54;55
894;05.07.2012;2;3;4;8;11;13;21;23;31;35;39;42;47;48;49;51;52;56;57;58
895;06.07.2012;2;4;9;10;13;22;25;26;27;29;31;37;39;47;52;53;54;55;56;59
896;07.07.2012;1;2;4;8;9;11;14;19;22;23;25;26;29;30;31;39;43;46;52;60
897;08.07.2012;1;8;9;12;15;16;19;23;24;25;31;35;38;40;46;49;51;52;55;58
898;09.07.2012;1;3;5;8;9;11;12;14;21;22;29;30;35;36;44;46;54;55;56;60
899;10.07.2012;3;6;9;12;21;22;24;25;28;30;32;33;37;44;45;50;56;57;59;60
900;11.07.2012;5;7;8;12;13;14;16;27;28;29;32;41;44;48;49;52;53;57;58;60
901;12.07.2012;2;5;6;14;17;26;35;37;38;40;41;43;47;48;51;52;54;55;58;59
902;13.07.2012;3;5;11;12;15;17;23;25;27;34;35;37;39;44;46;50;52;54;56;58
903;14.07.2012;4;5;10;12;20;24;28;29;32;34;35;36;38;41;44;49;53;54;57;58
904;15.07.2012;5;6;7;10;12;19;20;22;25;26;28;31;35;37;40;48;49;51;55;56
905;16.07.2012;3;5;7;9;10;13;17;20;22;24;25;26;33;36;42;46;48;49;55;56
906;17.07.2012;2;6;9;11;14;16;21;22;23;24;32;34;35;40;41;50;52;55;57;60
907;18.07.2012;2;7;17;19;20;26;27;28;30;33;36;38;41;43;47;50;52;53;55;59
908;19.07.2012;1;4;9;15;17;18;19;21;23;25;26;27;33;41;44;52;54;57;58;59
909;20.07.2012;1;2;4;11;13;16;18;19;21;23;33;40;41;43;44;48;53;54;56;60
910;21.07.2012;8;9;12;18;21;23;24;25;27;31;32;34;36;37;41;43;48;49;57;58
911;22.07.2012;2;10;11;14;16;18;22;24;31;32;33;36;38;43;45;49;50;51;58;60
912;23.07.2012;7;8;10;11;14;18;23;28;29;30;34;36;38;42;46;53;56;57;59;60
913;24.07.2012;3;5;6;14;15;17;19;22;24;26;27;29;33;34;35;37;41;50;52;58
914;25.07.2012;10;12;19;21;24;26;27;34;38;41;42;45;46;47;51;53;55;56;59;60
915;26.07.2012;2;6;8;12;19;23;24;30;31;34;37;39;40;42;45;49;51;52;53;55
916;27.07.2012;6;8;11;15;20;22;23;24;27;29;30;32;36;41;43;46;47;49;52;55
917;28.07.2012;2;3;7;8;11;13;14;16;18;19;26;34;37;38;47;49;52;55;58;59
918;29.07.2012;1;8;12;13;14;17;19;20;22;27;31;37;40;41;45;49;51;52;58;59
919;30.07.2012;1;4;5;6;15;22;23;25;26;37;38;39;42;43;47;50;52;56;58;60
920;31.07.2012;3;7;9;10;11;12;16;19;26;27;29;30;31;34;37;38;41;48;50;59
921;01.08.2012;3;7;8;9;11;14;16;17;19;23;32;33;35;37;38;43;46;52;54;58
922;02.08.2012;2;4;5;7;9;11;12;14;18;21;26;29;33;34;37;43;49;55;56;59
923;03.08.2012;2;7;10;11;12;17;20;22;25;28;41;45;46;48;52;53;54;55;56;59
924;04.08.2012;1;5;7;9;12;14;17;20;29;31;36;37;38;42;43;44;50;52;54;56
925;05.08.2012;1;5;6;8;9;10;17;21;24;25;32;35;37;43;44;52;53;54;57;60
926;06.08.2012;1;2;9;13;14;19;20;22;26;38;43;44;49;51;54;55;56;57;58;59
927;07.08.2012;1;7;8;10;11;13;18;20;23;26;30;36;39;40;45;47;48;49;50;51
928;08.08.2012;5;7;8;11;12;13;14;20;26;29;34;40;42;43;45;46;51;52;54;58
929;09.08.2012;2;3;6;17;18;20;22;23;30;31;32;38;40;41;48;49;51;53;59;60
930;10.08.2012;2;3;13;14;18;20;23;27;28;31;35;37;40;44;45;48;51;52;53;60
931;11.08.2012;4;5;6;8;12;14;16;17;20;23;28;31;33;38;47;48;54;55;56;57
932;12.08.2012;3;5;6;10;11;16;18;19;20;23;24;29;32;35;39;40;44;49;54;58
933;13.08.2012;2;6;8;9;13;14;31;33;36;38;40;42;45;50;52;55;56;57;58;59
934;14.08.2012;7;10;12;13;14;17;22;23;27;35;39;40;41;47;49;50;53;55;58;59
935;15.08.2012;1;10;14;17;19;23;24;25;26;29;33;37;38;39;40;47;49;51;52;58
936;16.08.2012;1;9;12;13;17;21;24;25;26;27;30;35;37;40;42;47;50;57;58;59
937;17.08.2012;6;7;12;16;18;21;22;23;25;27;28;29;32;34;36;37;46;55;58;60
938;18.08.2012;2;3;11;16;18;20;21;26;28;38;39;42;43;46;48;51;52;55;56;60
939;19.08.2012;5;8;9;13;14;18;23;29;30;31;33;38;39;40;44;49;54;57;58;59
940;20.08.2012;2;4;7;10;11;16;18;20;28;29;31;39;42;43;46;47;50;51;53;58
941;21.08.2012;2;7;10;14;16;18;20;26;28;29;30;34;44;47;49;50;53;55;56;57
942;22.08.2012;10;13;14;15;18;20;22;28;29;38;39;41;42;48;49;50;51;52;59;60
943;23.08.2012;1;4;6;11;12;13;15;20;21;22;25;30;34;35;36;39;43;46;49;58
944;24.08.2012;1;2;5;10;20;23;30;31;32;34;36;39;40;41;51;52;55;56;58;59
945;25.08.2012;1;3;4;5;9;11;15;21;24;28;37;40;41;47;50;51;52;58;59;60
946;26.08.2012;3;4;5;7;12;13;16;20;22;26;28;30;32;37;38;42;44;49;52;57
947;27.08.2012;2;9;16;17;19;23;24;28;30;34;40;42;43;44;45;47;50;55;56;59
948;28.08.2012;2;5;7;11;12;13;17;19;21;25;33;44;45;48;49;51;52;55;58;60
949;29.08.2012;8;9;10;12;15;16;18;22;25;26;28;29;41;42;43;46;48;49;51;56
950;30.08.2012;5;6;7;8;15;18;21;25;26;27;29;30;32;35;37;38;39;47;50;60
951;31.08.2012;5;6;7;10;11;18;19;20;23;24;25;27;34;35;40;41;53;54;56;59
952;01.09.2012;2;10;12;14;18;19;22;24;29;37;40;42;46;47;49;52;54;55;56;59
953;02.09.2012;3;4;5;10;15;20;23;24;25;28;34;35;36;41;46;47;48;50;57;58
954;03.09.2012;3;6;7;10;13;16;21;25;31;34;36;37;42;46;48;49;52;54;57;60
955;04.09.2012;2;10;13;14;18;20;24;25;32;33;40;41;44;46;47;50;51;52;55;56
956;05.09.2012;2;3;7;8;13;16;19;26;28;35;36;43;44;46;48;50;53;54;58;60
957;06.09.2012;4;5;7;8;10;14;16;18;20;23;26;32;34;46;47;53;55;58;59;60
958;07.09.2012;2;6;7;9;18;19;21;22;23;31;35;38;43;45;47;48;50;55;56;58
959;08.09.2012;4;8;11;12;15;17;19;20;22;27;28;30;31;32;34;37;39;45;52;55
960;09.09.2012;2;5;8;9;13;17;19;20;22;28;29;35;37;39;40;41;44;52;53;55
961;10.09.2012;1;2;6;9;10;12;13;14;19;21;25;26;30;32;33;35;49;52;53;55
962;11.09.2012;1;2;6;7;10;12;15;16;18;19;23;28;33;38;47;49;52;55;59;60
963;12.09.2012;1;5;10;13;16;17;20;22;26;30;36;41;46;47;48;49;50;51;53;60
964;13.09.2012;1;3;6;8;11;15;18;20;26;29;31;33;37;40;44;46;48;52;54;57
965;14.09.2012;4;6;7;14;15;19;23;24;28;31;39;41;43;45;48;49;50;51;57;59
966;15.09.2012;3;4;5;6;7;8;11;14;16;21;23;30;31;36;46;47;50;56;57;58
967;16.09.2012;5;11;12;13;14;16;18;19;23;39;40;44;47;48;50;51;54;56;58;60
968;17.09.2012;1;2;3;7;9;12;16;18;19;20;23;27;34;35;47;49;53;55;56;59
969;18.09.2012;1;2;4;5;7;11;17;19;22;23;30;34;38;39;40;50;52;55;56;58
970;19.09.2012;3;7;9;15;17;21;24;28;34;35;37;38;39;40;43;45;48;55;57;60
971;20.09.2012;3;10;11;13;14;18;19;25;26;30;35;37;41;42;45;50;54;56;59;60
972;21.09.2012;4;8;11;12;14;16;23;25;27;35;36;40;41;42;46;49;52;56;57;59
973;22.09.2012;2;5;11;14;16;18;19;21;27;35;36;38;40;42;45;47;48;49;51;59
974;23.09.2012;12;13;20;21;27;28;29;35;36;41;42;44;46;48;52;54;55;57;58;60
975;24.09.2012;2;5;15;17;18;19;20;21;22;25;27;28;30;33;35;38;41;42;43;54
976;25.09.2012;1;14;15;16;18;24;34;36;37;39;42;43;44;48;50;51;52;53;57;60
977;26.09.2012;4;6;8;12;23;24;25;26;29;30;31;34;39;44;47;49;52;54;56;58
978;27.09.2012;1;3;5;8;9;14;18;22;31;33;34;38;39;41;43;48;51;55;58;60
979;28.09.2012;1;2;6;11;13;16;25;28;29;32;34;38;40;44;48;51;52;54;58;59
980;29.09.2012;1;2;11;14;15;20;21;23;24;25;29;30;40;41;43;45;48;50;52;57
981;30.09.2012;1;3;12;13;14;16;21;22;29;31;33;35;40;41;45;47;51;55;56;57
982;01.10.2012;1;2;7;9;10;12;17;21;24;28;32;34;35;37;41;43;46;48;55;58
983;02.10.2012;1;8;10;11;17;19;25;30;33;34;35;37;43;44;46;49;51;52;53;60
984;03.10.2012;2;10;11;12;14;17;25;27;34;35;36;39;40;47;51;52;54;55;56;60
985;04.10.2012;1;5;9;16;18;23;32;35;37;38;43;44;47;49;50;51;53;54;57;59
986;05.10.2012;5;7;8;9;12;15;16;18;20;21;22;24;25;35;39;40;41;43;52;58
987;06.10.2012;2;7;9;10;11;13;15;16;19;22;24;25;32;41;43;45;47;50;54;59
988;07.10.2012;2;5;6;7;12;19;20;25;26;27;37;39;41;43;44;45;50;56;58;59
989;08.10.2012;1;5;6;9;10;12;15;20;21;23;27;28;31;32;33;34;36;39;44;59
990;09.10.2012;2;4;5;6;7;12;13;15;19;20;22;28;31;36;40;42;43;45;46;47
991;10.10.2012;3;5;13;15;18;20;21;27;28;31;37;40;42;44;50;51;52;53;56;57
992;11.10.2012;1;3;4;11;17;18;24;27;29;38;44;45;47;49;51;52;56;57;59;60
993;12.10.2012;4;8;15;16;20;25;26;30;31;32;33;36;38;42;43;46;48;49;55;60
994;13.10.2012;1;2;5;7;8;16;17;23;25;26;29;33;34;37;38;53;54;56;59;60
995;14.10.2012;4;8;12;14;17;25;31;32;35;38;41;44;45;46;48;51;53;55;57;58
996;15.10.2012;2;3;4;5;6;7;8;13;15;18;20;29;33;43;45;47;48;51;57;59
997;16.10.2012;2;3;5;11;16;20;23;24;26;28;29;36;44;52;53;54;55;56;57;58
998;17.10.2012;13;16;17;22;26;28;29;37;38;39;42;43;48;50;51;52;53;55;58;59
999;18.10.2012;2;3;4;5;6;8;9;10;12;15;17;25;26;30;42;44;45;46;49;55
1000;19.10.2012;2;7;8;9;11;16;18;19;26;29;32;33;34;36;43;44;48;54;55;56
1001;20.10.2012;2;10;20;21;22;28;34;36;39;40;42;43;45;48;49;51;52;53;56;58
1002;21.10.2012;2;4;5;9;10;11;15;16;22;23;32;39;40;46;47;53;55;56;57;60
1003;22.10.2012;1;3;4;15;16;18;23;26;30;35;40;41;42;47;48;49;51;52;58;60
1004;23.10.2012;1;2;3;4;13;15;16;18;21;25;28;33;36;40;43;47;50;54;58;59
1005;24.10.2012;1;2;6;15;17;18;20;23;28;30;31;33;35;47;48;49;51;52;57;59
1006;25.10.2012;1;2;4;6;7;8;12;13;14;15;28;29;30;37;40;43;44;46;53;57
1007;26.10.2012;3;4;6;11;15;17;21;23;25;28;29;30;34;37;41;43;45;47;48;53
1008;27.10.2012;1;2;3;5;8;14;15;25;26;31;33;39;41;43;47;48;49;54;55;59
1009;28.10.2012;2;5;6;8;12;14;15;17;20;22;25;26;32;40;51;52;55;57;58;60
1010;29.10.2012;2;4;8;15;16;17;21;25;30;33;34;40;41;43;47;49;52;53;54;59
1011;30.10.2012;1;7;8;9;10;13;20;21;22;24;25;27;31;36;37;40;42;45;48;54
1012;31.10.2012;3;6;8;14;16;18;19;20;21;23;24;28;31;35;38;44;46;51;52;58
1013;01.11.2012;5;11;12;13;21;27;34;37;39;41;43;44;45;46;48;50;52;56;58;59
1014;02.11.2012;1;6;7;9;15;18;21;22;24;31;33;34;35;36;38;40;52;55;56;58
1015;03.11.2012;1;2;7;10;11;12;13;18;19;24;26;29;34;39;45;48;54;57;58;60
1016;04.11.2012;6;14;16;17;19;21;22;23;24;27;30;31;33;35;40;43;49;53;54;57
1017;05.11.2012;3;4;8;10;12;13;15;21;26;31;32;33;35;36;37;39;51;52;54;55
1018;06.11.2012;2;3;6;7;12;15;17;22;23;25;26;28;29;35;37;52;53;54;57;58
1019;07.11.2012;10;12;13;14;15;17;18;23;26;27;32;34;37;40;43;46;48;50;54;57
1020;08.11.2012;1;2;9;13;14;19;20;24;27;28;31;39;40;43;45;46;50;52;56;59
1021;09.11.2012;7;8;9;11;12;14;15;19;23;27;32;34;35;41;43;45;47;52;54;57
1022;10.11.2012;8;11;15;16;22;23;25;26;27;28;29;31;35;39;42;45;49;53;54;57
1023;11.11.2012;1;3;7;11;12;13;19;20;22;24;26;30;34;38;48;50;54;56;59;60
1024;12.11.2012;3;4;6;9;12;13;14;19;20;22;28;37;38;39;40;41;45;52;53;54
1025;13.11.2012;1;5;8;10;15;16;18;19;21;22;32;35;36;37;38;43;49;56;57;59
1026;14.11.2012;1;4;10;12;14;16;17;18;20;21;25;26;31;34;35;37;39;51;52;54
1027;15.11.2012;1;3;7;14;19;21;25;26;27;30;31;35;38;39;41;42;51;53;56;59
1028;16.11.2012;1;7;11;13;22;23;26;27;29;31;34;35;37;42;43;48;52;54;55;59
1029;17.11.2012;3;5;6;7;8;15;22;25;26;27;29;33;34;42;47;49;50;56;57;59
1030;18.11.2012;4;7;12;13;16;24;25;29;32;33;38;41;42;44;50;51;54;55;56;59
1031;19.11.2012;1;2;3;6;10;20;21;22;24;28;29;32;37;38;42;50;51;53;54;57
1032;20.11.2012;4;5;8;9;14;15;18;22;23;25;26;34;36;41;44;45;48;50;55;57
1033;21.11.2012;7;9;12;13;16;19;21;22;23;28;30;31;36;42;45;47;51;55;56;57
1034;22.11.2012;1;2;5;7;14;16;18;24;26;30;33;38;44;45;46;47;51;54;58;59
1035;23.11.2012;3;6;9;11;12;22;23;25;31;34;35;36;40;44;46;47;50;56;57;60
1036;24.11.2012;6;7;8;11;13;17;20;24;25;28;31;34;38;42;46;49;52;53;54;60
1037;25.11.2012;5;9;12;14;19;24;26;27;28;31;33;34;42;44;46;49;54;55;58;59
1038;26.11.2012;1;5;6;11;13;17;19;20;21;22;26;27;34;37;39;43;49;55;58;60
1039;27.11.2012;1;6;10;11;19;20;21;22;23;24;25;26;28;31;38;42;47;51;54;57
1040;28.11.2012;2;6;8;10;11;13;14;17;20;21;23;25;26;28;43;49;50;56;58;59
1041;29.11.2012;6;7;8;12;14;16;19;20;24;25;27;30;32;33;37;39;43;46;51;59
1042;30.11.2012;7;12;16;21;24;28;30;31;34;35;37;38;41;48;49;50;51;52;54;55
1043;01.12.2012;1;2;3;4;6;11;13;20;23;25;27;30;32;39;43;50;51;54;56;60
1044;02.12.2012;1;2;7;14;15;18;19;21;22;23;24;29;32;38;44;48;55;57;59;60
1045;03.12.2012;2;6;8;9;11;12;15;17;22;24;25;31;35;37;38;41;50;53;57;60
1046;04.12.2012;4;10;15;22;25;37;40;41;43;45;46;47;49;50;51;52;56;57;59;60
1047;05.12.2012;2;7;9;12;15;18;19;21;23;28;36;39;43;44;45;50;53;56;57;59
1048;06.12.2012;1;6;13;21;26;28;32;33;37;38;39;40;42;47;48;49;50;55;59;60
1049;07.12.2012;10;11;14;16;19;21;24;25;27;28;29;33;37;38;40;42;44;54;55;58
1050;08.12.2012;5;7;12;13;16;18;19;20;21;24;26;31;36;37;39;42;49;52;53;54
1051;09.12.2012;1;3;4;7;10;14;17;19;20;32;35;39;42;44;46;48;49;53;56;57
1052;10.12.2012;1;2;4;5;7;17;22;28;31;34;39;40;41;42;44;51;52;53;55;60
1053;11.12.2012;1;6;14;20;27;29;30;31;34;35;37;40;41;42;45;47;48;50;54;56
1054;12.12.2012;5;11;13;17;18;19;20;21;22;28;30;31;38;44;47;49;53;55;56;60
1055;13.12.2012;3;15;16;18;21;25;27;31;32;33;34;35;38;43;45;50;51;55;57;59
1056;14.12.2012;1;5;6;8;9;12;13;14;15;18;19;23;31;43;44;45;50;54;57;60
1057;15.12.2012;2;4;21;24;25;29;34;35;40;41;42;43;44;50;51;52;54;57;59;60
1058;16.12.2012;2;5;13;16;19;24;25;26;31;34;37;38;40;47;50;51;53;54;57;58
1059;17.12.2012;3;5;8;13;18;19;23;24;28;30;31;32;33;35;42;43;45;49;52;55
1060;18.12.2012;2;6;7;9;10;12;16;23;26;27;32;34;36;37;39;52;53;54;55;59
1061;19.12.2012;1;2;12;14;21;23;24;25;27;29;34;39;40;45;49;53;57;58;59;60
1062;20.12.2012;2;4;9;13;17;20;22;24;28;31;38;39;42;43;44;46;49;50;52;59
1063;21.12.2012;1;6;12;13;14;15;18;19;23;24;25;32;34;35;38;40;44;47;55;60
1064;22.12.2012;3;4;9;10;12;16;20;21;22;23;28;43;46;47;48;52;53;56;58;59
1065;23.12.2012;2;5;6;13;16;23;30;33;36;38;41;42;44;47;48;49;52;53;58;59
1066;24.12.2012;1;2;3;8;9;11;14;24;25;30;37;39;44;45;46;48;50;51;54;56
1067;25.12.2012;2;3;7;11;12;15;17;21;22;31;35;37;41;44;46;51;57;58;59;60
1068;26.12.2012;2;3;14;17;22;23;27;28;29;30;34;36;40;42;43;48;53;56;58;59
1069;27.12.2012;3;4;6;7;8;9;10;13;14;21;24;27;29;32;41;45;46;54;57;58
1070;28.12.2012;1;3;9;12;14;15;17;20;28;30;34;36;39;42;44;51;55;58;59;60
1071;29.12.2012;9;10;11;14;16;18;22;23;28;29;33;34;36;38;42;50;52;53;57;60
1072;30.12.2012;1;8;9;11;12;15;16;21;24;29;32;35;37;43;46;47;50;52;55;57
1073;31.12.2012;4;5;6;10;12;18;25;27;30;35;36;37;41;44;48;50;51;54;57;60
1074;01.01.2013;1;5;8;11;18;22;26;27;28;31;32;35;36;37;39;43;47;50;51;54
1075;02.01.2013;2;14;16;17;18;20;22;24;25;26;38;40;46;48;50;51;53;56;57;60
1076;03.01.2013;4;5;10;12;15;18;19;20;23;24;25;32;34;40;46;47;51;54;56;59
1077;04.01.2013;1;4;5;9;10;11;18;29;31;32;34;36;38;43;46;47;49;52;54;60
1078;05.01.2013;3;5;7;10;11;17;18;33;34;39;40;43;45;47;49;53;55;56;58;60
1079;06.01.2013;5;6;9;11;12;15;16;19;20;26;31;40;41;43;50;51;52;53;55;58
1080;07.01.2013;2;5;10;12;14;17;25;27;29;33;35;36;38;39;43;45;48;54;58;59
1081;08.01.2013;2;4;5;7;10;11;13;14;15;22;23;25;28;29;38;39;42;44;55;59
1082;09.01.2013;4;5;7;8;9;10;11;12;22;24;25;30;38;41;45;46;47;48;52;54
1083;10.01.2013;11;20;26;27;28;30;32;33;34;37;39;40;41;45;46;49;54;57;58;60
1084;11.01.2013;3;10;14;16;23;25;26;27;31;32;33;34;35;37;41;43;50;51;52;58
1085;12.01.2013;6;7;10;13;14;16;17;29;31;32;34;36;38;39;43;44;47;53;54;59
1086;13.01.2013;1;3;7;8;10;11;12;19;20;22;23;27;30;34;35;36;38;48;57;58
1087;14.01.2013;2;9;12;15;17;18;19;24;25;29;34;35;36;37;38;39;42;53;55;60
1088;15.01.2013;3;11;12;16;17;22;23;24;31;36;37;39;40;44;47;50;56;57;59;60
1089;16.01.2013;1;2;4;5;7;11;13;14;21;29;36;38;39;40;43;52;54;55;59;60
1090;17.01.2013;1;6;8;10;13;16;18;21;22;30;32;34;37;39;41;44;49;54;55;59
1091;18.01.2013;1;3;4;7;11;13;16;20;23;27;32;39;44;45;51;52;55;57;58;59
1092;19.01.2013;2;3;6;8;14;17;18;19;23;27;32;36;37;40;41;44;45;46;55;57
1093;20.01.2013;4;5;10;11;14;15;18;20;26;30;32;40;43;44;47;51;52;55;56;57
1094;21.01.2013;3;8;13;16;17;18;25;26;27;32;35;36;41;47;49;50;52;54;55;57
1095;22.01.2013;5;7;11;14;15;21;23;27;28;29;34;36;38;41;46;48;54;57;58;60
1096;23.01.2013;1;2;3;6;7;8;9;15;20;25;26;35;38;39;46;48;50;53;54;59
1097;24.01.2013;3;4;8;10;12;15;16;19;20;29;31;32;34;39;40;48;51;55;56;58
1098;25.01.2013;1;5;7;11;15;17;19;20;25;27;28;34;35;36;43;49;53;54;56;59
1099;26.01.2013;6;15;16;24;29;30;32;33;34;38;39;42;44;45;47;50;52;54;57;58
1100;27.01.2013;2;9;10;13;15;18;22;23;26;34;35;36;41;42;45;46;48;51;53;58
1101;28.01.2013;1;3;4;10;16;19;20;23;24;27;29;32;33;39;40;42;46;48;52;58
1102;29.01.2013;1;6;11;12;17;18;19;23;26;29;31;34;35;48;49;51;52;53;56;60
1103;30.01.2013;1;3;6;8;9;17;19;30;31;32;34;35;37;38;41;49;51;52;54;57
1104;31.01.2013;2;4;19;21;22;33;37;38;39;41;42;45;46;47;50;51;54;55;57;58
1105;01.02.2013;9;10;13;16;17;19;23;25;26;27;31;33;36;39;47;48;49;53;55;57
1106;02.02.2013;1;2;8;18;27;28;29;30;32;34;38;39;40;42;44;45;49;52;57;60
1107;03.02.2013;2;5;9;12;19;20;24;30;34;35;36;37;41;42;49;50;51;56;57;60
1108;04.02.2013;1;3;4;5;8;13;17;19;23;24;25;30;36;44;46;48;51;52;53;55
1109;05.02.2013;3;7;8;12;14;15;16;18;22;24;27;30;33;40;41;47;49;52;55;60
1110;06.02.2013;9;12;14;16;17;22;23;27;28;29;30;35;40;42;47;49;53;54;56;60
1111;07.02.2013;3;5;8;9;13;14;15;16;26;31;32;38;40;44;46;47;50;52;53;56
1112;08.02.2013;7;9;10;13;18;22;25;34;35;39;40;42;44;46;49;52;53;55;57;60
1113;09.02.2013;1;6;7;11;12;13;17;18;20;21;23;24;27;30;42;46;54;56;57;58
1114;10.02.2013;2;4;8;14;16;18;19;22;23;24;27;33;35;43;46;48;50;51;53;57
1115;11.02.2013;8;12;17;29;30;31;35;36;37;41;43;45;46;49;51;52;55;56;58;59
1116;12.02.2013;3;4;6;7;11;12;13;14;15;27;29;36;39;41;42;45;51;55;59;60
1117;13.02.2013;3;6;10;11;12;16;19;20;23;30;33;36;37;39;40;43;44;48;56;60
1118;14.02.2013;2;7;10;11;15;16;17;21;22;26;30;38;41;44;45;48;50;55;58;60
1119;15.02.2013;3;4;5;11;12;16;17;25;31;32;33;35;39;40;43;45;48;52;57;60
1120;16.02.2013;2;4;7;10;14;15;27;29;30;39;40;42;44;45;50;51;52;58;59;60
1121;17.02.2013;3;4;7;9;10;14;17;19;20;24;29;30;33;41;44;45;49;51;56;57
1122;18.02.2013;5;6;8;12;13;17;19;21;22;23;24;29;35;39;40;50;53;54;55;58
1123;19.02.2013;6;10;12;14;20;21;23;25;27;30;32;36;40;45;46;49;51;53;55;56
1124;20.02.2013;4;7;8;13;14;15;16;19;21;35;36;38;44;45;46;51;52;53;55;56
1125;21.02.2013;2;3;4;5;14;17;19;21;22;23;26;37;38;39;44;46;50;51;55;60
1126;22.02.2013;3;6;7;8;9;14;15;17;19;22;31;35;36;42;43;51;52;56;57;60
1127;23.02.2013;4;6;9;11;17;19;24;25;27;28;36;37;38;43;44;52;53;54;56;59
1128;24.02.2013;2;4;5;6;9;11;12;16;21;23;26;28;30;37;41;43;47;52;54;58
1129;25.02.2013;5;6;7;17;18;21;28;29;31;34;35;36;38;40;44;45;47;50;53;56
1130;26.02.2013;3;4;10;18;19;21;25;26;27;29;31;36;38;43;44;45;48;49;52;60
1131;27.02.2013;1;3;11;13;22;24;26;30;31;37;39;40;41;47;48;52;57;58;59;60
1132;28.02.2013;10;12;13;14;15;22;23;25;27;34;37;38;43;44;47;48;50;51;52;58
1133;01.03.2013;5;7;10;12;13;14;15;18;19;23;25;27;32;33;43;51;53;54;56;58
1134;02.03.2013;5;6;8;11;13;15;18;19;20;21;23;35;36;42;47;49;55;57;58;60
1135;03.03.2013;3;4;5;7;8;11;20;21;22;24;27;38;40;42;45;46;47;55;59;60
1136;04.03.2013;1;3;6;7;9;19;21;22;24;25;34;38;40;42;43;47;48;51;56;59
1137;05.03.2013;2;3;4;7;8;11;16;18;19;20;22;30;34;35;36;39;49;53;58;60
1138;06.03.2013;2;10;13;14;15;20;21;25;27;29;34;36;37;42;43;52;55;56;57;58
1139;07.03.2013;8;9;10;13;14;17;22;26;27;28;29;30;35;37;45;47;49;51;55;60
1140;08.03.2013;2;4;6;7;9;11;13;14;20;21;23;25;36;41;45;49;52;53;55;59
1141;09.03.2013;1;7;9;14;16;21;22;23;24;32;34;41;43;45;47;56;57;58;59;60
1142;10.03.2013;9;10;14;15;17;18;23;27;28;29;32;34;40;44;45;46;47;50;54;57
1143;11.03.2013;2;4;5;8;11;23;24;26;27;36;37;40;41;43;44;48;50;57;59;60
1144;12.03.2013;1;2;3;4;11;12;13;14;18;21;25;26;39;41;42;45;53;54;55;58
1145;13.03.2013;1;2;4;6;10;12;15;17;28;34;35;36;40;43;45;48;52;54;56;57
1146;14.03.2013;4;13;15;16;24;26;27;29;33;37;43;45;46;49;51;52;55;56;57;60
1147;15.03.2013;1;5;12;15;16;17;23;26;27;32;33;34;44;46;47;52;53;56;58;59
1148;16.03.2013;16;17;18;21;22;23;24;26;27;29;31;32;33;41;43;45;54;56;57;58
1149;17.03.2013;5;8;12;18;19;23;26;28;31;37;39;40;43;47;48;50;51;54;56;59
1150;18.03.2013;1;2;4;9;10;11;17;18;22;23;25;34;36;37;39;40;45;52;53;57
1151;19.03.2013;1;6;12;15;20;26;27;29;35;36;38;41;42;44;45;48;49;53;56;58
1152;20.03.2013;4;11;12;15;17;20;23;24;25;29;31;32;33;37;39;40;43;53;56;57
1153;21.03.2013;2;5;6;7;9;11;13;16;21;30;34;37;39;40;44;46;48;50;53;54
1154;22.03.2013;3;9;10;13;16;22;26;29;32;33;37;44;46;48;49;50;55;57;58;60
1155;23.03.2013;3;7;10;13;18;20;24;28;31;37;39;40;41;46;48;49;54;57;59;60
1156;24.03.2013;8;10;11;16;17;24;25;27;31;32;35;36;37;43;46;49;54;55;58;60
1157;25.03.2013;3;4;11;13;16;18;19;21;22;24;28;33;43;44;47;49;50;51;52;55
1158;26.03.2013;1;2;4;8;11;15;16;24;27;28;30;32;33;34;45;48;49;52;53;60
1159;27.03.2013;2;7;8;10;12;18;19;20;21;23;25;29;34;35;38;43;45;50;52;55
1160;28.03.2013;2;3;4;17;19;20;23;27;33;36;38;40;43;45;48;50;51;53;55;58
1161;29.03.2013;3;5;16;17;18;19;20;24;26;27;29;31;34;35;37;38;43;50;56;58
1162;30.03.2013;1;2;5;7;15;16;20;21;26;27;30;35;37;42;43;44;45;46;49;55
1163;31.03.2013;5;7;9;13;14;16;18;20;22;29;30;32;34;42;49;52;53;54;56;58
1164;01.04.2013;1;5;9;11;17;26;27;31;33;35;40;41;46;48;51;55;56;57;58;59
1165;02.04.2013;9;11;13;14;15;16;18;24;30;34;38;40;48;49;50;51;52;56;57;60
1166;03.04.2013;3;4;9;14;16;17;19;20;25;31;35;39;43;45;47;52;53;55;56;59
1167;04.04.2013;3;8;12;14;21;22;24;27;30;34;37;39;40;42;43;45;46;54;56;59
1168;05.04.2013;1;3;5;11;16;17;18;19;21;23;24;32;34;38;40;44;47;49;51;56
1169;06.04.2013;3;11;12;18;19;21;22;23;25;27;28;31;37;39;42;44;46;55;57;58
1170;07.04.2013;1;2;5;14;20;21;23;26;28;34;36;41;42;44;47;50;51;54;57;58
1171;08.04.2013;2;3;4;6;8;13;16;18;25;27;28;32;35;37;40;42;44;46;56;59
1172;09.04.2013;1;3;9;11;13;15;16;18;20;30;35;39;41;45;49;52;53;54;55;58
1173;10.04.2013;2;6;9;13;15;16;18;19;23;25;27;29;37;38;39;40;43;47;49;57
1174;11.04.2013;2;4;5;7;8;9;11;12;14;15;18;20;26;29;34;43;48;55;58;60
1175;12.04.2013;1;4;5;13;19;20;22;26;27;28;30;39;44;46;47;49;53;54;55;57
1176;13.04.2013;2;10;14;19;20;23;26;32;33;34;42;45;46;48;51;52;53;55;57;58
1177;14.04.2013;2;3;4;5;6;9;10;18;20;25;32;33;37;39;46;51;52;56;57;59
1178;15.04.2013;2;5;6;7;10;11;12;16;18;20;24;25;29;34;38;43;44;49;51;56
1179;16.04.2013;3;8;13;17;19;20;22;23;31;34;35;36;37;45;47;48;49;53;55;60
1180;17.04.2013;2;11;14;18;19;21;22;26;28;31;32;40;41;42;44;47;48;53;54;57
1181;18.04.2013;3;11;12;14;15;16;20;21;22;24;30;31;35;36;38;50;52;53;55;57
1182;19.04.2013;1;4;9;11;12;18;21;24;25;29;31;41;43;44;47;49;54;56;57;59
1183;20.04.2013;6;8;11;17;20;26;28;32;36;37;38;40;42;47;49;50;51;52;56;60
1184;21.04.2013;7;10;13;15;16;17;18;21;22;27;33;34;35;37;38;40;43;54;58;60
1185;22.04.2013;1;6;7;8;9;12;14;15;17;23;29;31;35;38;39;41;47;48;53;56
1186;23.04.2013;1;2;4;7;9;23;24;25;30;34;37;38;39;45;47;48;52;56;59;60
1187;24.04.2013;2;3;4;5;6;7;9;16;17;21;24;28;40;46;48;51;54;56;59;60
1188;25.04.2013;2;4;7;12;14;16;17;19;23;27;29;33;38;39;40;42;48;50;54;56
1189;26.04.2013;4;10;11;13;14;15;16;19;20;23;30;31;32;33;36;40;49;51;53;57
1190;27.04.2013;1;2;3;4;5;11;17;21;23;25;33;34;39;41;44;46;47;49;58;59
1191;28.04.2013;1;6;8;9;14;15;19;21;23;24;27;29;34;38;43;45;46;56;59;60
1192;29.04.2013;6;7;8;9;10;11;17;25;26;32;36;39;40;41;43;50;52;53;54;59
1193;30.04.2013;6;7;8;10;12;15;18;20;21;22;23;24;35;40;41;44;46;49;57;59
1194;01.05.2013;5;6;7;8;10;12;15;19;20;31;35;36;37;38;39;49;51;52;54;55
1195;02.05.2013;1;2;4;10;12;16;19;22;26;27;31;34;39;48;51;52;54;55;56;59
1196;03.05.2013;4;7;10;17;18;22;24;25;26;27;36;40;41;44;45;46;49;50;54;56
1197;04.05.2013;1;2;5;6;7;9;10;13;14;32;35;42;47;48;50;52;54;57;58;59
1198;05.05.2013;4;5;7;9;10;12;13;18;21;22;25;27;28;35;40;43;45;55;56;60
1199;06.05.2013;3;8;10;12;16;19;20;22;24;28;31;32;33;36;39;49;51;52;56;60
1200;07.05.2013;5;8;11;13;16;17;22;23;24;31;34;35;38;41;50;52;54;57;59;60
1201;08.05.2013;1;5;6;9;11;13;19;23;25;30;31;35;37;39;42;47;53;55;56;60
1202;09.05.2013;3;4;5;6;17;18;21;22;24;29;31;35;38;39;43;45;46;50;53;54
1203;10.05.2013;2;7;9;10;15;18;22;32;36;37;39;42;44;46;48;51;52;53;54;55
1204;11.05.2013;1;5;10;12;14;16;19;21;22;23;32;34;36;40;43;49;54;56;57;59
1205;12.05.2013;3;6;7;9;11;12;16;17;19;22;23;30;37;39;41;47;52;55;56;57
1206;13.05.2013;3;10;12;14;16;17;22;28;29;31;37;46;48;52;53;54;55;56;58;60
1207;14.05.2013;2;10;12;16;18;20;21;25;27;29;30;32;35;36;38;45;48;50;55;58
1208;15.05.2013;2;4;5;8;10;16;17;18;21;22;24;29;33;35;36;38;41;42;44;45
1209;16.05.2013;2;3;12;15;17;19;25;28;32;34;37;43;45;48;50;51;53;55;57;58
1210;17.05.2013;1;3;9;12;15;16;20;24;26;27;33;36;37;41;48;52;55;56;59;60
1211;18.05.2013;7;8;14;18;19;22;23;26;27;31;33;38;40;45;47;48;49;50;56;57
1212;19.05.2013;5;15;22;28;31;33;35;36;38;43;44;45;48;49;50;51;53;54;55;60
1213;20.05.2013;2;3;5;6;7;9;12;14;15;20;23;26;27;36;43;48;50;52;53;58
1214;21.05.2013;2;9;11;13;18;22;24;25;26;29;31;38;41;42;43;50;52;53;55;60
1215;22.05.2013;1;10;13;16;17;20;26;28;29;31;35;37;40;41;44;45;48;50;51;60
1216;23.05.2013;3;5;8;12;15;18;20;21;27;33;36;43;47;49;50;54;55;58;59;60
1217;24.05.2013;2;9;12;15;20;22;24;27;28;30;34;36;40;42;46;47;48;53;55;58
1218;25.05.2013;5;11;13;17;20;22;23;26;27;30;31;33;36;37;43;47;49;50;53;59
1219;26.05.2013;1;2;3;4;11;14;18;20;23;25;30;33;35;39;40;47;48;51;54;57
1220;27.05.2013;3;5;8;9;11;14;17;25;29;30;31;38;39;40;41;46;47;51;55;56
1221;28.05.2013;2;4;5;6;8;12;15;18;19;23;25;28;31;34;39;40;43;45;52;57
1222;29.05.2013;1;3;4;6;10;11;13;17;20;27;28;29;30;32;36;45;47;48;49;57
1223;30.05.2013;3;6;9;11;19;20;22;24;27;28;30;32;41;43;45;48;54;55;56;57
1224;31.05.2013;2;7;13;16;26;27;32;33;36;37;39;43;44;46;47;48;52;53;56;58
1225;01.06.2013;2;3;5;7;14;15;16;19;23;27;33;34;38;44;45;51;53;54;58;60
1226;02.06.2013;4;6;13;17;18;19;20;24;27;33;36;37;39;40;44;50;52;55;57;59
1227;03.06.2013;3;4;5;10;12;15;21;30;32;33;36;37;38;44;47;49;51;54;55;57
1228;04.06.2013;4;5;7;8;10;17;18;19;24;27;28;32;33;38;43;46;47;49;51;54
1229;05.06.2013;7;8;12;13;19;24;27;29;31;32;35;37;38;43;48;49;54;55;58;60
1230;06.06.2013;1;3;11;15;18;19;20;23;28;29;31;36;38;42;43;44;46;48;57;59
1231;07.06.2013;4;6;9;16;20;22;23;32;33;35;36;39;42;48;50;51;53;54;56;57
1232;08.06.2013;3;5;9;10;14;16;17;18;21;26;31;33;34;40;42;43;44;46;50;52
1233;09.06.2013;9;10;11;15;16;24;26;27;28;38;42;46;48;50;51;53;54;55;59;60
1234;10.06.2013;1;3;7;11;17;18;19;21;24;33;36;41;42;43;48;50;52;56;57;60
1235;11.06.2013;2;3;5;9;12;13;17;21;23;24;31;43;44;45;49;54;55;56;58;60
1236;12.06.2013;2;3;8;9;10;14;24;25;26;30;34;36;40;44;50;51;52;53;54;60
1237;13.06.2013;3;5;9;19;21;22;23;24;25;26;29;30;42;45;48;50;51;53;56;59
1238;14.06.2013;1;3;7;8;9;11;12;16;17;20;24;26;32;33;35;40;51;54;55;60
1239;15.06.2013;2;5;12;14;15;16;26;27;29;30;34;35;39;42;44;53;54;55;58;60
1240;16.06.2013;2;3;6;8;9;11;16;17;24;26;29;31;34;36;38;48;49;52;58;59
1241;17.06.2013;1;4;8;11;17;20;27;28;32;36;39;44;47;48;51;53;54;56;57;58
1242;18.06.2013;1;5;8;9;11;12;17;18;19;21;31;33;34;40;44;51;53;56;59;60
1243;19.06.2013;1;2;9;11;17;19;20;22;25;26;27;35;37;43;46;47;49;53;55;56
1244;20.06.2013;3;6;8;13;16;19;20;21;23;29;38;46;48;49;50;52;54;56;58;59
1245;21.06.2013;2;5;6;8;12;15;21;26;28;31;32;34;37;38;39;41;52;58;59;60
1246;22.06.2013;1;2;4;6;7;9;10;16;18;19;30;33;34;35;37;51;53;56;57;59
1247;23.06.2013;4;5;6;8;12;13;16;18;21;26;29;31;36;41;43;45;50;52;55;60
1248;24.06.2013;2;4;5;6;9;11;25;28;31;37;39;40;41;43;44;45;48;50;55;57
1249;25.06.2013;2;5;7;18;22;24;27;28;32;37;38;40;46;49;50;52;53;54;55;59
1250;26.06.2013;5;7;11;12;13;14;22;24;25;29;31;33;41;50;52;53;55;56;57;59
1251;27.06.2013;1;2;3;5;7;11;12;13;15;16;17;19;20;31;33;46;49;51;52;53
1252;28.06.2013;1;3;9;14;16;17;19;27;33;35;36;37;38;39;43;48;50;52;53;58
1253;29.06.2013;5;6;9;10;13;14;17;20;23;28;30;31;40;41;43;45;46;49;52;57
1254;30.06.2013;1;2;7;16;18;21;22;28;33;34;35;37;41;42;44;46;48;50;59;60
1255;01.07.2013;1;4;5;6;8;12;13;17;20;26;27;28;29;39;40;43;44;50;51;53
1256;02.07.2013;1;2;4;6;7;8;10;12;13;14;15;23;27;29;36;41;43;45;53;56
1257;03.07.2013;8;9;10;15;17;18;20;22;23;24;25;34;35;37;42;49;51;53;54;60
1258;04.07.2013;3;4;5;6;7;9;16;21;22;23;25;29;31;36;37;42;45;48;52;54
1259;05.07.2013;2;7;8;9;14;16;25;26;31;33;34;37;38;39;46;47;50;57;59;60
1260;06.07.2013;6;9;10;11;13;14;19;29;30;32;33;35;37;39;41;49;52;53;56;57
1261;07.07.2013;2;3;5;9;12;26;27;28;29;30;31;40;43;49;50;51;55;56;57;59
1262;08.07.2013;5;8;9;10;11;17;21;22;23;27;28;33;34;36;41;44;45;46;50;57
1263;09.07.2013;7;9;10;12;13;15;19;26;27;33;34;35;36;39;40;45;50;53;54;58
1264;10.07.2013;1;3;6;7;13;18;19;20;27;34;35;36;38;39;41;43;48;52;57;59
1265;11.07.2013;6;8;16;19;25;27;29;31;32;33;38;40;42;44;45;47;50;51;54;57
1266;12.07.2013;4;5;8;9;10;13;18;20;23;24;25;26;28;33;37;40;44;45;47;54
1267;13.07.2013;1;2;4;7;8;10;18;22;23;28;29;31;38;39;40;44;45;46;52;59
1268;14.07.2013;4;8;10;11;15;16;18;19;21;27;28;33;45;46;47;48;51;52;53;60
1269;15.07.2013;4;6;7;11;12;13;18;21;28;29;30;39;41;42;48;50;52;56;59;60
1270;16.07.2013;1;3;4;9;12;15;16;18;22;24;25;28;30;34;42;49;50;51;57;60
1271;17.07.2013;5;9;10;11;12;14;16;21;24;25;30;36;40;41;43;44;46;52;53;59
1272;18.07.2013;2;3;6;7;9;11;16;17;19;21;28;29;33;42;43;47;48;49;52;60
1273;19.07.2013;3;6;13;15;16;17;20;23;31;32;36;37;45;46;47;49;50;57;58;60
1274;20.07.2013;1;2;3;4;5;13;14;15;23;25;26;32;38;39;40;44;48;49;52;58
1275;21.07.2013;4;5;7;12;20;22;26;31;32;36;37;39;43;44;47;51;52;57;58;59
1276;22.07.2013;5;7;9;11;13;14;15;17;18;21;23;24;30;31;41;44;52;53;57;59
1277;23.07.2013;4;6;8;15;18;19;20;28;29;34;35;38;40;43;45;46;50;51;58;60
1278;24.07.2013;6;9;11;14;16;17;22;24;25;26;29;31;48;49;50;51;54;56;57;60
1279;25.07.2013;1;5;7;13;16;17;20;21;25;26;28;30;33;43;50;51;52;55;56;58
1280;26.07.2013;4;5;9;11;13;14;15;19;20;36;39;40;45;48;49;50;56;57;59;60
1281;27.07.2013;2;5;6;10;12;15;28;29;31;32;33;35;39;41;43;45;50;53;56;58
1282;28.07.2013;3;5;11;14;16;17;18;24;25;29;31;40;43;45;46;50;52;53;58;59
1283;29.07.2013;3;6;7;8;12;14;19;20;24;32;36;39;42;44;45;48;51;55;57;59
1284;30.07.2013;1;3;7;8;9;10;21;25;27;28;29;32;34;35;41;46;50;57;58;60
1285;31.07.2013;3;6;11;12;19;20;21;22;26;27;32;33;34;42;44;48;50;52;53;54
1286;01.08.2013;4;7;9;12;13;17;20;30;31;32;36;37;39;40;45;48;49;50;51;59
1287;02.08.2013;1;5;6;14;17;19;25;27;33;34;35;38;42;43;46;49;51;52;53;55
1288;03.08.2013;3;8;9;13;14;19;21;27;29;36;38;40;41;44;45;50;54;55;58;59
1289;04.08.2013;2;4;9;10;15;16;20;21;22;25;26;29;35;39;44;52;53;55;57;60
1290;05.08.2013;2;3;9;13;16;18;20;22;24;26;27;30;36;38;39;45;50;55;58;60
1291;06.08.2013;1;4;5;6;8;10;15;18;20;23;25;28;29;33;37;46;47;49;55;56
1292;07.08.2013;2;3;4;6;18;28;30;33;38;39;43;46;48;49;50;52;53;56;57;60
1293;08.08.2013;7;12;13;15;16;20;21;22;27;34;38;41;46;48;49;50;51;54;57;58
1294;09.08.2013;2;4;9;11;12;13;15;16;26;27;33;34;35;36;50;53;56;57;58;59
1295;10.08.2013;1;2;3;8;12;13;18;19;21;23;39;40;42;43;46;47;48;51;53;54
1296;11.08.2013;1;7;8;9;13;17;18;24;25;29;33;37;38;41;42;43;48;50;52;58
1297;12.08.2013;6;7;12;15;16;23;25;26;27;28;29;31;36;39;40;43;54;57;58;59
1298;13.08.2013;2;7;9;11;12;14;15;16;17;21;23;27;32;35;36;42;45;51;56;59
1299;14.08.2013;1;3;6;8;11;12;15;23;29;30;37;39;41;49;50;51;54;57;59;60
1300;15.08.2013;1;3;5;12;14;16;20;27;28;32;37;38;41;42;43;44;49;53;54;59
1301;16.08.2013;6;11;13;18;21;23;24;27;34;35;36;37;38;43;44;45;51;52;56;57
1302;17.08.2013;2;3;6;9;12;21;25;29;31;34;39;40;41;44;45;46;51;52;58;59
1303;18.08.2013;1;3;5;6;7;10;11;13;18;21;23;31;32;36;40;42;44;46;49;54
1304;19.08.2013;2;3;8;10;16;19;20;22;24;29;31;37;41;42;43;44;49;52;53;60
1305;20.08.2013;2;3;4;5;6;8;11;17;18;19;23;27;36;37;38;42;43;44;49;51
1306;21.08.2013;2;3;4;5;9;18;21;25;31;35;36;37;38;42;43;47;53;54;57;59
1307;22.08.2013;3;7;8;10;19;21;22;27;29;32;34;35;37;39;40;41;42;48;50;51
1308;23.08.2013;3;4;6;7;8;9;16;18;26;30;35;37;41;43;44;47;48;50;53;59
1309;24.08.2013;2;3;13;14;21;22;27;31;33;34;36;39;47;48;49;55;57;58;59;60
1310;25.08.2013;3;4;8;10;12;13;15;16;17;18;21;22;24;26;30;32;40;47;50;53
1311;26.08.2013;2;9;11;14;17;20;21;22;25;27;29;30;31;34;44;46;47;48;53;59
1312;27.08.2013;5;8;10;14;18;19;22;24;26;32;34;37;39;43;45;51;54;55;59;60
1313;28.08.2013;4;5;12;18;21;22;24;26;29;30;31;34;35;42;45;53;54;55;56;58
1314;29.08.2013;1;2;3;10;13;19;21;23;25;28;31;32;37;40;43;47;50;55;56;58
1315;30.08.2013;1;4;5;8;9;11;16;19;23;24;27;28;31;32;36;39;40;45;47;55
1316;31.08.2013;2;5;7;9;10;11;12;16;18;20;22;29;34;42;47;50;52;55;56;57
1317;01.09.2013;1;4;12;16;19;26;30;34;37;39;40;42;43;44;47;48;49;51;56;60
1318;02.09.2013;1;2;9;13;14;15;16;18;22;23;33;36;38;40;45;50;52;56;59;60
1319;03.09.2013;1;2;3;5;13;15;17;18;19;20;22;30;33;34;37;42;43;46;48;58
1320;04.09.2013;4;5;6;7;11;12;13;15;18;23;24;27;28;31;34;37;39;51;53;58
1321;05.09.2013;3;9;10;11;13;14;15;16;18;25;32;35;36;37;41;42;43;48;50;52
1322;06.09.2013;1;3;6;9;10;14;15;22;25;30;36;41;42;46;47;50;53;55;56;60
1323;07.09.2013;1;2;6;7;12;13;14;16;18;24;25;27;30;31;41;42;46;49;55;60
1324;08.09.2013;2;3;5;6;7;9;13;16;22;25;26;27;29;30;35;36;38;45;56;58
1325;09.09.2013;1;3;4;6;10;12;14;18;21;22;24;30;31;35;37;40;44;46;48;53
1326;10.09.2013;1;3;7;10;13;14;17;19;20;24;27;28;31;35;47;49;54;55;57;60
1327;11.09.2013;1;7;8;12;18;19;20;21;27;30;33;35;36;39;43;47;49;52;53;58
1328;12.09.2013;3;4;7;13;14;19;24;25;26;33;43;44;45;46;48;49;50;53;56;60
1329;13.09.2013;1;6;10;14;16;18;20;24;25;27;31;32;35;36;37;41;51;53;55;58
1330;14.09.2013;3;9;12;17;18;21;23;24;25;29;32;33;40;44;46;52;54;55;56;58
1331;15.09.2013;2;8;11;16;20;23;25;29;35;36;42;44;47;52;53;54;55;57;59;60
1332;16.09.2013;1;2;5;10;11;12;17;18;19;22;25;27;28;30;35;44;52;53;59;60
1333;17.09.2013;1;2;6;10;11;14;17;23;27;28;33;36;39;44;46;53;54;55;57;58
1334;18.09.2013;2;3;4;6;7;10;11;14;20;28;29;30;41;42;45;48;50;51;52;56
1335;19.09.2013;2;8;10;12;13;14;16;23;24;32;33;35;40;42;43;44;46;51;56;58
1336;20.09.2013;7;8;10;15;20;26;27;28;29;30;32;34;36;44;45;51;55;57;58;59
1337;21.09.2013;1;2;12;13;14;17;19;22;24;26;27;30;32;35;36;45;46;55;58;59
1338;22.09.2013;1;5;8;16;17;18;24;26;29;32;36;38;39;40;43;45;46;48;49;50
1339;23.09.2013;1;4;7;19;22;26;30;32;34;37;43;44;47;48;50;53;55;57;59;60
1340;24.09.2013;1;3;7;10;11;14;19;29;31;34;36;39;40;44;45;47;49;51;52;53
1341;25.09.2013;7;11;17;18;21;24;25;28;29;34;37;39;45;48;49;52;53;54;57;59
1342;26.09.2013;2;5;7;9;12;18;19;25;26;27;30;33;34;36;37;42;44;49;54;56
1343;27.09.2013;5;11;13;17;18;19;24;25;26;27;35;36;37;44;48;50;53;56;58;60
1344;28.09.2013;3;8;12;15;17;18;20;21;22;23;27;29;30;31;40;51;55;57;58;59
1345;29.09.2013;2;4;5;11;12;14;15;19;22;25;26;27;34;36;37;43;50;51;54;58
1346;30.09.2013;1;7;8;9;10;14;16;17;19;20;22;24;34;35;36;43;45;47;53;55
1347;01.10.2013;6;7;12;13;22;23;30;33;35;36;37;38;39;40;42;44;48;49;50;53
1348;02.10.2013;3;4;5;12;15;16;17;18;21;22;25;31;32;33;34;36;39;43;47;60
1349;03.10.2013;2;3;9;12;13;17;18;20;23;24;25;27;28;32;33;34;35;36;42;44
1350;04.10.2013;10;15;16;21;24;30;34;35;36;37;39;44;45;47;50;52;54;57;59;60
1351;05.10.2013;5;12;15;19;22;25;26;34;39;40;41;43;44;47;48;50;52;56;59;60
1352;06.10.2013;2;3;8;9;13;17;18;21;26;31;33;35;38;41;44;51;52;53;57;60
1353;07.10.2013;5;9;13;14;16;20;21;22;25;36;42;45;46;47;48;50;52;54;58;60
1354;08.10.2013;1;2;9;10;12;14;21;26;28;29;38;39;41;44;45;49;52;57;58;59
1355;09.10.2013;3;4;5;6;7;11;14;18;19;27;28;32;35;36;37;43;45;50;58;59
1356;10.10.2013;1;2;3;8;9;13;16;17;21;22;23;25;30;33;34;36;37;47;48;51
1357;11.10.2013;1;2;3;4;6;8;9;10;11;13;15;17;18;19;24;26;27;30;31;39
1358;12.10.2013;4;6;7;11;17;18;20;21;27;29;32;39;42;46;49;50;53;54;55;59
1359;13.10.2013;8;14;17;19;21;24;27;28;29;31;32;33;38;44;46;49;51;52;58;60
1360;14.10.2013;3;4;6;11;12;15;18;20;22;23;26;28;32;37;49;50;51;52;53;57
1361;15.10.2013;4;7;8;10;16;18;21;22;24;27;33;37;38;40;46;47;48;54;56;58
1362;16.10.2013;3;7;14;15;16;19;22;24;25;27;32;36;38;43;44;46;52;53;54;57
1363;17.10.2013;1;2;4;7;8;16;18;19;20;24;26;27;30;34;37;40;49;56;57;59
1364;18.10.2013;1;3;7;10;13;14;15;19;30;34;37;39;40;45;49;51;52;55;58;59
1365;19.10.2013;3;5;13;15;21;23;25;29;31;32;33;42;43;44;50;51;52;54;57;60
1366;20.10.2013;1;3;5;6;7;11;12;14;19;20;21;25;27;34;37;38;47;48;51;53
1367;21.10.2013;1;11;12;15;16;17;19;20;21;23;27;29;34;35;38;39;45;54;57;60
1368;22.10.2013;3;9;10;12;15;18;20;21;22;26;31;33;35;37;41;53;54;58;59;60
1369;23.10.2013;1;5;9;10;12;16;18;20;23;28;31;32;33;34;38;47;53;54;55;60
1370;24.10.2013;3;5;9;10;13;17;23;24;28;29;30;34;35;39;43;46;50;56;58;59
1371;25.10.2013;2;3;5;15;16;17;18;29;31;32;34;36;37;43;44;48;54;58;59;60
1372;26.10.2013;1;2;11;12;13;16;18;20;23;28;34;35;40;45;46;47;48;52;56;60
1373;27.10.2013;1;2;5;8;10;13;14;16;19;22;35;36;38;40;47;48;55;57;59;60
1374;28.10.2013;3;5;7;20;21;22;27;28;31;32;35;36;38;42;43;46;49;52;56;57
1375;29.10.2013;3;7;8;9;12;13;15;19;20;23;30;31;36;37;40;46;49;53;54;55
1376;30.10.2013;6;7;13;15;17;18;20;22;24;25;30;31;33;35;37;40;44;48;51;53
1377;31.10.2013;2;3;4;7;10;11;14;22;25;26;27;33;34;35;36;38;45;46;48;57
1378;01.11.2013;4;5;8;9;16;28;30;31;32;35;38;39;40;50;51;53;55;56;57;58
1379;02.11.2013;2;4;10;16;17;18;21;22;23;26;27;28;34;39;41;42;46;48;50;59
1380;03.11.2013;1;5;7;15;17;24;26;28;29;33;34;35;39;43;46;51;52;53;55;57
1381;04.11.2013;1;2;3;13;14;16;17;19;21;22;23;30;33;36;39;40;43;45;50;58
1382;05.11.2013;4;7;9;12;14;15;17;22;23;24;28;29;31;32;39;42;45;47;54;57
1383;06.11.2013;2;5;8;10;11;13;18;20;25;27;29;30;34;38;40;43;44;46;56;57
1384;07.11.2013;3;9;12;13;18;19;21;23;24;27;30;35;37;39;40;45;46;52;55;59
1385;08.11.2013;3;7;8;11;12;14;17;18;20;27;30;32;35;39;42;48;51;55;59;60
1386;09.11.2013;1;9;17;18;21;24;30;33;39;40;41;42;45;46;47;48;52;55;58;60
1387;10.11.2013;2;3;4;5;8;11;26;29;31;33;34;36;38;40;42;43;48;53;54;57
1388;11.11.2013;5;12;13;14;22;23;24;29;36;38;39;40;46;47;50;54;55;56;59;60
1389;12.11.2013;6;9;10;16;20;23;24;28;31;32;34;36;37;38;47;48;51;52;55;58
1390;13.11.2013;5;7;21;22;29;31;32;33;34;36;42;43;44;47;48;51;53;55;56;59
1391;14.11.2013;1;5;7;11;12;14;16;17;19;21;26;30;31;32;33;37;48;51;52;60
1392;15.11.2013;3;5;6;7;9;10;11;16;20;32;38;39;42;46;47;48;51;52;53;57
1393;16.11.2013;2;4;5;15;16;17;23;24;26;27;28;29;31;32;45;48;53;57;59;60
1394;17.11.2013;1;4;9;15;25;28;32;36;40;42;43;45;49;52;54;55;56;58;59;60
1395;18.11.2013;3;5;11;12;15;16;17;18;19;20;21;28;29;37;41;45;48;53;59;60
1396;19.11.2013;2;6;7;12;23;24;26;27;28;30;31;33;36;44;45;49;51;52;55;56
1397;20.11.2013;2;7;12;15;17;18;19;20;21;26;29;34;37;44;46;48;51;54;55;58
1398;21.11.2013;1;8;9;10;11;14;20;21;26;30;31;37;42;44;45;48;51;54;56;57
1399;22.11.2013;1;3;4;10;12;15;18;20;22;24;25;26;28;34;40;47;50;52;55;60
1400;23.11.2013;1;4;7;11;12;16;17;18;21;23;24;25;27;34;38;40;44;53;54;57
1401;24.11.2013;1;4;8;10;24;26;30;31;34;35;36;37;40;42;45;48;49;50;54;59
1402;25.11.2013;1;6;8;11;15;16;17;21;23;24;26;30;33;34;38;42;44;45;47;60
1403;26.11.2013;1;3;4;7;8;10;12;22;25;33;35;36;40;42;48;50;52;55;57;59
1404;27.11.2013;3;4;8;17;23;24;29;36;37;39;42;44;45;46;48;53;55;56;57;59
1405;28.11.2013;1;2;7;8;9;14;16;19;21;22;25;26;29;31;36;38;40;42;52;57
1406;29.11.2013;2;14;15;16;17;19;21;23;29;33;35;37;38;41;44;45;46;54;57;59
1407;30.11.2013;3;5;8;10;13;14;15;21;27;28;30;32;41;45;46;50;53;54;59;60
1408;01.12.2013;3;4;6;7;9;11;12;14;15;19;25;34;38;41;48;50;51;54;58;60
1409;02.12.2013;1;3;4;13;16;18;19;21;24;26;27;31;37;48;52;53;56;57;59;60
1410;03.12.2013;2;8;9;12;18;29;30;31;33;34;36;38;39;43;45;50;54;55;56;58
1411;04.12.2013;4;5;11;12;15;16;17;18;19;21;22;25;26;31;33;34;45;53;54;55
1412;05.12.2013;3;4;5;12;15;17;19;22;25;26;28;29;32;36;38;39;43;44;45;56
1413;06.12.2013;1;14;17;18;19;22;24;26;31;34;37;42;47;48;51;52;57;58;59;60
1414;07.12.2013;1;4;5;8;10;13;14;15;25;27;28;34;35;36;37;39;43;47;53;58
1415;08.12.2013;14;15;23;25;31;32;37;39;40;41;43;44;45;46;50;51;52;53;56;57
1416;09.12.2013;2;3;10;11;13;14;18;19;24;26;29;31;32;44;45;47;51;53;57;58
1417;10.12.2013;4;5;7;9;12;13;18;20;22;29;34;40;41;46;52;53;57;58;59;60
1418;11.12.2013;1;2;3;4;7;14;17;18;19;23;31;32;34;35;37;40;45;47;53;57
1419;12.12.2013;1;5;9;13;18;19;22;23;25;28;32;43;45;46;47;51;52;54;58;60
1420;13.12.2013;4;5;15;18;19;20;22;24;32;33;35;40;41;43;49;50;53;54;58;60
1421;14.12.2013;4;5;12;17;21;25;32;33;34;37;39;45;47;51;52;53;55;58;59;60
1422;15.12.2013;1;6;8;9;12;14;23;24;25;29;30;36;37;42;45;46;53;56;59;60
1423;16.12.2013;5;6;7;10;11;12;16;17;21;23;27;31;33;37;38;47;51;53;56;58
1424;17.12.2013;1;2;3;5;6;13;18;19;21;22;24;25;33;38;40;43;47;49;51;53
1425;18.12.2013;1;7;8;11;14;25;28;29;32;34;41;44;46;47;48;49;50;51;56;59
1426;19.12.2013;1;4;5;10;12;15;16;17;21;22;24;29;32;36;38;42;48;55;56;58
1427;20.12.2013;1;3;4;6;7;8;16;18;20;28;34;36;40;41;42;46;50;53;56;58
1428;21.12.2013;1;2;7;11;12;14;15;16;19;22;24;30;32;35;38;41;42;45;50;57
1429;22.12.2013;2;6;8;14;19;21;23;30;31;32;35;36;42;43;46;47;51;53;54;59
1430;23.12.2013;1;3;9;19;20;21;24;26;27;28;35;37;39;41;43;45;52;53;58;59
1431;24.12.2013;2;10;14;15;16;17;27;30;31;35;36;40;42;44;46;48;52;54;59;60
1432;25.12.2013;4;8;11;15;17;19;24;25;32;33;35;38;39;46;48;50;53;54;56;57
1433;26.12.2013;5;6;8;9;11;13;14;15;17;20;24;29;33;34;38;39;42;47;52;60
1434;27.12.2013;2;3;8;9;13;21;24;26;27;28;31;35;36;43;44;46;49;51;58;60
1435;28.12.2013;1;3;5;7;9;15;22;24;26;27;41;45;46;48;49;50;51;53;54;55
1436;29.12.2013;3;4;8;9;13;14;15;16;21;28;30;32;33;39;42;48;49;52;55;57
1437;30.12.2013;2;6;10;15;16;17;18;20;22;30;31;32;45;46;51;54;55;56;58;59
1438;31.12.2013;1;3;6;14;15;16;21;24;26;27;28;40;41;46;47;48;52;53;55;60
1439;01.01.2014;1;4;5;6;8;9;13;14;16;17;22;26;27;28;45;48;50;52;56;57
1440;02.01.2014;3;6;7;14;16;18;20;22;23;26;40;44;45;47;49;50;52;53;58;59
1441;03.01.2014;1;4;11;15;18;26;27;29;30;32;36;38;40;43;44;45;48;53;56;58
1442;04.01.2014;3;6;8;12;14;16;18;22;25;27;30;31;32;33;49;51;54;55;57;58
1443;05.01.2014;1;8;16;17;21;22;27;28;32;33;34;44;45;48;49;50;52;58;59;60
1444;06.01.2014;2;3;6;7;11;13;15;16;21;24;29;32;34;40;43;46;47;52;59;60
1445;07.01.2014;2;6;7;8;13;19;21;27;30;33;34;36;38;43;49;50;53;54;58;59
1446;08.01.2014;6;11;12;13;15;16;22;27;28;31;34;35;43;44;45;49;54;55;57;59
1447;09.01.2014;1;2;4;7;8;11;14;15;19;22;27;28;29;31;33;37;38;40;45;59
1448;10.01.2014;1;2;7;9;12;14;17;18;20;23;33;35;39;44;49;51;52;55;56;57
1449;11.01.2014;2;3;4;8;9;13;18;20;21;27;36;40;43;44;45;48;50;52;57;60
1450;12.01.2014;2;6;13;16;20;24;29;30;32;34;35;39;45;47;50;51;54;56;58;59
1451;13.01.2014;6;7;13;15;18;21;24;25;29;32;35;36;37;39;43;45;46;51;53;58
1452;14.01.2014;1;3;4;5;9;12;15;18;19;21;26;30;32;33;34;35;36;53;54;55
1453;15.01.2014;3;4;12;13;14;15;17;19;20;22;23;25;27;35;40;44;54;56;59;60
1454;16.01.2014;2;6;7;8;13;14;15;16;20;23;25;26;29;31;35;38;45;46;48;51
1455;17.01.2014;7;8;19;20;28;29;32;34;35;36;41;42;44;46;51;52;55;56;58;59
1456;18.01.2014;3;4;5;14;15;19;23;25;27;28;38;39;43;44;47;50;53;54;58;60
1457;19.01.2014;1;5;12;13;16;17;18;27;29;30;31;39;43;45;46;49;50;52;58;59
1458;20.01.2014;1;3;5;10;12;14;21;23;26;33;35;36;39;41;44;49;51;55;57;60
1459;21.01.2014;1;3;4;16;18;19;22;23;24;26;27;31;35;40;47;49;50;51;56;59
1460;22.01.2014;3;15;16;17;26;27;28;31;34;35;38;42;44;49;51;53;54;55;56;58
1461;23.01.2014;11;17;26;28;29;30;33;34;38;39;40;42;48;49;50;52;53;56;57;60
1462;24.01.2014;1;2;5;6;8;12;14;15;16;17;18;30;36;39;40;47;50;53;56;57
1463;25.01.2014;1;11;16;19;21;23;24;27;31;39;43;44;46;47;52;55;56;57;59;60
1464;26.01.2014;3;8;15;17;20;21;23;24;25;39;40;41;46;48;51;52;55;57;59;60
1465;27.01.2014;5;7;10;14;23;28;30;32;33;35;36;38;39;44;45;47;48;53;58;60
1466;28.01.2014;2;6;8;14;18;20;24;27;30;34;38;40;42;48;50;52;53;54;58;59
1467;29.01.2014;2;8;9;12;13;20;21;24;30;36;38;42;45;46;52;53;54;56;57;60
1468;30.01.2014;2;3;5;6;9;10;16;17;25;30;34;36;38;44;45;47;48;51;56;57
1469;31.01.2014;4;6;7;12;14;18;20;21;32;34;37;39;40;42;43;45;49;53;58;60
1470;01.02.2014;2;3;5;9;11;13;16;17;18;24;26;28;39;43;45;48;50;51;55;58
1471;02.02.2014;3;4;6;11;14;15;19;22;23;24;27;30;34;42;50;52;54;55;58;59
1472;03.02.2014;2;9;10;11;12;23;24;26;34;38;40;43;45;48;50;55;56;57;59;60
1473;04.02.2014;1;6;9;13;15;22;27;29;31;35;43;44;46;48;52;53;54;55;57;59
1474;05.02.2014;1;3;9;12;17;18;20;24;29;36;38;39;40;45;46;48;52;54;58;60
1475;06.02.2014;2;4;8;10;11;16;17;19;23;32;34;40;41;43;49;50;51;56;58;59
1476;07.02.2014;2;4;9;14;15;18;20;22;26;29;30;35;39;44;46;49;50;51;52;54
1477;08.02.2014;2;4;5;9;10;12;15;24;28;32;36;41;42;46;47;48;53;54;56;58
1478;09.02.2014;3;6;8;10;17;21;22;24;29;33;34;36;41;46;48;50;53;57;58;59
1479;10.02.2014;2;3;4;6;10;12;14;16;19;20;22;29;33;37;42;44;47;56;57;58
1480;11.02.2014;1;2;7;10;11;15;16;19;23;27;28;29;33;43;45;47;50;51;55;57
1481;12.02.2014;1;2;5;8;12;22;23;27;30;37;39;40;43;45;49;52;53;54;57;60
1482;13.02.2014;2;3;9;10;12;15;18;20;23;24;27;30;36;40;43;48;51;52;53;56
1483;14.02.2014;1;2;10;11;12;15;22;24;29;30;32;36;39;40;44;48;50;54;55;58
1484;15.02.2014;5;7;9;10;12;16;19;21;22;29;34;35;42;48;49;51;52;54;56;58
1485;16.02.2014;2;3;7;10;14;20;23;30;31;32;33;37;38;39;47;50;51;52;53;60
1486;17.02.2014;4;5;8;9;15;16;19;26;28;31;35;41;44;46;47;49;50;51;52;53
1487;18.02.2014;1;4;9;14;15;20;21;23;30;33;35;36;37;38;40;50;53;55;58;60
1488;19.02.2014;4;9;15;16;19;21;25;27;28;31;33;36;37;38;39;42;45;46;48;52
1489;20.02.2014;6;7;8;11;12;13;14;17;18;21;23;26;27;34;35;42;44;51;55;58
1490;21.02.2014;8;9;11;13;14;15;28;30;33;35;36;39;40;44;45;48;51;52;57;59
1491;22.02.2014;6;8;10;13;15;17;18;19;20;21;22;23;29;31;33;40;48;52;53;55
1492;23.02.2014;2;6;7;12;13;17;20;23;26;30;31;32;38;41;44;45;50;55;58;60
1493;24.02.2014;4;5;7;13;24;25;26;31;33;35;37;41;42;47;49;52;53;55;58;60
1494;25.02.2014;2;3;6;13;14;16;20;21;22;32;36;41;43;45;47;51;52;57;59;60
1495;26.02.2014;1;4;5;10;19;23;25;26;27;29;30;31;36;37;43;48;51;53;59;60
1496;27.02.2014;4;5;17;18;19;22;26;34;38;39;40;41;43;44;46;47;52;55;57;59
1497;28.02.2014;9;12;14;18;21;22;23;26;28;34;35;36;42;43;45;46;47;48;54;56
1498;01.03.2014;2;5;7;10;19;21;22;25;26;29;34;37;40;43;44;48;51;55;56;58
1499;02.03.2014;5;6;11;13;14;19;20;24;25;27;29;31;33;40;43;51;53;55;57;58
1500;03.03.2014;4;6;7;9;10;17;20;22;24;32;33;36;40;45;51;53;54;57;59;60
1501;04.03.2014;3;9;10;11;13;16;18;23;25;29;36;41;42;45;46;47;53;54;55;57
1502;05.03.2014;1;3;4;12;13;17;21;27;30;32;33;36;43;49;50;51;52;55;56;60
1503;06.03.2014;1;3;17;18;20;21;22;25;26;27;31;34;38;40;45;46;50;51;52;57
1504;07.03.2014;7;9;10;15;19;21;23;26;27;28;29;30;32;33;36;51;53;55;58;60
1505;08.03.2014;1;2;3;9;10;14;16;23;28;29;30;32;40;42;47;49;51;53;55;60
1506;09.03.2014;2;4;8;17;19;21;23;25;29;30;31;38;41;44;46;50;52;53;56;59
1507;10.03.2014;10;12;17;18;21;24;25;26;28;30;34;38;48;49;50;51;53;57;58;60
1508;11.03.2014;3;8;12;17;18;20;22;24;25;26;28;29;31;36;40;46;47;53;54;56
1509;12.03.2014;9;11;17;20;22;24;27;28;30;32;35;38;40;42;48;49;50;51;53;59
1510;13.03.2014;1;2;4;10;11;13;14;19;23;25;27;31;35;38;49;51;52;54;58;59
1511;14.03.2014;1;3;8;10;11;15;17;21;22;25;26;27;34;35;38;40;51;53;59;60
1512;15.03.2014;2;4;6;12;14;16;21;24;26;27;29;36;42;43;44;45;47;52;54;59
1513;16.03.2014;10;13;15;18;26;27;30;31;32;35;38;39;40;43;44;48;49;54;57;58
1514;17.03.2014;1;7;11;12;13;20;21;22;26;30;32;38;41;42;46;49;53;57;58;59
1515;18.03.2014;6;7;8;15;17;18;23;28;30;34;35;36;37;38;45;50;52;54;57;58
1516;19.03.2014;3;6;12;13;16;23;25;27;28;29;30;33;36;40;49;50;53;54;56;58
1517;20.03.2014;3;8;10;14;16;23;26;29;31;32;38;48;49;51;52;54;55;56;57;58
1518;21.03.2014;1;3;5;6;14;17;18;22;25;26;27;28;29;30;36;38;40;53;56;59
1519;22.03.2014;4;12;19;20;21;22;23;25;29;30;31;37;39;45;46;48;49;54;55;57
1520;23.03.2014;1;6;7;9;10;11;14;15;17;31;32;38;42;45;48;51;52;54;58;60
1521;24.03.2014;6;7;11;13;16;20;21;22;23;25;27;29;32;35;38;39;47;49;54;56
1522;25.03.2014;3;4;7;8;9;18;29;30;31;36;37;38;42;45;46;47;48;51;52;55
1523;26.03.2014;3;6;7;8;11;12;15;16;18;26;36;38;40;41;42;52;56;57;58;60
1524;27.03.2014;1;13;14;17;18;20;23;27;28;29;30;34;35;36;39;40;42;44;45;54
1525;28.03.2014;1;2;3;4;5;6;10;13;16;18;20;21;26;30;31;34;37;41;43;46
1526;29.03.2014;6;9;13;15;25;26;29;30;32;36;37;39;40;44;47;48;49;51;52;56
1527;30.03.2014;4;8;10;11;12;21;25;28;29;32;35;40;46;50;52;53;54;55;56;57
1528;31.03.2014;1;4;7;11;12;16;17;22;24;30;36;40;43;44;48;52;53;56;58;60
1529;01.04.2014;1;2;4;8;11;12;13;14;22;23;28;30;38;39;40;49;54;55;56;60
1530;02.04.2014;1;5;8;9;13;23;27;30;34;36;38;41;42;47;48;54;57;58;59;60
1531;03.04.2014;2;5;6;11;13;14;17;18;21;25;27;30;31;32;35;38;41;42;45;52
1532;04.04.2014;2;8;15;19;20;21;22;23;25;27;29;44;46;49;50;53;54;55;56;58
1533;05.04.2014;6;7;9;15;18;23;28;29;31;32;35;37;39;40;42;48;49;50;51;56
1534;06.04.2014;4;5;7;11;14;15;17;25;26;28;29;32;37;50;51;53;54;55;56;59
1535;07.04.2014;2;3;5;8;13;14;15;21;25;26;28;32;34;39;44;45;48;51;55;58
1536;08.04.2014;1;4;5;7;11;12;21;26;28;33;36;42;43;45;46;47;51;55;58;60
1537;09.04.2014;3;4;6;7;8;12;13;14;16;18;19;26;27;40;45;48;51;53;55;60
1538;10.04.2014;1;7;9;10;15;19;20;21;24;25;28;32;34;36;37;48;49;50;53;57
1539;11.04.2014;2;3;4;5;9;10;13;15;17;32;35;39;44;48;50;51;53;55;57;59
1540;12.04.2014;1;3;5;7;12;15;20;24;26;29;30;32;33;36;38;39;47;48;50;58
1541;13.04.2014;2;4;6;8;11;12;14;18;20;21;22;28;32;36;37;41;46;48;49;60
1542;14.04.2014;7;12;13;14;15;16;18;20;21;24;31;32;36;43;48;49;51;54;59;60
1543;15.04.2014;3;5;8;15;17;18;23;28;34;39;40;44;46;48;50;53;54;56;58;60
1544;16.04.2014;1;4;10;19;20;21;25;26;27;33;34;35;37;41;46;55;56;57;59;60
1545;17.04.2014;1;5;8;10;13;15;16;17;19;27;28;33;38;40;42;43;47;48;53;58
1546;18.04.2014;5;7;9;10;11;12;14;15;20;26;27;33;35;39;41;43;46;51;55;59
1547;19.04.2014;3;4;7;8;10;11;14;17;19;21;23;29;31;32;37;39;43;46;50;52
1548;20.04.2014;2;4;6;9;11;15;21;23;25;31;34;36;38;42;43;46;47;53;56;60
1549;21.04.2014;2;4;9;10;11;13;16;19;20;29;35;39;40;43;44;49;50;51;55;56
1550;22.04.2014;5;10;12;13;17;18;23;25;29;30;31;36;37;42;44;47;49;54;58;60
1551;23.04.2014;2;5;6;16;18;20;22;24;25;26;27;29;31;36;44;48;50;52;55;60
1552;24.04.2014;2;4;5;6;8;10;14;16;19;21;24;29;37;42;43;50;51;53;55;57
1553;25.04.2014;6;13;14;18;19;20;24;26;28;32;33;36;37;39;47;55;56;57;58;60
1554;26.04.2014;4;5;6;9;10;12;14;16;19;24;25;26;29;34;38;44;45;51;54;55
1555;27.04.2014;2;3;4;6;8;11;21;26;29;32;36;41;45;46;48;50;51;52;53;55
1556;28.04.2014;5;7;8;10;11;16;17;18;21;24;25;29;34;38;44;46;48;51;54;58
1557;29.04.2014;4;5;7;10;12;15;17;21;22;28;32;33;34;35;42;43;47;50;54;55
1558;30.04.2014;1;5;6;11;12;17;20;23;25;26;29;34;35;36;41;48;50;51;53;60
1559;01.05.2014;3;5;11;15;21;23;24;25;27;29;36;37;38;40;41;45;51;52;53;56
1560;02.05.2014;4;6;20;22;23;27;30;31;32;33;34;37;41;43;46;48;51;54;59;60
1561;03.05.2014;2;4;5;10;11;19;23;25;32;35;38;40;41;42;45;48;54;55;57;58
1562;04.05.2014;5;6;7;11;14;16;17;21;22;26;34;42;44;48;49;50;53;55;59;60
1563;05.05.2014;6;7;9;15;16;17;18;21;26;27;29;33;42;43;45;46;48;53;54;60
1564;06.05.2014;6;18;24;30;34;35;37;39;40;41;43;44;45;46;47;54;56;57;58;59
1565;07.05.2014;1;4;6;9;12;15;21;23;24;25;26;27;30;37;39;42;43;50;53;57
1566;08.05.2014;2;4;10;15;16;21;25;29;33;38;42;43;44;47;49;51;54;55;56;57
1567;09.05.2014;5;7;8;15;16;17;20;27;29;30;31;34;37;42;49;52;53;55;58;60
1568;10.05.2014;3;5;11;14;15;17;21;30;31;32;34;41;43;44;46;49;50;52;54;58
1569;11.05.2014;1;2;6;10;15;16;22;25;36;37;39;42;43;44;49;51;52;54;55;56
1570;12.05.2014;1;5;6;7;12;14;15;17;21;22;23;31;36;44;46;52;55;57;58;59
1571;13.05.2014;3;8;10;13;21;23;26;29;30;33;39;40;41;45;51;52;56;57;58;59
1572;14.05.2014;2;6;8;11;13;14;21;22;24;25;31;37;38;41;47;48;49;54;57;59
1573;15.05.2014;1;6;11;15;16;18;29;30;31;32;34;35;40;44;47;48;50;52;53;57
1574;16.05.2014;3;5;9;13;17;20;21;23;25;27;31;33;37;38;41;42;45;52;54;55
1575;17.05.2014;3;4;7;13;14;15;17;18;32;35;37;38;43;44;47;51;53;54;55;60
1576;18.05.2014;2;3;8;12;14;16;17;19;23;26;27;30;38;48;50;52;54;55;58;60
1577;19.05.2014;2;3;6;10;15;16;23;25;33;34;35;37;39;41;44;48;51;54;57;60
1578;20.05.2014;3;5;9;10;16;20;22;23;27;33;36;40;49;50;51;54;55;56;57;59
1579;21.05.2014;11;15;22;23;24;25;27;28;29;30;34;35;44;45;48;49;53;55;57;58
1580;22.05.2014;1;3;5;6;9;11;15;16;17;27;28;30;35;36;38;43;48;49;54;56
1581;23.05.2014;1;2;6;13;19;20;22;24;25;26;27;28;30;45;46;47;48;53;55;57
1582;24.05.2014;3;5;8;9;11;13;17;22;24;25;28;29;39;40;43;53;54;55;57;59
1583;25.05.2014;1;2;3;4;14;17;18;20;23;25;27;29;30;31;32;37;51;52;55;56
1584;26.05.2014;1;4;7;17;20;22;23;24;25;31;34;42;43;44;48;49;52;55;56;57
1585;27.05.2014;3;7;8;9;18;20;25;26;29;31;32;34;40;45;48;54;57;58;59;60
1586;28.05.2014;5;8;9;12;13;14;19;22;24;26;31;33;34;38;41;42;47;48;53;60
1587;29.05.2014;14;16;18;25;26;27;31;38;39;41;42;43;46;47;49;52;56;58;59;60
1588;30.05.2014;5;6;10;14;20;21;24;29;30;33;36;37;41;42;44;51;52;56;58;59
1589;31.05.2014;1;3;6;8;16;22;29;31;33;34;37;39;40;44;51;53;54;57;59;60
1590;01.06.2014;4;6;14;17;18;22;26;27;28;30;32;35;38;46;49;54;55;56;57;59
1591;02.06.2014;5;9;11;18;24;25;28;29;30;33;34;37;39;40;44;51;56;57;59;60
1592;03.06.2014;6;9;13;15;19;25;26;27;30;31;44;46;49;50;52;54;55;56;58;60
1593;04.06.2014;1;7;12;13;15;19;21;22;27;31;32;33;35;37;40;42;45;48;49;59
1594;05.06.2014;7;9;11;13;16;19;21;26;27;31;32;36;37;38;39;51;52;55;58;60
1595;06.06.2014;4;5;7;9;11;16;18;20;23;30;31;34;41;42;51;55;56;57;58;60
1596;07.06.2014;2;3;4;5;14;17;20;21;26;27;28;32;41;45;48;50;51;52;57;59
1597;08.06.2014;6;9;10;12;14;17;18;20;21;22;23;26;30;34;38;40;47;56;58;60
1598;09.06.2014;3;7;16;18;21;22;23;24;28;29;30;32;42;43;46;47;52;53;55;58
1599;10.06.2014;1;9;14;16;18;23;24;29;31;33;37;44;45;46;47;52;54;56;57;59
1600;11.06.2014;2;3;4;9;11;13;14;18;22;25;30;34;35;36;41;43;46;48;52;58
1601;12.06.2014;3;13;16;20;22;23;26;27;29;30;38;39;41;46;49;52;53;54;58;60
1602;13.06.2014;2;4;8;12;15;16;18;20;23;24;25;26;28;29;30;35;40;45;57;60
1603;14.06.2014;1;3;4;5;9;11;13;14;16;19;24;32;35;37;39;40;42;44;45;54
1604;15.06.2014;3;5;8;9;10;13;14;18;26;32;34;35;36;37;43;44;48;50;52;58
1605;16.06.2014;1;2;4;7;10;16;18;20;21;22;23;24;30;39;42;51;52;53;57;59
1606;17.06.2014;1;2;5;6;11;17;18;20;21;31;34;40;45;46;47;49;51;57;59;60
1607;18.06.2014;2;6;7;9;10;12;27;28;31;36;37;38;39;44;47;49;51;52;53;57
1608;19.06.2014;2;3;5;9;11;14;19;23;24;32;33;38;42;48;51;52;54;55;57;60
1609;20.06.2014;3;10;12;14;15;16;17;28;29;36;37;38;42;43;51;55;56;57;58;59
1610;21.06.2014;3;5;6;7;8;9;20;24;25;27;28;30;35;38;39;43;47;55;58;60
1611;22.06.2014;8;11;12;17;18;22;24;26;28;32;36;37;41;45;46;49;53;54;55;56
1612;23.06.2014;1;3;5;8;12;13;19;24;28;29;32;33;34;36;37;44;48;50;52;56
1613;24.06.2014;2;7;14;17;19;24;25;28;29;30;34;35;38;43;44;49;53;56;59;60
1614;25.06.2014;1;2;10;11;12;14;17;19;20;21;24;26;28;29;31;33;34;36;39;51
1615;26.06.2014;2;3;4;12;13;15;16;17;21;26;28;32;34;39;47;50;51;55;56;58
1616;27.06.2014;5;9;10;12;14;15;16;21;24;25;27;28;32;35;40;43;46;51;59;60
1617;28.06.2014;1;2;3;7;13;14;15;16;17;18;19;20;22;28;31;36;42;43;44;46
1618;29.06.2014;3;6;7;10;14;15;21;23;29;32;35;36;38;41;43;46;48;49;52;56
1619;30.06.2014;3;5;6;11;21;22;24;25;27;29;33;36;38;40;42;43;50;53;56;59
1620;01.07.2014;4;5;7;8;17;18;24;25;26;31;33;34;36;38;45;48;49;51;52;59
1621;02.07.2014;6;9;14;15;18;19;27;28;29;30;36;38;40;45;47;49;50;51;55;56
1622;03.07.2014;1;2;3;4;8;9;10;14;16;20;29;39;41;42;43;44;48;52;57;59
1623;04.07.2014;4;6;7;17;19;20;22;23;24;26;27;28;29;31;35;41;52;53;56;60
1624;05.07.2014;2;3;5;7;12;14;18;21;22;23;24;26;29;30;33;39;44;45;49;58
1625;06.07.2014;2;4;5;7;10;11;14;16;21;24;26;28;34;39;42;43;47;48;49;55
1626;07.07.2014;2;5;11;13;17;18;19;25;26;28;29;32;36;40;44;51;52;55;56;57
1627;08.07.2014;7;9;10;14;17;21;25;26;27;29;30;32;36;37;38;42;46;48;50;57
1628;09.07.2014;4;7;8;10;14;17;18;24;25;27;30;32;39;43;51;52;53;54;55;57
1629;10.07.2014;4;5;6;9;15;18;20;25;26;30;31;33;36;41;43;48;49;55;56;60
1630;11.07.2014;9;10;13;16;20;22;28;32;33;34;36;42;43;44;47;49;51;53;57;59
1631;12.07.2014;2;5;7;10;12;13;16;19;25;26;31;34;37;39;40;44;48;49;50;51
1632;13.07.2014;1;3;4;5;7;8;10;20;21;23;27;29;32;40;41;49;50;51;52;60
1633;14.07.2014;2;3;5;9;10;11;24;25;26;27;30;32;33;37;41;47;49;51;53;55
1634;15.07.2014;4;7;8;11;17;18;21;22;25;31;36;40;41;44;51;52;53;54;55;56
1635;16.07.2014;1;3;5;10;11;15;18;19;20;21;22;24;26;31;34;41;47;52;58;60
1636;17.07.2014;1;4;5;6;8;16;20;21;22;23;24;27;30;32;34;36;48;49;52;56
1637;18.07.2014;1;6;8;12;14;20;26;27;28;30;31;38;41;45;49;52;56;57;58;59
1638;19.07.2014;2;6;7;9;17;20;22;24;27;31;38;39;42;47;50;52;53;55;56;58
1639;20.07.2014;2;3;5;6;14;16;18;19;23;27;32;33;37;40;42;43;45;47;53;57
1640;21.07.2014;9;10;11;14;15;17;22;24;25;27;33;35;43;44;45;47;49;53;55;59
1641;22.07.2014;5;9;12;13;14;15;16;22;24;26;28;32;35;36;44;47;48;50;53;59
1642;23.07.2014;1;5;6;7;12;13;18;22;24;25;28;30;33;36;38;45;48;50;51;59
1643;24.07.2014;1;11;17;19;26;27;28;30;31;34;37;39;40;41;46;48;49;51;55;56
1644;25.07.2014;3;13;14;17;20;22;24;28;29;33;36;38;39;40;44;46;48;49;50;58
1645;26.07.2014;1;5;9;11;12;14;16;18;23;24;27;29;30;31;34;37;47;52;54;55
1646;27.07.2014;1;4;14;18;27;28;33;35;36;42;43;45;48;50;51;52;56;58;59;60
1647;28.07.2014;2;7;11;14;15;20;21;29;32;33;34;37;38;47;50;51;54;55;59;60
1648;29.07.2014;5;7;11;13;14;18;21;27;31;36;38;39;48;49;53;54;55;56;57;59
1649;30.07.2014;4;6;13;14;16;20;23;24;25;26;28;33;35;36;39;43;51;53;55;56
1650;31.07.2014;6;8;10;13;14;17;19;21;28;29;30;38;39;42;44;45;48;51;53;55
1651;01.08.2014;5;7;11;16;17;18;19;20;21;26;28;29;33;36;39;40;41;53;57;58
1652;02.08.2014;3;4;6;7;9;16;17;24;31;34;38;40;43;46;50;52;53;55;58;59
1653;03.08.2014;1;10;16;19;22;31;34;35;37;40;41;42;44;49;50;52;54;55;56;59
1654;04.08.2014;1;3;5;13;14;18;19;21;28;32;33;34;36;37;39;43;44;46;48;57
1655;05.08.2014;1;4;7;9;10;13;16;18;20;22;24;25;27;31;32;38;41;48;51;52
1656;06.08.2014;1;5;6;8;9;10;14;16;19;20;31;36;44;48;50;52;53;54;56;59
1657;07.08.2014;4;5;6;7;9;10;12;13;17;29;31;32;34;42;43;46;48;51;52;58
1658;08.08.2014;2;5;6;8;14;16;18;28;29;36;41;43;45;50;51;54;55;56;58;60
1659;09.08.2014;1;10;13;17;19;24;25;29;30;32;33;36;39;47;48;52;56;57;58;60
1660;10.08.2014;1;8;11;14;19;20;22;24;29;31;33;34;37;39;41;43;48;49;54;59
1661;11.08.2014;2;3;4;13;18;24;26;27;30;33;38;41;44;48;50;54;55;56;57;58
1662;12.08.2014;1;2;4;6;9;17;22;24;27;39;40;42;45;47;49;50;54;55;59;60
1663;13.08.2014;1;4;8;11;17;19;20;22;32;33;35;38;39;41;44;50;54;55;56;60
1664;14.08.2014;10;14;17;19;23;25;26;28;30;32;41;43;46;48;49;53;56;57;59;60
1665;15.08.2014;4;12;13;16;19;24;26;27;30;35;36;37;38;43;46;47;50;54;57;60
1666;16.08.2014;2;7;8;12;14;15;17;20;21;22;23;27;29;41;43;46;52;53;58;60
1667;17.08.2014;1;4;5;6;8;10;12;19;20;22;23;29;36;40;41;46;52;54;55;60
1668;18.08.2014;5;7;14;22;27;30;36;38;39;41;43;44;45;47;48;50;52;53;57;59
1669;19.08.2014;2;9;10;14;15;20;27;30;32;33;34;35;36;38;40;47;49;52;54;60
1670;20.08.2014;1;3;5;7;11;14;16;19;21;29;30;31;41;47;49;52;54;58;59;60
1671;21.08.2014;4;8;11;15;18;22;23;26;27;28;38;39;41;43;45;52;53;58;59;60
1672;22.08.2014;3;8;10;11;14;18;20;29;30;31;33;34;39;40;42;47;48;49;50;53
1673;23.08.2014;1;3;4;6;10;14;16;19;24;27;35;36;39;42;48;51;52;54;55;56
1674;24.08.2014;3;4;8;9;14;16;17;18;26;28;31;36;38;44;46;52;53;57;59;60
1675;25.08.2014;1;4;6;8;9;19;20;25;26;29;31;36;37;38;41;45;51;53;57;59
1676;26.08.2014;2;3;5;7;9;12;13;14;24;28;30;36;40;42;43;45;50;53;54;59
1677;27.08.2014;2;5;16;18;19;24;25;29;30;31;32;36;38;42;48;50;51;53;54;60
1678;28.08.2014;2;4;6;9;12;19;24;33;35;36;37;47;48;49;50;51;52;53;55;59
1679;29.08.2014;1;3;6;7;10;11;16;19;20;23;26;28;29;31;40;41;46;47;52;60
1680;30.08.2014;4;10;11;15;17;22;26;29;34;37;40;41;43;44;46;48;55;57;59;60
1681;31.08.2014;3;8;10;20;22;23;25;28;30;31;32;37;41;43;45;46;47;50;54;57
1682;01.09.2014;3;4;5;9;11;16;19;20;25;27;28;30;36;37;40;45;47;52;55;57
1683;02.09.2014;4;5;11;14;16;20;23;27;32;37;38;42;47;48;49;51;53;55;56;57
1684;03.09.2014;6;7;9;10;13;18;19;21;23;24;27;31;40;43;46;47;48;49;55;56
1685;04.09.2014;5;9;11;16;18;19;25;26;30;31;32;36;39;46;47;48;49;58;59;60
1686;05.09.2014;7;9;11;13;14;16;18;26;27;29;30;36;37;46;48;49;52;53;57;60
1687;06.09.2014;1;4;8;13;14;15;16;17;22;26;28;29;33;34;36;41;44;52;54;60
1688;07.09.2014;1;3;4;5;6;11;13;16;17;23;24;35;44;48;51;52;54;56;58;60
1689;08.09.2014;3;4;10;20;24;26;28;30;31;34;35;37;39;40;43;46;47;49;53;54
1690;09.09.2014;7;8;10;12;14;17;19;24;29;32;33;35;41;48;49;53;56;57;58;60
1691;10.09.2014;5;9;11;13;14;17;18;23;24;27;32;35;36;37;38;40;46;55;56;59
1692;11.09.2014;3;7;8;9;10;12;16;21;26;30;31;34;37;39;41;42;44;56;59;60
1693;12.09.2014;1;6;8;10;12;16;17;21;27;28;29;30;32;34;35;38;42;45;50;56
1694;13.09.2014;1;3;5;11;14;16;17;18;20;27;37;38;42;45;50;51;53;54;56;58
1695;14.09.2014;1;6;11;12;13;17;18;24;28;29;33;36;37;41;42;46;48;56;57;59
1696;15.09.2014;2;3;5;8;9;10;11;15;25;32;33;34;39;44;46;51;52;53;55;58
1697;16.09.2014;1;4;5;7;18;20;21;22;23;25;26;27;34;35;42;51;54;56;57;58
1698;17.09.2014;5;7;10;11;18;21;26;27;29;30;32;35;37;40;41;47;54;55;56;60
1699;18.09.2014;1;4;5;7;9;11;13;21;26;27;28;29;30;31;33;47;50;53;54;57
1700;19.09.2014;1;4;7;10;12;15;16;20;22;23;26;28;33;34;37;39;42;45;46;58
1701;20.09.2014;1;6;7;8;11;15;21;24;26;32;36;43;47;50;51;53;54;55;56;57
1702;21.09.2014;4;8;11;12;20;21;23;25;31;34;35;41;44;51;53;54;55;57;58;60
1703;22.09.2014;6;11;12;14;19;21;28;31;32;33;34;35;39;42;48;49;50;53;57;58
1704;23.09.2014;1;4;8;11;17;18;24;34;35;36;39;41;49;52;53;54;55;56;59;60
1705;24.09.2014;3;4;5;6;7;9;11;18;20;23;24;28;33;34;36;42;44;45;48;57
1706;25.09.2014;4;10;11;13;14;15;16;17;31;33;36;37;39;43;46;47;48;49;56;60
1707;26.09.2014;1;3;4;8;11;12;15;16;23;25;29;32;35;36;45;47;51;53;55;57
1708;27.09.2014;3;4;5;6;7;14;19;22;26;30;31;32;33;37;38;43;44;52;54;59
1709;28.09.2014;1;2;3;5;9;13;16;17;19;20;22;28;33;42;43;45;55;56;57;58
1710;29.09.2014;2;6;10;13;16;18;19;22;27;33;35;37;42;45;48;51;56;57;58;60
1711;30.09.2014;5;11;13;14;15;20;21;26;28;29;32;35;36;38;39;41;50;52;53;56
1712;01.10.2014;1;6;8;14;15;16;17;19;26;28;37;41;48;49;51;52;54;55;58;59
1713;02.10.2014;7;8;10;11;14;15;18;21;23;24;29;30;31;34;40;43;49;52;57;58
1714;03.10.2014;2;4;10;11;18;19;21;22;28;36;39;40;42;43;45;48;51;53;56;60
1715;04.10.2014;2;4;5;6;9;13;15;18;21;22;27;29;30;34;35;38;41;48;50;59
1716;05.10.2014;2;8;9;12;14;17;20;22;26;28;36;38;41;42;50;52;53;56;57;59
1717;06.10.2014;1;3;6;11;12;14;15;18;23;27;32;37;38;40;44;51;53;56;57;58
1718;07.10.2014;1;3;10;12;13;17;18;19;20;24;26;28;29;35;45;47;51;53;59;60
1719;08.10.2014;4;6;7;9;11;16;20;21;23;27;33;36;37;38;42;47;48;52;53;55
1720;09.10.2014;3;6;7;9;11;17;18;20;21;22;25;26;27;33;36;39;42;45;51;59
1721;10.10.2014;9;10;11;13;17;18;20;24;28;34;35;38;43;44;48;51;53;55;57;58
1722;11.10.2014;1;2;3;10;14;16;17;19;20;25;32;40;42;46;47;49;50;52;53;56
1723;12.10.2014;2;4;6;7;8;11;19;24;25;28;29;30;32;34;38;43;45;51;52;53
1724;13.10.2014;2;6;7;10;13;16;17;22;23;24;28;29;34;36;38;44;46;48;56;60
1725;14.10.2014;3;4;5;8;11;19;31;34;46;47;49;50;51;52;54;55;56;57;59;60
1726;15.10.2014;2;3;7;9;15;17;26;27;29;31;33;34;36;37;38;42;45;47;51;57
1727;16.10.2014;1;7;8;16;17;20;23;27;29;30;33;35;41;42;43;51;54;56;57;58
1728;17.10.2014;2;3;6;13;14;19;20;22;25;27;28;36;38;41;47;48;49;53;58;60
1729;18.10.2014;3;4;7;8;10;11;14;15;19;20;30;32;33;36;39;47;53;55;58;60
1730;19.10.2014;7;8;9;11;13;15;20;22;24;25;26;28;34;37;50;53;57;58;59;60
1731;20.10.2014;2;3;4;8;11;16;18;22;31;34;37;39;42;44;45;47;50;55;56;59
1732;21.10.2014;2;3;4;6;9;12;17;21;24;25;26;31;37;41;44;49;51;55;57;59
1733;22.10.2014;3;4;5;7;8;10;11;13;27;32;40;41;42;45;48;51;52;56;57;59
1734;23.10.2014;1;9;12;13;19;20;21;27;28;34;35;37;39;40;41;42;43;49;53;60
1735;24.10.2014;7;8;10;11;13;24;25;26;28;29;31;34;35;40;41;48;54;55;57;59
1736;25.10.2014;1;4;8;12;19;22;24;26;29;30;33;34;36;37;41;47;51;52;56;60
1737;26.10.2014;1;2;6;12;16;21;24;28;29;35;42;43;44;51;53;54;55;56;57;58
1738;27.10.2014;4;5;6;10;12;15;16;17;22;25;27;28;31;39;40;44;53;54;55;59
1739;28.10.2014;7;8;9;11;15;19;23;27;28;30;32;34;35;38;40;44;45;52;53;57
1740;29.10.2014;1;5;20;23;25;27;28;30;33;35;36;39;40;46;54;55;56;57;59;60
1741;30.10.2014;3;9;12;20;21;25;27;29;30;31;32;34;36;38;39;49;50;53;58;60
1742;31.10.2014;4;5;6;8;11;14;17;20;22;23;33;34;41;42;44;47;48;53;54;58
1743;01.11.2014;7;8;9;12;13;15;20;23;25;31;33;40;41;42;43;47;48;54;57;59
1744;02.11.2014;7;12;18;21;22;27;30;35;36;38;39;40;41;44;47;51;52;53;54;57
1745;03.11.2014;1;3;4;5;6;7;9;12;15;17;18;19;29;32;35;40;46;49;50;52
1746;04.11.2014;5;8;10;11;12;14;20;28;30;32;33;36;41;45;48;49;51;53;58;60
1747;05.11.2014;4;10;13;14;15;16;17;18;19;22;33;34;35;36;38;40;42;48;50;55
1748;06.11.2014;2;3;4;10;12;17;19;21;28;29;32;35;37;40;44;48;49;51;55;56
1749;07.11.2014;2;5;6;9;11;17;19;20;22;27;28;39;44;47;49;50;51;52;53;54
1750;08.11.2014;5;8;10;12;16;23;27;28;29;31;33;34;37;43;46;47;50;53;54;60
1751;09.11.2014;1;5;8;11;15;20;21;22;23;24;31;37;39;40;48;50;51;53;57;59
1752;10.11.2014;1;2;3;4;8;11;16;20;21;24;26;43;44;46;47;49;55;56;59;60
1753;11.11.2014;1;4;8;9;11;14;17;22;23;27;32;39;40;42;43;45;46;53;54;57
1754;12.11.2014;2;5;6;9;14;16;20;21;22;24;31;34;40;41;48;49;54;57;59;60
1755;13.11.2014;9;11;12;13;19;28;29;32;34;37;40;43;47;49;50;51;52;54;59;60
1756;14.11.2014;4;8;10;11;13;15;18;21;24;25;31;33;35;36;37;40;47;56;57;58
1757;15.11.2014;1;5;7;8;13;14;15;19;22;25;32;39;41;46;50;51;52;55;57;59
1758;16.11.2014;3;5;7;8;13;16;18;19;20;22;29;30;36;38;40;45;48;54;59;60
1759;17.11.2014;1;4;6;7;8;9;14;16;21;23;24;25;26;30;34;38;47;51;58;60
1760;18.11.2014;2;4;5;8;9;12;15;20;27;28;29;30;33;35;37;46;54;56;57;59
1761;19.11.2014;1;2;4;10;13;14;19;25;27;28;29;32;35;36;39;44;45;51;53;58
1762;20.11.2014;1;4;9;10;13;15;19;27;30;31;34;38;39;42;46;48;51;52;53;55
1763;21.11.2014;1;2;6;7;8;16;17;20;22;23;27;29;30;31;33;45;49;51;58;59
1764;22.11.2014;2;3;4;5;8;10;11;14;15;19;21;23;26;30;33;35;40;53;54;55
1765;23.11.2014;6;8;10;12;13;21;22;23;25;36;37;38;44;45;47;49;51;52;55;57
1766;24.11.2014;1;4;9;10;11;13;18;19;22;26;29;31;33;37;39;40;45;51;56;57
1767;25.11.2014;3;6;7;10;12;17;21;27;28;30;31;32;35;41;44;48;50;53;54;57
1768;26.11.2014;12;17;20;22;24;25;28;30;31;32;33;34;38;41;42;46;52;55;56;59
1769;27.11.2014;4;7;9;10;15;16;17;18;19;20;24;28;37;40;45;50;52;53;56;60
1770;28.11.2014;5;6;8;9;12;14;16;18;19;29;30;31;36;40;43;45;46;51;57;60
1771;29.11.2014;9;12;19;25;26;27;30;33;37;40;41;42;47;48;52;53;55;57;58;60
1772;30.11.2014;2;4;9;10;11;12;13;14;16;18;19;24;25;26;27;28;30;41;45;50
1773;01.12.2014;2;8;9;11;14;21;22;25;27;28;29;30;31;32;33;35;36;41;58;59
1774;02.12.2014;1;3;5;6;7;10;11;16;20;21;22;23;36;41;43;44;52;56;58;59
1775;03.12.2014;3;12;13;15;17;21;28;30;31;33;35;40;42;43;44;45;46;47;54;60
1776;04.12.2014;1;3;6;12;16;17;18;22;26;28;29;30;31;38;39;40;45;46;47;55
1777;05.12.2014;5;6;13;16;17;18;20;22;26;27;29;32;33;38;39;40;41;47;55;58
1778;06.12.2014;2;7;9;11;17;21;24;25;26;27;28;30;33;34;35;50;51;53;54;60
1779;07.12.2014;5;7;9;11;15;21;22;23;26;29;31;35;40;41;42;45;46;48;53;59
1780;08.12.2014;3;6;8;11;13;16;17;23;24;27;38;39;41;42;43;46;52;58;59;60
1781;09.12.2014;1;2;9;12;14;15;23;29;30;31;32;34;35;37;46;51;52;54;56;58
1782;10.12.2014;1;3;6;7;10;20;23;24;25;27;30;32;36;37;40;43;44;48;49;51
1783;11.12.2014;2;3;9;10;13;15;17;18;19;25;26;27;31;33;39;40;45;55;56;59
1784;12.12.2014;3;4;10;13;15;16;17;31;35;39;40;41;44;45;47;50;52;53;56;58
1785;13.12.2014;1;2;6;7;9;10;11;14;21;22;26;37;40;41;43;46;55;56;59;60
1786;14.12.2014;1;2;3;5;9;13;14;19;23;25;26;27;29;36;38;39;50;51;53;59
1787;15.12.2014;1;2;10;11;14;17;19;20;21;23;37;38;39;42;43;45;48;51;55;60
1788;16.12.2014;2;3;8;9;13;14;17;18;21;28;29;30;32;37;41;44;45;51;52;55
1789;17.12.2014;2;5;6;7;8;11;22;30;34;38;41;42;43;46;49;51;54;58;59;60
1790;18.12.2014;3;8;12;13;18;19;23;32;33;35;38;42;47;50;51;52;55;56;57;59
1791;19.12.2014;4;6;8;9;11;13;17;18;21;28;35;36;37;40;41;48;49;52;56;59
1792;20.12.2014;2;4;8;10;11;12;15;19;20;21;22;27;37;41;42;45;48;49;52;60
1793;21.12.2014;1;4;6;9;10;13;14;15;17;21;22;23;32;33;35;38;39;44;48;52
1794;22.12.2014;1;3;16;22;23;25;26;28;29;34;35;40;41;44;47;49;51;52;53;56
1795;23.12.2014;1;4;9;10;12;18;20;22;24;26;27;30;32;36;43;45;51;53;55;57
1796;24.12.2014;6;14;17;18;20;22;23;28;29;30;31;33;36;43;46;49;54;55;58;60
1797;25.12.2014;2;6;9;12;16;20;21;24;27;28;33;38;39;40;41;42;43;55;56;60
1798;26.12.2014;3;4;5;6;10;12;15;22;30;32;34;36;37;40;45;47;49;54;56;57
1799;27.12.2014;3;4;5;8;15;19;21;22;27;30;31;37;40;43;44;49;51;57;58;59
1800;28.12.2014;1;5;13;14;16;19;21;22;23;24;27;30;31;36;51;52;53;55;56;59
1801;29.12.2014;1;3;8;11;15;22;23;24;25;30;31;32;34;35;37;41;44;50;57;59
1802;30.12.2014;4;5;8;11;14;15;16;21;23;26;34;41;42;47;48;51;52;54;56;60
1803;31.12.2014;7;8;10;16;19;21;22;23;24;29;30;34;35;36;37;38;46;47;49;59
1804;01.01.2015;1;2;7;8;10;12;13;14;18;27;28;30;31;32;41;42;43;51;54;56
1805;02.01.2015;4;7;9;12;13;14;23;26;29;31;34;37;38;39;40;44;45;53;55;57
1806;03.01.2015;9;10;12;14;15;17;18;19;20;22;26;34;38;39;42;48;49;53;55;58
1807;04.01.2015;1;2;4;6;17;19;20;22;26;28;33;37;38;39;44;49;50;51;52;59
1808;05.01.2015;1;2;3;4;7;8;14;19;20;24;25;26;38;44;45;50;52;53;57;59
1809;06.01.2015;2;6;7;9;10;15;21;22;27;33;34;35;37;38;40;44;52;53;56;60
1810;07.01.2015;1;2;4;7;9;11;12;14;20;21;24;25;29;40;45;48;51;54;57;60
1811;08.01.2015;6;9;12;17;25;26;30;32;34;36;45;46;48;50;52;53;54;56;58;60
1812;09.01.2015;1;2;9;10;11;15;17;19;32;45;47;48;49;51;52;53;55;56;57;58
1813;10.01.2015;1;4;5;13;14;17;20;21;22;25;26;28;29;31;37;39;47;54;57;58
1814;11.01.2015;8;11;13;17;18;26;28;32;33;35;36;38;41;42;43;45;50;53;54;59
1815;12.01.2015;4;8;15;16;18;20;25;27;28;31;33;34;36;37;41;48;50;52;55;59
1816;13.01.2015;3;6;7;10;11;12;17;20;24;26;31;33;34;35;36;44;46;48;55;58
1817;14.01.2015;2;3;10;11;13;14;15;27;28;29;31;32;39;41;43;50;52;54;56;57
1818;15.01.2015;4;5;7;8;9;13;16;18;19;20;27;29;30;31;33;37;41;42;55;56
1819;16.01.2015;1;2;5;6;14;15;18;20;21;27;34;36;39;40;42;46;47;50;53;58
1820;17.01.2015;1;7;14;15;17;22;27;29;30;33;35;37;41;42;44;48;54;57;58;59
1821;18.01.2015;1;4;11;15;17;19;21;23;24;25;30;31;32;38;39;46;47;52;54;55
1822;19.01.2015;4;7;10;12;20;24;25;27;30;33;35;38;40;43;44;45;50;54;57;58
1823;20.01.2015;3;4;8;9;10;13;14;15;20;22;25;27;29;50;53;54;55;56;58;60
1824;21.01.2015;2;7;8;11;13;14;15;17;21;23;27;31;35;41;45;46;52;54;56;59
1825;22.01.2015;1;3;7;11;14;16;17;26;29;30;31;35;37;39;40;45;46;50;54;58
1826;23.01.2015;8;9;14;15;16;25;26;27;28;33;34;35;37;38;43;44;45;46;53;58
1827;24.01.2015;4;7;8;11;15;17;21;30;32;36;40;43;44;45;47;51;54;55;56;58
1828;25.01.2015;5;6;9;10;14;17;19;21;22;23;28;29;31;34;37;44;51;55;59;60
1829;26.01.2015;1;6;7;11;16;18;20;28;29;30;31;32;33;42;45;46;47;52;54;56
1830;27.01.2015;3;6;9;12;15;19;20;33;36;38;39;42;43;44;45;51;52;55;58;59
1831;28.01.2015;3;4;5;6;8;11;12;22;26;34;38;41;43;44;46;48;50;51;52;59
1832;29.01.2015;3;10;14;17;22;24;25;27;35;36;40;46;47;48;52;53;54;56;58;60
1833;30.01.2015;2;6;10;15;20;22;27;29;30;31;35;36;40;41;48;49;53;55;56;58
1834;31.01.2015;2;3;5;7;12;13;14;17;18;19;21;25;27;30;31;38;41;47;51;59
1835;01.02.2015;2;4;5;8;11;14;15;19;20;27;29;31;37;40;45;47;53;56;57;58
1836;02.02.2015;4;6;10;11;13;15;23;25;26;35;37;39;45;46;48;51;52;53;56;58
1837;03.02.2015;1;4;7;8;13;15;16;17;23;27;30;35;38;39;44;47;48;51;56;57
1838;04.02.2015;5;7;10;11;14;21;22;23;26;30;31;36;44;45;49;51;53;55;57;60
1839;05.02.2015;3;8;14;17;18;19;21;23;25;32;37;38;40;42;47;52;53;55;58;60
1840;06.02.2015;4;5;6;8;9;13;29;36;37;40;42;44;51;52;54;55;56;57;58;59
1841;07.02.2015;1;2;12;14;16;18;21;22;24;31;32;34;39;41;44;47;48;49;52;60
1842;08.02.2015;3;4;7;10;14;15;17;18;21;25;26;28;29;32;38;39;41;46;48;52
1843;09.02.2015;1;6;12;15;16;18;19;20;22;24;27;34;38;39;43;44;50;52;53;59
1844;10.02.2015;2;3;4;5;9;10;15;18;23;36;37;39;41;51;52;55;56;57;59;60
1845;11.02.2015;1;5;7;8;9;12;13;18;22;24;25;26;31;32;38;39;48;52;58;59
1846;12.02.2015;3;4;6;7;8;10;13;17;22;24;28;34;36;38;39;40;41;42;46;59
1847;13.02.2015;3;5;11;12;18;28;31;32;36;39;41;42;43;44;45;49;50;52;57;59
1848;14.02.2015;2;4;6;14;16;17;18;19;20;21;25;27;28;30;31;36;37;50;56;60
1849;15.02.2015;2;4;6;12;14;15;16;19;21;23;25;28;29;30;37;40;42;46;48;52
1850;16.02.2015;1;6;7;9;17;20;21;24;34;35;36;38;40;44;47;49;54;55;57;59
1851;17.02.2015;5;8;10;12;13;16;20;21;24;26;28;29;38;40;44;48;50;51;59;60
1852;18.02.2015;4;6;10;13;16;20;21;24;34;35;38;41;46;48;49;51;52;54;55;60
1853;19.02.2015;1;3;6;8;9;12;13;19;21;27;39;40;45;48;51;53;55;57;59;60
1854;20.02.2015;1;2;4;6;7;8;14;16;17;18;22;29;30;32;33;36;42;47;50;60
1855;21.02.2015;1;3;9;12;16;18;21;23;29;32;34;38;39;40;44;45;46;49;53;59
1856;22.02.2015;2;7;8;10;11;13;14;18;24;25;40;43;44;47;50;52;53;55;56;58
1857;23.02.2015;1;7;14;16;18;19;20;24;26;28;30;38;40;43;50;51;52;56;58;60
1858;24.02.2015;1;2;3;7;8;10;13;16;19;20;27;30;31;35;37;42;44;47;48;54
1859;25.02.2015;3;4;5;7;11;15;18;20;23;28;31;32;34;35;45;47;48;50;56;57
1860;26.02.2015;11;12;15;19;20;22;23;25;26;27;32;33;34;37;38;41;43;50;56;58
1861;27.02.2015;3;6;8;12;18;21;25;27;28;30;31;33;36;42;46;47;48;51;59;60
1862;28.02.2015;2;3;4;5;7;16;19;21;25;27;30;32;33;38;40;44;46;48;56;59
1863;01.03.2015;3;4;11;13;15;22;27;28;35;36;37;38;40;44;46;49;50;51;55;57
1864;02.03.2015;4;7;8;11;16;17;19;24;25;28;32;33;36;46;48;49;53;55;58;59
1865;03.03.2015;3;7;8;10;17;21;23;24;25;26;28;34;39;40;42;50;51;52;57;60
1866;04.03.2015;1;4;8;11;14;16;19;23;25;28;31;32;34;42;46;50;52;53;54;59
1867;05.03.2015;1;5;16;20;22;26;28;31;32;33;36;37;42;43;47;48;53;56;58;60
1868;06.03.2015;6;8;14;15;18;19;20;21;25;26;27;28;34;40;41;43;44;50;52;54
1869;07.03.2015;1;3;6;9;11;15;24;25;27;31;34;35;36;38;47;49;50;52;56;58
1870;08.03.2015;6;14;15;16;17;18;19;20;23;27;29;31;33;39;41;45;46;53;56;59
1871;09.03.2015;4;6;12;14;23;25;26;29;32;34;36;41;42;49;50;53;54;55;58;59
1872;10.03.2015;3;8;12;14;16;19;20;21;22;23;28;31;32;33;36;39;56;58;59;60
1873;11.03.2015;1;7;12;14;17;25;26;27;28;32;34;35;38;43;45;51;52;54;56;58
1874;12.03.2015;1;3;7;9;12;13;15;25;33;37;40;43;44;52;53;54;55;58;59;60
1875;13.03.2015;2;3;11;13;16;20;24;28;30;32;33;35;38;40;45;48;52;55;57;60
1876;14.03.2015;1;5;7;12;14;15;18;20;22;30;31;33;38;42;46;49;51;53;57;59
1877;15.03.2015;2;4;14;16;18;19;20;26;28;34;39;41;42;43;45;49;52;53;55;57
1878;16.03.2015;2;4;6;7;11;13;16;19;21;24;28;29;33;35;36;41;46;47;56;59
1879;17.03.2015;4;6;7;8;9;10;11;14;15;18;19;35;36;38;43;45;53;56;57;59
1880;18.03.2015;3;4;9;10;15;17;18;19;20;21;22;29;39;41;48;50;51;52;53;60
1881;19.03.2015;4;13;18;22;25;28;33;34;36;38;39;40;43;46;49;51;52;54;56;59
1882;20.03.2015;1;2;4;5;7;8;9;12;18;22;24;28;33;34;37;40;47;51;54;55
1883;21.03.2015;2;3;4;5;11;13;14;17;20;26;27;31;35;39;40;43;46;53;54;58
1884;22.03.2015;1;6;7;8;12;14;16;18;31;34;36;37;40;41;42;43;51;52;56;60
1885;23.03.2015;5;8;10;12;13;16;18;20;21;23;27;30;31;32;36;37;38;46;50;56
1886;24.03.2015;13;14;15;16;22;25;27;29;31;36;38;41;42;44;46;47;48;50;53;55
1887;25.03.2015;5;6;7;8;10;12;14;16;17;26;34;36;38;47;52;53;55;57;58;60
1888;26.03.2015;12;17;20;23;27;28;29;30;34;36;37;38;40;41;42;46;48;57;59;60
1889;27.03.2015;6;7;10;13;15;18;19;20;22;28;30;32;33;38;41;49;50;51;56;60
1890;28.03.2015;8;12;14;15;20;21;23;24;29;30;31;38;45;48;50;52;53;55;58;60
1891;29.03.2015;4;6;7;9;10;14;15;17;18;21;22;26;33;36;38;43;45;47;50;59
1892;30.03.2015;2;6;7;12;15;21;22;25;28;30;32;34;37;38;45;50;52;54;55;56
1893;31.03.2015;1;4;9;10;13;22;28;29;31;36;37;39;42;44;46;47;48;49;50;51
1894;01.04.2015;2;4;5;9;12;23;27;29;36;38;44;47;48;49;50;51;52;57;58;59
1895;02.04.2015;1;5;7;8;12;14;18;20;23;28;29;33;35;39;40;43;44;45;54;59
1896;03.04.2015;4;5;6;8;12;14;15;17;20;22;24;26;30;31;32;39;40;42;47;56
1897;04.04.2015;1;2;5;7;15;16;17;23;30;31;35;38;40;43;47;51;52;53;57;59
1898;05.04.2015;1;6;9;10;11;14;16;20;28;29;31;32;34;35;38;40;41;49;53;59
1899;06.04.2015;5;6;11;12;16;18;21;24;26;34;35;36;45;46;47;48;50;51;58;60
1900;07.04.2015;1;2;4;6;7;9;13;18;20;22;29;30;34;35;41;43;45;47;52;58
1901;08.04.2015;1;2;4;9;11;15;22;26;27;28;30;39;40;41;43;48;54;58;59;60
1902;09.04.2015;2;5;12;13;21;23;25;29;30;32;34;35;36;37;38;40;48;51;57;58
1903;10.04.2015;2;7;9;15;22;25;29;30;36;38;40;41;42;43;45;47;49;53;55;59
1904;11.04.2015;1;6;7;11;15;16;21;25;27;32;34;37;42;43;46;50;51;54;58;59
1905;12.04.2015;1;6;7;13;14;18;19;32;33;34;35;39;40;43;47;48;53;55;56;57
1906;13.04.2015;1;10;12;13;14;16;22;25;27;28;29;31;32;35;43;46;50;52;55;59
1907;14.04.2015;1;2;5;10;14;16;20;26;27;30;33;38;39;40;43;44;45;49;54;60
1908;15.04.2015;2;3;5;11;12;19;24;29;31;32;34;37;41;42;44;45;49;50;57;60
1909;16.04.2015;1;2;3;6;10;19;20;25;33;34;36;37;39;43;47;50;51;52;58;59
1910;17.04.2015;2;8;9;12;19;20;23;27;28;29;31;36;37;40;42;46;48;50;54;58
1911;18.04.2015;6;12;13;16;19;21;24;29;30;31;38;40;42;43;49;53;54;56;58;60
1912;19.04.2015;5;6;8;14;16;22;23;27;28;33;34;35;40;41;45;49;50;52;58;59
1913;20.04.2015;3;4;5;7;9;14;16;19;21;22;23;27;32;35;36;37;39;49;53;58
1914;21.04.2015;3;4;11;13;20;21;23;26;27;29;30;34;36;37;42;47;48;54;58;60
1915;22.04.2015;1;4;7;11;12;14;16;20;25;28;30;33;35;39;42;43;46;48;52;56
1916;23.04.2015;1;2;4;10;13;15;16;22;25;26;30;31;40;42;43;46;50;52;57;58
1917;24.04.2015;4;6;7;9;10;12;14;15;16;25;26;28;31;34;39;41;44;47;48;57
1918;25.04.2015;2;3;7;10;11;17;21;22;25;26;27;28;38;39;44;47;50;53;55;60
1919;26.04.2015;1;5;6;10;14;16;17;20;24;27;33;34;36;38;40;50;53;57;58;60
1920;27.04.2015;4;8;9;11;12;15;17;20;22;31;33;40;42;43;48;51;52;54;55;59
1921;28.04.2015;4;7;9;10;12;23;25;26;29;32;34;35;40;41;45;47;53;54;58;60
1922;29.04.2015;2;4;5;9;12;13;22;26;28;29;30;33;36;38;40;50;52;53;58;59
1923;30.04.2015;6;9;15;18;19;21;24;25;27;29;35;37;39;41;46;49;50;51;58;60
1924;01.05.2015;9;11;14;16;19;20;23;24;26;32;33;34;35;37;42;51;52;54;57;59
1925;02.05.2015;2;3;4;5;6;7;8;13;15;18;23;28;32;34;37;38;48;53;54;55
1926;03.05.2015;2;3;4;5;6;7;16;18;21;23;25;29;33;36;38;44;47;52;53;56
1927;04.05.2015;1;2;7;8;10;14;15;16;17;19;35;39;44;46;47;49;53;54;55;58
1928;05.05.2015;2;10;12;18;19;20;21;23;26;34;35;37;38;39;44;49;50;52;54;59
1929;06.05.2015;1;7;14;15;16;18;19;23;24;26;27;29;32;36;41;48;51;52;53;55
1930;07.05.2015;4;5;7;9;10;13;16;20;25;27;28;29;37;38;39;41;43;49;50;54
1931;08.05.2015;9;11;12;14;15;18;19;20;22;27;31;32;37;38;41;52;53;54;58;60
1932;09.05.2015;1;5;6;10;11;13;18;31;37;38;39;41;43;44;46;48;49;50;52;58
1933;10.05.2015;3;4;5;7;9;12;14;18;19;20;24;27;32;34;36;37;47;48;52;57
1934;11.05.2015;3;4;13;21;23;25;32;33;34;35;37;39;41;43;44;51;53;55;56;60
1935;12.05.2015;2;3;5;8;10;22;23;24;25;27;28;31;33;36;37;38;42;49;50;59
1936;13.05.2015;5;10;13;18;19;23;25;26;29;30;31;36;39;40;46;48;50;52;55;60
1937;14.05.2015;1;5;12;14;16;18;21;26;27;31;33;34;40;41;47;50;56;58;59;60
1938;15.05.2015;7;10;19;21;26;31;32;33;34;37;38;39;43;44;47;50;51;53;57;60
1939;16.05.2015;3;4;7;8;12;15;21;22;23;31;34;36;41;44;45;47;48;51;54;59
1940;17.05.2015;4;12;15;16;18;20;23;24;27;28;31;33;36;39;40;41;43;49;50;55
1941;18.05.2015;4;5;6;8;11;12;13;14;16;19;26;35;39;40;42;44;46;54;56;57
1942;19.05.2015;2;4;6;8;16;17;19;20;21;27;28;36;41;42;44;46;49;53;56;60
1943;20.05.2015;4;7;8;10;14;18;20;21;32;33;34;36;37;38;39;45;46;48;59;60
1944;21.05.2015;1;2;9;12;15;18;22;24;27;32;36;37;41;43;44;46;48;52;57;60
1945;22.05.2015;9;17;23;27;30;33;35;38;40;42;46;47;48;51;52;53;54;55;56;58
1946;23.05.2015;3;4;5;6;7;22;23;24;28;29;36;42;45;46;50;52;55;56;58;60
1947;24.05.2015;2;6;8;10;13;20;21;24;25;26;29;36;38;44;46;48;50;51;53;60
1948;25.05.2015;2;3;6;8;11;12;13;14;17;18;19;25;37;40;42;44;49;50;52;56
1949;26.05.2015;1;7;8;10;14;16;19;21;25;28;30;33;35;36;37;45;51;53;54;56
1950;27.05.2015;1;2;4;6;7;9;10;11;13;16;21;27;29;31;37;40;42;48;51;53
1951;28.05.2015;1;2;3;7;15;16;20;24;29;30;34;38;40;45;46;47;52;53;54;56
1952;29.05.2015;1;11;16;18;19;22;24;25;27;30;33;36;39;41;43;48;52;55;56;59
1953;30.05.2015;3;7;8;9;15;21;23;29;31;33;35;36;38;42;44;48;51;54;56;59
1954;31.05.2015;1;2;13;14;18;20;21;22;27;29;32;36;37;40;51;52;54;56;57;59
1955;01.06.2015;2;6;8;12;14;16;21;22;23;28;29;30;36;38;40;42;45;51;52;59
1956;02.06.2015;1;3;5;7;8;16;19;26;32;34;36;38;39;40;46;48;51;53;57;59
1957;03.06.2015;1;5;16;18;21;22;23;25;29;32;33;36;39;41;43;50;53;55;59;60
1958;04.06.2015;6;7;8;9;11;15;27;29;31;32;33;34;41;48;50;55;56;57;58;59
1959;05.06.2015;2;4;5;7;11;16;19;20;21;23;25;27;28;37;41;44;45;47;48;60
1960;06.06.2015;4;5;9;15;25;26;27;28;30;31;32;36;38;39;43;44;46;55;57;60
1961;07.06.2015;1;2;6;8;11;23;25;26;27;29;41;43;47;48;50;51;53;55;57;60
1962;08.06.2015;4;5;7;12;14;15;16;21;22;27;28;31;35;36;39;40;42;44;45;46
1963;09.06.2015;1;5;7;12;15;18;19;20;22;28;29;31;32;34;38;48;52;54;57;59
1964;10.06.2015;2;8;9;11;15;17;19;21;24;28;34;36;38;40;44;45;50;52;53;60
1965;11.06.2015;2;7;8;9;10;12;14;16;18;22;23;28;30;38;39;41;42;43;46;49
1966;12.06.2015;1;4;7;9;12;13;15;16;18;21;22;26;37;38;45;47;50;51;52;54
1967;13.06.2015;9;14;15;16;18;19;25;29;30;35;36;38;43;46;49;53;54;55;56;59
1968;14.06.2015;6;8;11;12;21;22;26;34;35;37;44;45;46;48;50;52;55;56;58;60
1969;15.06.2015;2;7;9;12;14;17;22;24;25;29;35;38;39;40;41;42;47;54;58;59
1970;16.06.2015;1;3;9;12;13;16;18;21;23;26;31;40;42;46;47;49;52;56;59;60
1971;17.06.2015;1;3;8;11;15;19;22;25;27;28;32;35;46;47;48;49;51;56;59;60
1972;18.06.2015;1;2;3;7;8;13;20;26;28;29;31;32;39;41;43;45;53;55;57;60
1973;19.06.2015;1;2;4;6;7;10;13;14;15;16;21;24;29;31;37;38;41;49;50;58
1974;20.06.2015;2;5;6;9;10;11;14;17;19;20;21;22;31;36;40;41;51;54;57;59
1975;21.06.2015;1;2;7;9;12;14;15;18;25;27;29;32;33;37;38;39;40;41;49;51
1976;22.06.2015;7;8;9;10;11;12;15;17;19;23;26;27;29;37;40;45;47;54;58;59
1977;23.06.2015;3;7;11;14;15;17;21;24;26;27;28;30;32;39;40;43;45;48;51;52
1978;24.06.2015;3;5;7;16;21;22;24;28;29;31;37;39;43;45;46;48;49;51;56;60
1979;25.06.2015;8;12;14;16;17;20;22;23;27;28;33;36;37;40;43;51;53;57;59;60
1980;26.06.2015;3;9;16;21;22;24;27;28;37;40;44;45;46;47;49;53;55;57;59;60
1981;27.06.2015;1;8;9;10;11;14;15;19;21;32;36;39;40;49;50;53;54;56;59;60
1982;28.06.2015;2;4;5;6;12;13;15;16;19;23;31;32;37;40;45;46;49;53;57;60
1983;29.06.2015;5;7;9;10;13;15;26;28;29;30;31;34;43;44;45;47;49;55;56;58
1984;30.06.2015;2;6;14;23;25;26;27;31;33;34;35;36;39;42;47;49;50;54;55;57
1985;01.07.2015;5;11;13;16;22;23;24;28;30;31;34;37;38;39;46;47;48;55;58;59
1986;02.07.2015;1;10;11;12;14;15;17;20;23;25;27;29;35;36;40;41;43;54;57;59
1987;03.07.2015;2;4;5;6;8;9;15;18;25;31;33;42;44;45;46;48;49;50;56;58
1988;04.07.2015;5;6;8;15;20;26;27;31;34;36;37;40;41;43;45;47;48;54;55;58
1989;05.07.2015;9;10;11;14;15;19;20;29;35;38;42;43;44;46;47;50;53;55;56;57
1990;06.07.2015;1;4;10;12;13;15;16;17;20;21;26;29;30;32;36;38;43;47;54;60
1991;07.07.2015;8;9;12;14;17;23;24;32;33;36;42;44;45;47;50;52;54;55;56;59
1992;08.07.2015;1;3;5;7;9;15;20;21;23;25;29;38;43;45;50;53;55;58;59;60
1993;09.07.2015;3;4;10;11;12;14;24;25;26;27;32;40;47;51;53;54;56;58;59;60
1994;10.07.2015;5;7;9;16;18;21;25;27;29;32;34;36;37;39;41;46;47;50;54;58
1995;11.07.2015;1;3;7;8;9;11;15;16;19;32;34;36;39;43;45;47;49;51;52;53
1996;12.07.2015;2;7;9;11;14;17;18;19;21;24;29;34;37;38;43;46;48;53;58;59
1997;13.07.2015;1;5;7;8;10;14;15;16;22;26;30;32;38;45;50;51;52;56;58;59
1998;14.07.2015;5;12;15;16;17;18;19;21;22;24;26;31;34;36;37;40;41;45;53;57
1999;15.07.2015;2;3;5;6;16;18;21;24;29;30;31;32;35;43;44;45;48;54;55;58
2000;16.07.2015;1;3;6;15;17;18;19;22;23;26;27;31;38;42;49;50;51;52;53;54
