Тираж;Дата;Время;∑ чисел выпавших;∑ чисел не выпавших;μ число;⌓ Медиана;Повторения чисел;σ² Дисперсия;σ СКО;↑ Макс;↓ Мин;Четных;Нечетных;Кол-во простых;Кол-во составных;Кол-во низких;Кол-во высоких;Кол-во треугольных;Кол-во квадратных;Кол-во зеркальных
1;29.10.2025;12:01;67;1763;11,1667;10,5;нет;27,8056;5,2731;19;3;3;3;2;4;6;0;1;2;3
2;29.10.2025;15:01;52;1778;8,6667;7,5;да;38,8889;6,2361;18;1;2;4;2;3;6;0;4;1;3
3;29.10.2025;18:01;60;1780;10;10;да;19,6667;4,4347;18;3;4;2;2;4;6;0;3;0;3
4;29.10.2025;21:01;64;1772;10,6667;8,5;да;30,8889;5,5578;19;5;2;4;4;2;6;0;2;0;4
5;30.10.2025;12:01;65;1765;10,8333;10,5;да;32,4722;5,6984;18;1;3;3;2;3;6;0;2;1;3
6;30.10.2025;15:01;60;1770;10;9;да;16;4;17;5;2;4;4;2;6;0;1;0;3
7;30.10.2025;18:01;53;1777;8,8333;8;да;31,1389;5,5802;19;2;3;3;3;3;6;0;0;2;4
8;30.10.2025;21:01;65;1765;10,8333;11;да;34,8056;5,8996;18;1;1;5;3;2;6;0;1;2;3
9;31.10.2025;12:01;63;1767;10,5;11;да;36,9167;6,0759;20;1;3;3;1;4;6;0;2;2;3
10;31.10.2025;15:01;59;1771;9,8333;10;да;24,4722;4,9469;17;2;3;3;3;3;6;0;1;1;4
11;31.10.2025;18:01;46;1791;7,6667;7;да;11,2222;3,35;14;3;2;4;3;3;6;0;2;1;5
12;31.10.2025;21:01;83;1763;13,8333;16;нет;27,4722;5,2414;19;4;5;1;1;5;6;0;1;3;1
13;01.11.2025;12:01;76;1754;12,6667;13,5;да;25,2222;5,0222;20;5;4;2;1;5;6;0;1;1;2
14;01.11.2025;15:01;72;1773;12;12,5;да;8,6667;2,9439;15;7;2;4;2;4;6;0;3;0;2
15;01.11.2025;18:01;45;1785;7,5;5,5;да;41,5833;6,4485;20;1;3;3;3;2;6;0;2;1;5
16;01.11.2025;21:01;56;1774;9,3333;9;да;9,2222;3,0368;14;5;4;2;2;4;6;0;1;0;3
17;02.11.2025;12:01;48;1788;8;6;да;22;4,6904;17;3;2;4;4;2;6;0;3;0;5
18;02.11.2025;15:01;37;1796;6,1667;3,5;да;20,4722;4,5246;13;2;3;3;4;2;6;0;2;1;4
19;02.11.2025;18:01;78;1766;13;14;да;8,6667;2,9439;16;7;4;2;1;5;6;0;1;1;1
20;02.11.2025;21:01;48;1784;8;7,5;да;28,3333;5,3229;17;2;4;2;4;2;6;0;0;0;4
21;03.11.2025;12:01;68;1762;11,3333;12,5;да;17,8889;4,2295;17;4;4;2;2;4;6;0;0;1;2
22;03.11.2025;15:01;50;1780;8,3333;9;да;18,8889;4,3461;15;2;4;2;2;4;6;0;2;1;4
23;03.11.2025;18:01;55;1782;9,1667;8,5;да;10,8056;3,2872;15;5;1;5;4;2;6;0;2;0;4
24;03.11.2025;21:01;55;1785;9,1667;10;да;36,8056;6,0668;18;1;5;1;1;4;6;0;3;1;2
25;04.11.2025;12:01;50;1782;8,3333;8;да;32,5556;5,7058;18;2;6;0;2;4;6;0;2;0;3
26;04.11.2025;15:01;83;1747;13,8333;15;да;23,4722;4,8448;20;7;5;1;1;5;6;0;0;1;2
27;04.11.2025;18:01;78;1752;13;15;да;31,3333;5,5976;20;5;4;2;2;4;6;0;1;1;2
28;04.11.2025;21:01;74;1756;12,3333;14,5;да;53,2222;7,2954;20;1;2;4;3;2;6;0;1;1;3
29;05.11.2025;12:01;48;1782;8;7;нет;29,6667;5,4467;17;2;4;2;3;3;6;0;2;1;3
30;05.11.2025;15:01;47;1783;7,8333;7;да;33,8056;5,8143;18;1;3;3;2;3;6;0;3;2;4
31;05.11.2025;18:01;65;1781;10,8333;11,5;да;21,4722;4,6338;16;4;5;1;1;5;6;0;2;3;2
32;05.11.2025;21:01;75;1782;12,5;13;да;12,9167;3,594;16;6;3;3;2;4;6;0;2;2;3
33;06.11.2025;12:01;67;1763;11,1667;12,5;да;32,4722;5,6984;18;1;3;3;2;3;6;0;1;2;2
34;06.11.2025;15:01;74;1775;12,3333;14;да;44,5556;6,675;19;3;2;4;4;2;6;0;2;0;2
35;06.11.2025;18:01;59;1772;9,8333;9,5;да;58,4722;7,6467;20;1;3;3;1;3;6;0;3;2;3
36;06.11.2025;21:01;91;1757;15,1667;17,5;да;20,4722;4,5246;19;6;3;3;3;3;6;0;1;0;1
37;07.11.2025;12:01;66;1764;11;9,5;да;33;5,7446;19;3;2;4;3;3;6;0;2;1;3
38;07.11.2025;15:01;67;1763;11,1667;10;да;26,4722;5,1451;20;4;3;3;1;5;6;0;1;2;4
39;07.11.2025;18:01;64;1766;10,6667;10,5;да;50,5556;7,1102;19;2;4;2;3;3;6;0;0;2;3
40;07.11.2025;21:01;87;1743;14,5;13,5;да;8,9167;2,9861;19;11;3;3;3;3;6;0;0;0;1
41;08.11.2025;12:01;86;1744;14,3333;16;да;27,5556;5,2493;20;4;4;2;1;5;6;0;1;1;1
42;08.11.2025;15:01;68;1762;11,3333;12,5;да;49,2222;7,0159;20;1;4;2;0;5;6;0;3;2;2
43;08.11.2025;18:01;65;1765;10,8333;11;да;33,4722;5,7855;20;1;5;1;0;5;6;0;2;1;2
44;08.11.2025;21:01;58;1772;9,6667;9,5;да;36,8889;6,0736;18;1;4;2;1;4;6;0;1;3;4
45;09.11.2025;12:01;64;1766;10,6667;9;да;28,5556;5,3437;20;4;4;2;1;5;6;0;2;1;3
46;09.11.2025;15:01;52;1778;8,6667;9,5;да;36,2222;6,0185;19;1;2;4;3;2;6;0;2;2;4
47;09.11.2025;18:01;65;1765;10,8333;10,5;да;6,8056;2,6088;15;7;1;5;3;3;6;0;2;1;3
48;09.11.2025;21:01;80;1779;13,3333;13,5;да;12,2222;3,496;17;7;2;4;3;3;6;0;1;0;1
49;10.11.2025;12:01;38;1804;6,3333;4,5;да;16,8889;4,1096;12;2;4;2;3;3;6;0;1;1;4
50;10.11.2025;15:01;64;1766;10,6667;11;да;31,8889;5,647;20;3;4;2;2;4;6;0;2;0;2
51;10.11.2025;18:01;53;1777;8,8333;8,5;да;40,4722;6,3618;19;1;3;3;3;2;6;0;2;1;3
52;10.11.2025;21:01;74;1756;12,3333;13,5;да;35,8889;5,9907;19;1;2;4;3;2;6;0;2;2;2
53;11.11.2025;12:01;77;1768;12,8333;13;да;18,8056;4,3365;20;7;1;5;2;4;6;0;2;1;3
54;11.11.2025;15:01;80;1750;13,3333;14;да;16,2222;4,0277;18;6;2;4;3;3;6;0;2;0;2
55;11.11.2025;18:01;67;1784;11,1667;12,5;да;55,8056;7,4703;19;2;3;3;5;1;6;0;0;0;3
56;11.11.2025;21:01;65;1765;10,8333;11,5;да;43,8056;6,6186;20;2;3;3;4;2;6;0;1;0;3
57;12.11.2025;12:01;60;1770;10;10;нет;23,3333;4,8305;16;4;2;4;3;3;6;0;1;2;3
58;12.11.2025;15:01;68;1762;11,3333;12;да;52,2222;7,2265;20;1;2;4;1;4;6;0;2;3;3
59;12.11.2025;18:01;56;1774;9,3333;10,5;да;39,2222;6,2628;18;1;4;2;2;3;6;0;1;1;3
60;12.11.2025;21:01;58;1772;9,6667;9,5;да;21,5556;4,6428;18;4;4;2;1;5;6;0;1;2;3
61;13.11.2025;12:01;72;1758;12;13,5;да;32;5,6569;19;4;2;4;4;2;6;0;0;1;2
62;13.11.2025;15:01;71;1759;11,8333;11;да;39,8056;6,3092;20;3;3;3;3;3;6;0;1;0;3
63;13.11.2025;18:01;65;1788;10,8333;9,5;да;39,1389;6,2561;19;4;3;3;3;3;6;0;0;2;4
64;13.11.2025;21:01;77;1753;12,8333;12,5;да;9,1389;3,0231;17;8;3;3;3;3;6;0;0;1;2
65;14.11.2025;12:01;58;1772;9,6667;9;да;30,5556;5,5277;17;2;2;4;5;1;6;0;0;1;4
66;14.11.2025;15:01;74;1766;12,3333;11,5;да;16,8889;4,1096;20;7;4;2;2;4;6;0;2;0;1
67;14.11.2025;18:01;51;1779;8,5;7,5;да;30,25;5,5;17;2;3;3;3;3;6;0;2;1;4
68;14.11.2025;21:01;43;1787;7,1667;7,5;да;14,4722;3,8042;13;2;3;3;4;2;6;0;2;0;4
69;15.11.2025;12:01;55;1775;9,1667;10;да;24,8056;4,9805;16;1;1;5;3;2;6;0;1;3;4
70;15.11.2025;15:01;42;1793;7;5;да;31;5,5678;19;2;2;4;5;1;6;0;0;1;5
71;15.11.2025;18:01;61;1769;10,1667;9;да;23,1389;4,8103;20;5;3;3;3;3;6;0;1;0;4
72;15.11.2025;21:01;49;1781;8,1667;8;да;33,8056;5,8143;16;1;3;3;3;2;6;0;1;2;4
73;16.11.2025;12:01;55;1775;9,1667;7;да;40,1389;6,3355;20;2;5;1;1;5;6;0;2;1;4
74;16.11.2025;15:01;81;1749;13,5;14,5;да;22,9167;4,7871;19;7;3;3;3;3;6;0;0;0;2
75;16.11.2025;18:01;58;1772;9,6667;10,5;да;21,2222;4,6068;17;3;2;4;4;2;6;0;2;0;3
76;16.11.2025;21:01;50;1780;8,3333;7;да;19,5556;4,4222;16;3;4;2;2;4;6;0;2;1;4
77;17.11.2025;12:01;70;1760;11,6667;11,5;да;10,8889;3,2998;16;6;4;2;1;5;6;0;3;1;2
78;17.11.2025;15:01;58;1772;9,6667;9;да;31,5556;5,6174;19;2;4;2;3;3;6;0;1;0;3
79;17.11.2025;18:01;39;1791;6,5;6,5;да;14,25;3,7749;12;1;3;3;2;3;6;0;4;1;4
80;17.11.2025;21:01;67;1763;11,1667;11,5;да;29,1389;5,398;19;2;3;3;3;3;6;0;2;0;2
81;18.11.2025;12:01;57;1776;9,5;7;нет;45,25;6,7268;20;3;1;5;4;2;6;0;2;1;4
82;18.11.2025;15:01;44;1787;7,3333;4,5;да;44,8889;6,6999;17;1;2;4;2;2;6;0;4;3;4
83;18.11.2025;18:01;73;1768;12,1667;12;нет;17,4722;4,18;19;5;1;5;5;1;6;0;0;0;3
84;18.11.2025;21:01;40;1790;6,6667;7;да;7,2222;2,6874;10;2;4;2;2;4;6;0;2;1;5
85;19.11.2025;12:01;64;1766;10,6667;12;нет;30,2222;5,4975;18;3;2;4;3;3;6;0;2;1;3
86;19.11.2025;15:01;61;1769;10,1667;11,5;да;18,4722;4,2979;16;4;3;3;3;3;6;0;0;2;3
87;19.11.2025;18:01;40;1792;6,6667;5;нет;28,2222;5,3125;17;2;2;4;5;1;6;0;1;1;5
88;19.11.2025;21:01;73;1757;12,1667;10,5;да;30,4722;5,5202;20;6;3;3;2;4;6;0;1;1;3
89;20.11.2025;12:01;38;1792;6,3333;6;да;19,8889;4,4597;12;1;2;4;3;2;6;0;2;2;5
90;20.11.2025;15:01;65;1765;10,8333;9;да;38,1389;6,1757;20;3;5;1;1;5;6;0;3;0;3
91;20.11.2025;18:01;69;1787;11,5;11;нет;21,9167;4,6815;17;4;1;5;3;3;6;0;0;3;3
92;20.11.2025;21:01;24;1807;4;3,5;да;8,6667;2,9439;9;1;2;4;2;2;6;0;3;3;6
93;21.11.2025;12:01;75;1755;12,5;12,5;нет;23,5833;4,8563;19;4;3;3;3;3;6;0;1;1;1
94;21.11.2025;15:01;64;1776;10,6667;11;да;25,8889;5,0881;18;1;4;2;1;4;6;0;3;1;1
95;21.11.2025;18:01;54;1776;9;8,5;да;31,3333;5,5976;20;2;4;2;2;4;6;0;1;1;4
96;21.11.2025;21:01;67;1772;11,1667;10;да;16,8056;4,0995;19;6;1;5;3;3;6;0;1;2;4
97;22.11.2025;12:01;58;1772;9,6667;9;да;33,8889;5,8214;17;3;2;4;4;2;6;0;1;2;3
98;22.11.2025;15:01;51;1784;8,5;7,5;да;16,9167;4,113;15;4;3;3;2;4;6;0;2;1;3
99;22.11.2025;18:01;63;1767;10,5;9;да;24,5833;4,9582;18;4;5;1;1;5;6;0;1;2;3
100;22.11.2025;21:01;58;1772;9,6667;7,5;да;33,2222;5,7639;18;3;2;4;4;2;6;0;1;0;4
101;23.11.2025;12:01;52;1778;8,6667;8,5;нет;24,5556;4,9554;15;2;4;2;2;4;6;0;2;1;4
102;23.11.2025;15:01;71;1759;11,8333;12,5;да;30,8056;5,5503;20;4;5;1;1;5;6;0;1;2;3
103;23.11.2025;18:01;81;1766;13,5;16;да;33,25;5,7663;20;3;1;5;3;3;6;0;2;1;2
104;23.11.2025;21:01;67;1776;11,1667;13;да;14,1389;3,7602;15;5;1;5;4;2;6;0;1;0;2
105;24.11.2025;12:01;62;1788;10,3333;10,5;да;36,2222;6,0185;17;4;4;2;2;4;6;0;0;4;3
106;24.11.2025;15:01;69;1761;11,5;14,5;да;42,9167;6,5511;18;1;3;3;1;4;6;0;2;2;2
107;24.11.2025;18:01;76;1754;12,6667;14;да;37,2222;6,101;19;1;4;2;1;4;6;0;2;2;1
108;24.11.2025;21:01;72;1758;12;12,5;да;35,6667;5,9722;20;4;4;2;2;4;6;0;0;1;2
109;25.11.2025;12:01;63;1778;10,5;11;нет;23,9167;4,8905;16;1;1;5;2;3;6;0;2;3;4
110;25.11.2025;15:01;60;1780;10;10;да;15,6667;3,9581;15;3;4;2;1;5;6;0;4;0;2
111;25.11.2025;18:01;70;1760;11,6667;10,5;да;21,2222;4,6068;19;5;2;4;3;3;6;0;1;2;3
112;25.11.2025;21:01;79;1751;13,1667;14,5;нет;27,8056;5,2731;18;2;3;3;3;3;6;0;1;0;1
113;26.11.2025;12:01;53;1777;8,8333;8,5;нет;29,1389;5,398;19;1;3;3;1;4;6;0;3;2;4
114;26.11.2025;15:01;73;1757;12,1667;12;да;12,8056;3,5785;17;7;1;5;4;2;6;0;0;2;3
115;26.11.2025;18:01;78;1770;13;15,5;да;38,6667;6,2183;19;2;4;2;3;3;6;0;0;0;2
116;26.11.2025;21:01;67;1778;11,1667;13;да;47,1389;6,8658;19;2;3;3;5;1;6;0;0;0;2
117;27.11.2025;12:01;85;1745;14,1667;15;да;22,4722;4,7405;20;6;3;3;3;3;6;0;1;0;2
118;27.11.2025;15:01;59;1771;9,8333;10,5;да;30,8056;5,5503;17;1;1;5;2;3;6;0;2;2;3
119;27.11.2025;18:01;76;1768;12,6667;14;да;19,2222;4,3843;18;5;4;2;1;5;6;0;0;2;2
120;27.11.2025;21:01;61;1769;10,1667;10,5;да;26,8056;5,1774;17;3;1;5;4;2;6;0;2;0;3
121;28.11.2025;12:01;71;1759;11,8333;12,5;да;34,8056;5,8996;19;1;1;5;3;2;6;0;1;2;3
122;28.11.2025;15:01;62;1768;10,3333;10,5;да;24,5556;4,9554;17;1;2;4;2;3;6;0;2;2;3
123;28.11.2025;18:01;54;1776;9;8;да;34,3333;5,8595;17;1;2;4;2;3;6;0;1;4;4
124;28.11.2025;21:01;65;1786;10,8333;11,5;нет;4,4722;2,1148;13;8;3;3;3;3;6;0;0;0;3
125;29.11.2025;12:01;59;1784;9,8333;10,5;да;16,4722;4,0586;15;4;3;3;2;4;6;0;2;1;3
126;29.11.2025;15:01;50;1780;8,3333;6;да;43,2222;6,5744;19;1;2;4;2;3;6;0;3;2;4
127;29.11.2025;18:01;51;1779;8,5;8;да;30,5833;5,5302;17;2;1;5;6;0;6;0;1;0;4
128;29.11.2025;21:01;83;1747;13,8333;15,5;да;23,1389;4,8103;19;6;3;3;2;4;6;0;1;1;2
129;30.11.2025;12:01;61;1780;10,1667;11;да;26,1389;5,1126;17;1;1;5;4;1;6;0;1;1;4
130;30.11.2025;15:01;63;1777;10,5;10;да;31,9167;5,6495;18;2;5;1;2;4;6;0;3;0;2
131;30.11.2025;18:01;46;1787;7,6667;8;да;15,2222;3,9016;14;3;2;4;3;3;6;0;3;1;4
132;30.11.2025;21:01;44;1790;7,3333;5;нет;28,5556;5,3437;16;1;4;2;1;4;6;0;2;4;4
133;01.12.2025;12:01;70;1760;11,6667;10,5;нет;27,2222;5,2175;19;5;2;4;4;2;6;0;1;0;3
134;01.12.2025;15:01;49;1782;8,1667;8;да;42,4722;6,5171;18;1;3;3;1;3;6;0;2;3;3
135;01.12.2025;18:01;49;1781;8,1667;5,5;да;37,1389;6,0942;17;1;3;3;2;3;6;0;2;3;4
136;01.12.2025;21:01;81;1749;13,5;15,5;да;37,5833;6,1305;20;4;3;3;3;3;6;0;0;1;2
137;02.12.2025;12:01;88;1742;14,6667;15,5;да;14,2222;3,7712;19;7;2;4;3;3;6;0;1;1;1
138;02.12.2025;15:01;57;1773;9,5;9;да;51,25;7,1589;19;1;1;5;5;0;6;0;1;1;3
139;02.12.2025;18:01;50;1780;8,3333;6;да;47,5556;6,8961;19;1;4;2;2;3;6;0;1;3;4
140;02.12.2025;21:01;69;1761;11,5;15;да;46,9167;6,8496;18;1;3;3;2;3;6;0;2;2;2
141;03.12.2025;12:01;65;1765;10,8333;11,5;да;17,1389;4,1399;16;3;3;3;2;4;6;0;1;2;3
142;03.12.2025;15:01;35;1795;5,8333;5;да;17,1389;4,1399;14;1;3;3;2;3;6;0;3;2;5
143;03.12.2025;18:01;81;1764;13,5;15;да;22,25;4,717;19;4;3;3;1;5;6;0;2;2;1
144;03.12.2025;21:01;88;1758;14,6667;16;да;17,2222;4,15;19;6;4;2;2;4;6;0;1;2;1
145;04.12.2025;12:01;65;1765;10,8333;11,5;да;39,1389;6,2561;19;2;3;3;4;2;6;0;1;1;2
146;04.12.2025;15:01;42;1788;7;5,5;да;23,3333;4,8305;16;2;4;2;3;3;6;0;2;2;4
147;04.12.2025;18:01;48;1795;8;9,5;да;21;4,5826;14;2;4;2;4;2;6;0;0;0;5
148;04.12.2025;21:01;77;1753;12,8333;14;да;27,8056;5,2731;18;2;3;3;3;3;6;0;1;0;1
149;05.12.2025;12:01;65;1765;10,8333;9;да;33,8056;5,8143;19;4;3;3;3;3;6;0;1;1;4
150;05.12.2025;15:01;66;1764;11;12;нет;31,6667;5,6273;17;1;2;4;1;4;6;0;2;3;3
151;05.12.2025;18:01;58;1772;9,6667;10;да;27,2222;5,2175;18;2;2;4;4;2;6;0;0;1;4
152;05.12.2025;21:01;63;1767;10,5;9,5;да;42,25;6,5;19;1;3;3;2;3;6;0;2;1;3
153;06.12.2025;12:01;57;1773;9,5;8,5;да;40,25;6,3443;18;2;3;3;4;2;6;0;2;0;4
154;06.12.2025;15:01;49;1781;8,1667;9;да;29,1389;5,398;16;1;3;3;3;2;6;0;1;2;4
155;06.12.2025;18:01;72;1771;12;13;да;24;4,899;17;2;2;4;5;1;6;0;0;1;2
156;06.12.2025;21:01;70;1776;11,6667;13,5;да;21,5556;4,6428;16;4;4;2;1;5;6;0;1;3;2
157;07.12.2025;12:01;88;1742;14,6667;15,5;да;14,2222;3,7712;19;7;2;4;3;3;6;0;1;1;1
158;07.12.2025;15:01;67;1763;11,1667;13;да;38,4722;6,2026;18;2;3;3;3;3;6;0;1;1;3
159;07.12.2025;18:01;55;1775;9,1667;9;да;15,8056;3,9756;15;4;3;3;2;4;6;0;2;1;3
160;07.12.2025;21:01;73;1770;12,1667;13;да;11,8056;3,4359;16;5;3;3;3;3;6;0;0;1;1
161;08.12.2025;12:01;72;1758;12;14;да;46,6667;6,8313;20;2;6;0;1;5;6;0;0;2;2
162;08.12.2025;15:01;88;1762;14,6667;16,5;да;41,8889;6,4722;20;1;4;2;1;4;6;0;1;2;1
163;08.12.2025;18:01;76;1772;12,6667;14;нет;25,5556;5,0553;18;5;2;4;3;3;6;0;1;0;2
164;08.12.2025;21:01;42;1788;7;6;да;12,3333;3,5119;13;3;2;4;4;2;6;0;2;1;4
165;09.12.2025;12:01;53;1777;8,8333;7,5;да;34,4722;5,8713;19;2;3;3;4;2;6;0;1;1;3
166;09.12.2025;15:01;52;1778;8,6667;7,5;да;32,2222;5,6765;17;2;2;4;3;3;6;0;3;1;4
167;09.12.2025;18:01;65;1765;10,8333;11,5;нет;16,1389;4,0173;16;4;5;1;1;5;6;0;1;2;2
168;09.12.2025;21:01;62;1768;10,3333;11;да;31,5556;5,6174;17;3;4;2;2;4;6;0;1;2;3
169;10.12.2025;12:01;40;1790;6,6667;7;да;11,8889;3,448;11;1;4;2;1;4;6;0;3;2;5
170;10.12.2025;15:01;97;1772;16,1667;19;да;32,4722;5,6984;20;4;3;3;2;4;6;0;1;1;1
171;10.12.2025;18:01;89;1755;14,8333;15,5;да;24,4722;4,9469;20;5;3;3;3;3;6;0;0;0;1
172;10.12.2025;21:01;69;1762;11,5;14;да;61,5833;7,8475;20;1;3;3;1;3;6;0;2;3;2
173;11.12.2025;12:01;58;1774;9,6667;7,5;да;54,2222;7,3636;20;2;4;2;3;3;6;0;1;1;4
174;11.12.2025;15:01;82;1763;13,6667;15;нет;15,8889;3,9861;17;5;2;4;2;4;6;0;2;1;1
175;11.12.2025;18:01;43;1804;7,1667;6,5;да;15,8056;3,9756;12;1;3;3;2;3;6;0;1;1;4
176;11.12.2025;21:01;56;1774;9,3333;9;да;28,8889;5,3748;19;1;2;4;3;2;6;0;2;1;4
177;12.12.2025;12:01;40;1790;6,6667;5;да;22,5556;4,7493;14;1;4;2;1;4;6;0;3;2;4
178;12.12.2025;15:01;46;1790;7,6667;6;да;28,2222;5,3125;17;1;4;2;1;4;6;0;3;2;4
179;12.12.2025;18:01;50;1788;8,3333;8;да;6,2222;2,4944;12;5;4;2;2;4;6;0;1;0;5
180;12.12.2025;21:01;43;1787;7,1667;4,5;да;28,4722;5,3359;16;2;3;3;4;2;6;0;1;2;4
181;13.12.2025;12:01;61;1769;10,1667;10,5;да;45,1389;6,7185;19;2;3;3;3;3;6;0;3;1;3
182;13.12.2025;15:01;56;1782;9,3333;8;да;18,5556;4,3076;18;5;4;2;2;4;6;0;1;0;5
183;13.12.2025;18:01;51;1779;8,5;8,5;да;29,5833;5,4391;16;1;3;3;2;3;6;0;1;3;3
184;13.12.2025;21:01;44;1786;7,3333;7,5;да;18,2222;4,2687;13;1;2;4;3;2;6;0;2;2;4
185;14.12.2025;12:01;49;1781;8,1667;9;да;28,1389;5,3046;15;1;1;5;4;1;6;0;2;1;4
186;14.12.2025;15:01;61;1769;10,1667;10;да;47,1389;6,8658;19;1;3;3;2;3;6;0;2;1;3
187;14.12.2025;18:01;74;1756;12,3333;15,5;да;58,5556;7,6522;20;1;2;4;3;2;6;0;2;1;2
188;14.12.2025;21:01;75;1755;12,5;12;да;28,5833;5,3463;20;5;5;1;1;5;6;0;1;0;2
189;15.12.2025;12:01;75;1769;12,5;14;да;33,5833;5,7951;20;1;3;3;1;4;6;0;2;1;2
190;15.12.2025;15:01;80;1750;13,3333;13,5;да;18,5556;4,3076;20;6;4;2;2;4;6;0;1;1;2
191;15.12.2025;18:01;77;1753;12,8333;15;да;45,1389;6,7185;20;2;3;3;4;2;6;0;1;0;2
192;15.12.2025;21:01;61;1773;10,1667;9;да;34,1389;5,8429;18;4;5;1;1;5;6;0;1;2;3
193;16.12.2025;12:01;68;1762;11,3333;13,5;да;50,2222;7,0868;19;1;2;4;3;2;6;0;2;2;3
194;16.12.2025;15:01;58;1792;9,6667;9,5;нет;16,2222;4,0277;14;5;4;2;2;4;6;0;2;0;3
195;16.12.2025;18:01;67;1768;11,1667;10;да;34,8056;5,8996;20;5;1;5;5;1;6;0;0;0;3
196;16.12.2025;21:01;60;1770;10;9,5;да;32,3333;5,6862;18;2;4;2;3;3;6;0;0;1;4
197;17.12.2025;12:01;77;1753;12,8333;14;да;31,8056;5,6396;20;3;3;3;2;4;6;0;1;2;2
198;17.12.2025;15:01;52;1780;8,6667;6,5;да;43,8889;6,6249;19;2;4;2;4;2;6;0;0;1;4
199;17.12.2025;18:01;73;1757;12,1667;12;да;43,8056;6,6186;20;4;3;3;3;3;6;0;1;1;3
200;17.12.2025;21:01;64;1766;10,6667;9,5;да;35,5556;5,9629;19;1;2;4;2;3;6;0;2;2;3
201;18.12.2025;12:01;80;1750;13,3333;15;да;43,8889;6,6249;20;1;4;2;1;4;6;0;2;1;1
202;18.12.2025;15:01;53;1795;8,8333;6,5;да;45,8056;6,768;18;1;3;3;2;3;6;0;3;1;4
203;18.12.2025;18:01;71;1776;11,8333;12;нет;20,8056;4,5613;17;4;1;5;4;2;6;0;0;2;3
204;18.12.2025;21:01;58;1772;9,6667;9,5;да;31,5556;5,6174;18;2;4;2;1;5;6;0;2;2;3
205;19.12.2025;12:01;70;1760;11,6667;12,5;да;27,8889;5,281;18;1;2;4;2;3;6;0;2;1;2
206;19.12.2025;15:01;70;1779;11,6667;11,5;да;41,2222;6,4205;19;1;2;4;2;3;6;0;1;2;3
207;19.12.2025;18:01;62;1768;10,3333;11;да;44,5556;6,675;19;1;2;4;2;3;6;0;2;3;3
208;19.12.2025;21:01;57;1786;9,5;11;да;21,25;4,6098;15;3;1;5;3;3;6;0;2;2;3
209;20.12.2025;12:01;57;1773;9,5;9;да;36,9167;6,0759;18;2;3;3;4;2;6;0;1;1;4
210;20.12.2025;15:01;65;1765;10,8333;12,5;да;46,4722;6,8171;20;1;3;3;2;3;6;0;2;2;3
211;20.12.2025;18:01;78;1768;13;15,5;да;24;4,899;18;4;4;2;0;6;6;0;1;4;2
212;20.12.2025;21:01;50;1780;8,3333;8,5;да;28,2222;5,3125;18;1;4;2;0;5;6;0;2;3;4
213;21.12.2025;12:01;73;1757;12,1667;13;да;21,1389;4,5977;19;5;3;3;2;4;6;0;1;0;2
214;21.12.2025;15:01;87;1762;14,5;16,5;да;23,5833;4,8563;19;6;3;3;3;3;6;0;2;1;1
215;21.12.2025;18:01;68;1775;11,3333;11,5;да;16,2222;4,0277;18;5;2;4;3;3;6;0;1;1;2
216;21.12.2025;21:01;73;1757;12,1667;11;да;21,4722;4,6338;20;6;5;1;0;6;6;0;2;2;2
217;22.12.2025;12:01;74;1774;12,3333;10,5;да;16,8889;4,1096;18;8;4;2;1;5;6;0;1;1;3
218;22.12.2025;15:01;79;1765;13,1667;14;да;13,4722;3,6704;18;6;5;1;0;6;6;0;2;0;1
219;22.12.2025;18:01;95;1735;15,8333;15,5;да;4,4722;2,1148;19;13;3;3;2;4;6;0;1;1;0
220;22.12.2025;21:01;77;1753;12,8333;13;да;28,4722;5,3359;20;3;3;3;3;3;6;0;1;0;2
221;23.12.2025;12:01;46;1785;7,6667;3;да;65,5556;8,0966;20;1;4;2;1;3;6;0;2;3;4
222;23.12.2025;15:01;68;1779;11,3333;12,5;нет;28,2222;5,3125;17;3;2;4;4;2;6;0;2;0;3
223;23.12.2025;18:01;63;1767;10,5;12,5;нет;36,25;6,0208;18;1;3;3;1;4;6;0;2;2;2
224;23.12.2025;21:01;58;1782;9,6667;10;да;35,5556;5,9629;19;1;4;2;1;4;6;0;3;2;2
225;24.12.2025;12:01;45;1785;7,5;6;да;37,9167;6,1577;20;1;1;5;3;2;6;0;2;2;5
226;24.12.2025;15:01;50;1792;8,3333;10;да;27,5556;5,2493;15;1;4;2;1;4;6;0;2;1;3
227;24.12.2025;18:01;62;1775;10,3333;8,5;нет;29,8889;5,4671;18;3;2;4;4;2;6;0;2;0;3
228;24.12.2025;21:01;76;1780;12,6667;12;да;17,2222;4,15;18;8;4;2;2;4;6;0;0;0;3
229;25.12.2025;12:01;53;1777;8,8333;9,5;да;19,1389;4,3748;15;2;3;3;3;3;6;0;1;0;4
230;25.12.2025;15:01;62;1768;10,3333;12;да;27,2222;5,2175;17;2;2;4;5;1;6;0;0;0;3
231;25.12.2025;18:01;62;1772;10,3333;10,5;да;32,8889;5,7349;17;4;4;2;1;5;6;0;2;3;3
232;25.12.2025;21:01;69;1761;11,5;11;нет;34,9167;5,909;19;3;3;3;3;3;6;0;1;0;3
233;26.12.2025;12:01;75;1755;12,5;14;да;29,9167;5,4696;18;2;5;1;2;4;6;0;1;1;1
234;26.12.2025;15:01;86;1744;14,3333;15,5;да;23,2222;4,8189;20;7;2;4;2;4;6;0;1;2;2
235;26.12.2025;18:01;79;1751;13,1667;13,5;да;31,1389;5,5802;20;5;3;3;3;3;6;0;0;1;3
236;26.12.2025;21:01;67;1763;11,1667;11;да;47,8056;6,9142;20;1;3;3;1;4;6;0;3;1;3
237;27.12.2025;12:01;78;1762;13;11,5;да;21,3333;4,6188;20;7;4;2;2;4;6;0;2;0;1
238;27.12.2025;15:01;72;1769;12;12;да;29,3333;5,416;20;2;2;4;4;2;6;0;1;0;3
239;27.12.2025;18:01;56;1777;9,3333;8,5;нет;51,5556;7,1802;19;1;2;4;3;2;6;0;3;2;3
240;27.12.2025;21:01;63;1767;10,5;9;да;37,5833;6,1305;20;3;3;3;3;3;6;0;2;0;3
241;28.12.2025;12:01;69;1761;11,5;11,5;да;56,9167;7,5443;20;3;3;3;3;3;6;0;1;1;3
242;28.12.2025;15:01;69;1768;11,5;11;да;33,5833;5,7951;20;4;3;3;2;4;6;0;1;2;3
243;28.12.2025;18:01;61;1786;10,1667;11,5;нет;53,8056;7,3352;18;1;3;3;3;2;6;0;2;1;3
244;28.12.2025;21:01;53;1777;8,8333;6,5;да;31,8056;5,6396;17;2;3;3;4;2;6;0;1;1;4
245;29.12.2025;12:01;85;1763;14,1667;15,5;да;23,8056;4,8791;19;5;3;3;3;3;6;0;0;0;1
246;29.12.2025;15:01;62;1768;10,3333;11;да;33,5556;5,7927;20;2;4;2;3;3;6;0;1;0;2
247;29.12.2025;18:01;60;1790;10;6,5;да;52,3333;7,2342;20;3;4;2;2;4;6;0;1;1;4
248;29.12.2025;21:01;57;1778;9,5;8,5;да;41,5833;6,4485;20;1;3;3;2;3;6;0;1;1;3
249;30.12.2025;12:01;54;1776;9;10;да;32,3333;5,6862;18;1;2;4;2;3;6;0;2;2;4
250;30.12.2025;15:01;66;1771;11;10;да;17,3333;4,1633;19;7;0;6;5;1;6;0;0;1;4
251;30.12.2025;18:01;75;1755;12,5;14,5;да;30,25;5,5;18;2;3;3;2;4;6;0;1;1;2
252;30.12.2025;21:01;68;1773;11,3333;11;да;24,8889;4,9889;18;4;2;4;4;2;6;0;0;1;4
253;31.12.2025;12:01;61;1775;10,1667;6,5;да;45,1389;6,7185;20;3;3;3;3;3;6;0;3;0;4
254;31.12.2025;15:01;72;1758;12;12;да;14,6667;3,8297;18;7;2;4;3;3;6;0;1;0;3
255;31.12.2025;18:01;66;1781;11;13,5;да;38,3333;6,1914;17;2;2;4;5;1;6;0;1;0;2
256;31.12.2025;21:01;76;1754;12,6667;13;да;19,8889;4,4597;19;5;4;2;2;4;6;0;1;1;1
257;01.01.2026;12:01;66;1764;11;10,5;да;13,3333;3,6515;17;6;4;2;2;4;6;0;2;0;3
258;01.01.2026;15:01;64;1766;10,6667;12;да;30,8889;5,5578;18;2;2;4;4;2;6;0;1;0;3
259;01.01.2026;18:01;76;1754;12,6667;13;да;15,5556;3,9441;19;7;2;4;2;4;6;0;1;1;2
260;01.01.2026;21:01;61;1769;10,1667;9,5;да;22,1389;4,7052;18;4;5;1;0;6;6;0;2;2;3
261;02.01.2026;12:01;47;1783;7,8333;7,5;да;18,4722;4,2979;15;2;3;3;3;3;6;0;1;1;5
262;02.01.2026;15:01;49;1781;8,1667;7,5;да;39,8056;6,3092;16;1;3;3;2;3;6;0;3;2;3
263;02.01.2026;18:01;62;1768;10,3333;10,5;да;29,2222;5,4058;19;1;2;4;3;2;6;0;2;1;3
264;02.01.2026;21:01;67;1770;11,1667;10;да;36,1389;6,0116;20;3;1;5;5;1;6;0;1;0;3
265;03.01.2026;12:01;46;1802;7,6667;5;да;46,5556;6,8232;17;1;2;4;2;2;6;0;3;3;4
266;03.01.2026;15:01;95;1751;15,8333;16,5;да;10,4722;3,2361;19;9;3;3;2;4;6;0;0;3;1
267;03.01.2026;18:01;62;1768;10,3333;8,5;да;31,2222;5,5877;20;3;2;4;2;4;6;0;2;1;4
268;03.01.2026;21:01;72;1758;12;15;нет;43;6,5574;19;2;4;2;3;3;6;0;0;2;2
269;04.01.2026;12:01;49;1781;8,1667;9,5;да;18,4722;4,2979;14;2;3;3;3;3;6;0;2;1;4
270;04.01.2026;15:01;43;1787;7,1667;6;да;30,1389;5,4899;17;1;1;5;5;0;6;0;1;1;5
271;04.01.2026;18:01;67;1763;11,1667;11,5;да;18,4722;4,2979;17;3;3;3;3;3;6;0;2;0;2
272;04.01.2026;21:01;66;1780;11;12;да;21,3333;4,6188;16;4;4;2;2;4;6;0;1;3;3
273;05.01.2026;12:01;55;1783;9,1667;8;да;8,1389;2,8529;14;6;5;1;1;5;6;0;1;0;4
274;05.01.2026;15:01;55;1775;9,1667;8,5;да;45,1389;6,7185;18;1;3;3;3;2;6;0;2;1;4
275;05.01.2026;18:01;56;1774;9,3333;8,5;да;41,5556;6,4464;19;1;2;4;2;3;6;0;2;2;3
276;05.01.2026;21:01;64;1774;10,6667;9,5;нет;25,8889;5,0881;18;3;4;2;2;4;6;0;1;1;4
277;06.01.2026;12:01;69;1761;11,5;11;да;29,5833;5,4391;19;5;3;3;3;3;6;0;1;0;3
278;06.01.2026;15:01;88;1758;14,6667;15;да;11,2222;3,35;20;9;4;2;1;5;6;0;0;3;1
279;06.01.2026;18:01;76;1754;12,6667;13,5;да;27,2222;5,2175;18;2;4;2;3;3;6;0;0;0;1
280;06.01.2026;21:01;36;1802;6;7;да;7;2,6458;9;2;4;2;2;4;6;0;2;1;6
281;07.01.2026;12:01;67;1763;11,1667;11;да;31,8056;5,6396;18;1;3;3;1;4;6;0;2;2;2
282;07.01.2026;15:01;54;1776;9;8;да;32,3333;5,6862;19;2;2;4;4;2;6;0;0;2;4
283;07.01.2026;18:01;48;1782;8;6;да;37,6667;6,1373;18;1;4;2;1;4;6;0;2;2;4
284;07.01.2026;21:01;53;1792;8,8333;8;нет;23,4722;4,8448;15;2;1;5;3;3;6;0;2;1;4
285;08.01.2026;12:01;53;1785;8,8333;8;да;40,8056;6,3879;18;1;5;1;1;4;6;0;1;2;4
286;08.01.2026;15:01;74;1768;12,3333;12;да;18,2222;4,2687;19;6;4;2;1;5;6;0;1;2;2
287;08.01.2026;18:01;53;1777;8,8333;8,5;да;38,4722;6,2026;17;1;3;3;3;2;6;0;2;2;3
288;08.01.2026;21:01;55;1785;9,1667;10;да;16,8056;4,0995;14;1;5;1;0;5;6;0;3;1;2
289;09.01.2026;12:01;48;1787;8;7;да;9,3333;3,055;13;5;2;4;4;2;6;0;1;0;5
290;09.01.2026;15:01;53;1777;8,8333;9;да;27,4722;5,2414;16;1;5;1;0;5;6;0;2;3;3
291;09.01.2026;18:01;66;1770;11;10;да;50,6667;7,1181;20;1;4;2;1;4;6;0;3;1;3
292;09.01.2026;21:01;77;1773;12,8333;16;да;58,1389;7,6249;20;1;5;1;0;5;6;0;1;2;2
293;10.01.2026;12:01;84;1746;14;15;да;26;5,099;20;7;2;4;4;2;6;0;0;0;2
294;10.01.2026;15:01;74;1764;12,3333;12;да;14,2222;3,7712;18;8;4;2;2;4;6;0;0;1;3
295;10.01.2026;18:01;68;1780;11,3333;12,5;да;42,5556;6,5235;18;3;4;2;2;4;6;0;1;1;3
296;10.01.2026;21:01;77;1753;12,8333;13,5;да;11,8056;3,4359;17;7;3;3;3;3;6;0;1;1;1
297;11.01.2026;12:01;73;1774;12,1667;14,5;да;29,8056;5,4595;17;2;3;3;3;3;6;0;1;0;2
298;11.01.2026;15:01;76;1769;12,6667;14,5;да;27,2222;5,2175;20;4;4;2;0;6;6;0;2;1;2
299;11.01.2026;18:01;81;1749;13,5;13,5;да;18,25;4,272;20;8;3;3;1;5;6;0;1;1;2
300;11.01.2026;21:01;73;1757;12,1667;12,5;да;22,4722;4,7405;18;4;3;3;2;4;6;0;0;2;2
301;12.01.2026;12:01;37;1793;6,1667;6,5;нет;7,8056;2,7939;10;1;3;3;2;3;6;0;3;1;5
302;12.01.2026;15:01;60;1775;10;7,5;да;36;6;19;4;2;4;4;2;6;0;1;1;3
303;12.01.2026;18:01;33;1797;5,5;4,5;да;16,9167;4,113;14;1;3;3;2;3;6;0;3;2;5
304;12.01.2026;21:01;77;1753;12,8333;14,5;да;25,1389;5,0139;17;2;3;3;3;3;6;0;1;1;1
305;13.01.2026;12:01;72;1758;12;11;да;17,6667;4,2032;20;7;4;2;1;5;6;0;1;1;2
306;13.01.2026;15:01;71;1777;11,8333;13;да;35,4722;5,9559;18;1;5;1;0;5;6;0;1;1;2
307;13.01.2026;18:01;63;1784;10,5;12,5;да;55,5833;7,4554;20;1;3;3;0;4;6;0;2;5;3
308;13.01.2026;21:01;60;1770;10;10,5;да;32,3333;5,6862;18;2;4;2;1;5;6;0;1;2;3
309;14.01.2026;12:01;76;1754;12,6667;13,5;да;28,5556;5,3437;20;4;4;2;2;4;6;0;0;1;2
310;14.01.2026;15:01;72;1758;12;11,5;да;12,6667;3,559;19;8;2;4;3;3;6;0;0;1;3
311;14.01.2026;18:01;79;1751;13,1667;15;да;37,8056;6,1486;20;2;3;3;3;3;6;0;0;1;2
312;14.01.2026;21:01;97;1770;16,1667;18;да;13,1389;3,6248;19;9;3;3;2;4;6;0;0;1;1
313;15.01.2026;12:01;86;1763;14,3333;18,5;да;44,2222;6,65;20;4;4;2;2;4;6;0;1;1;2
314;15.01.2026;15:01;60;1770;10;10;да;21,3333;4,6188;17;4;2;4;3;3;6;0;0;2;4
315;15.01.2026;18:01;51;1779;8,5;9,5;да;10,9167;3,304;12;2;3;3;3;3;6;0;1;1;4
316;15.01.2026;21:01;82;1748;13,6667;14,5;да;21,2222;4,6068;19;7;2;4;3;3;6;0;0;1;2
317;16.01.2026;12:01;57;1773;9,5;10;да;21,9167;4,6815;15;1;1;5;2;3;6;0;2;2;4
318;16.01.2026;15:01;62;1768;10,3333;11;да;21,5556;4,6428;17;4;4;2;2;4;6;0;1;1;2
319;16.01.2026;18:01;74;1768;12,3333;12;да;6,2222;2,4944;16;9;4;2;0;6;6;0;2;2;1
320;16.01.2026;21:01;52;1778;8,6667;8;да;38,8889;6,2361;17;1;2;4;2;3;6;0;3;2;3
321;17.01.2026;12:01;87;1743;14,5;14,5;да;6,9167;2,63;18;10;3;3;2;4;6;0;2;0;0
322;17.01.2026;15:01;41;1798;6,8333;8,5;нет;15,8056;3,9756;12;1;3;3;1;4;6;0;1;3;5
323;17.01.2026;18:01;67;1763;11,1667;12;да;31,1389;5,5802;18;1;3;3;2;3;6;0;1;2;3
324;17.01.2026;21:01;60;1784;10;11,5;нет;23;4,7958;15;2;4;2;1;5;6;0;2;1;3
325;18.01.2026;12:01;95;1735;15,8333;16;да;5,8056;2,4095;19;12;3;3;2;4;6;0;1;0;0
326;18.01.2026;15:01;76;1754;12,6667;14;да;34,2222;5,85;19;3;2;4;4;2;6;0;1;0;3
327;18.01.2026;18:01;70;1760;11,6667;12,5;да;27,5556;5,2493;19;4;4;2;2;4;6;0;1;2;2
328;18.01.2026;21:01;55;1775;9,1667;8,5;да;27,1389;5,2095;19;2;3;3;3;3;6;0;1;1;5
329;19.01.2026;12:01;77;1753;12,8333;13,5;да;37,8056;6,1486;20;4;3;3;3;3;6;0;1;1;2
330;19.01.2026;15:01;59;1789;9,8333;11,5;нет;34,1389;5,8429;16;2;5;1;3;3;6;0;0;2;3
331;19.01.2026;18:01;65;1765;10,8333;11,5;да;31,8056;5,6396;20;3;3;3;3;3;6;0;1;0;3
332;19.01.2026;21:01;48;1792;8;9;да;19,6667;4,4347;15;2;4;2;2;4;6;0;4;0;3
333;20.01.2026;12:01;59;1771;9,8333;9;нет;47,8056;6,9142;20;1;3;3;2;3;6;0;1;3;3
334;20.01.2026;15:01;75;1773;12,5;14,5;нет;31,5833;5,6199;18;3;3;3;2;4;6;0;2;0;2
335;20.01.2026;18:01;63;1784;10,5;11;да;47,5833;6,8981;18;2;3;3;4;2;6;0;0;1;3
336;20.01.2026;21:01;56;1777;9,3333;9,5;нет;26,8889;5,1855;16;3;2;4;3;3;6;0;3;1;4
337;21.01.2026;12:01;54;1776;9;6,5;да;46,6667;6,8313;20;2;4;2;2;4;6;0;1;3;4
338;21.01.2026;15:01;74;1756;12,3333;12;да;27,8889;5,281;19;5;2;4;2;4;6;0;1;1;3
339;21.01.2026;18:01;69;1765;11,5;12;да;38,9167;6,2383;20;4;3;3;1;5;6;0;1;3;3
340;21.01.2026;21:01;54;1776;9;7,5;да;26,3333;5,1316;18;3;2;4;3;3;6;0;2;1;4
341;22.01.2026;12:01;103;1763;17,1667;18;нет;8,8056;2,9674;20;11;1;5;5;1;6;0;0;0;1
342;22.01.2026;15:01;61;1769;10,1667;11,5;да;33,4722;5,7855;19;1;1;5;4;1;6;0;1;1;3
343;22.01.2026;18:01;74;1756;12,3333;14;да;50,2222;7,0868;20;2;4;2;3;3;6;0;1;0;2
344;22.01.2026;21:01;60;1772;10;10;да;55;7,4162;19;2;4;2;4;2;6;0;0;2;3
345;23.01.2026;12:01;73;1757;12,1667;13;да;21,1389;4,5977;17;3;3;3;3;3;6;0;1;1;2
346;23.01.2026;15:01;62;1768;10,3333;9,5;нет;27,8889;5,281;19;4;2;4;2;4;6;0;2;2;3
347;23.01.2026;18:01;34;1805;5,6667;6;да;9,8889;3,1447;9;1;2;4;1;4;6;0;2;4;6
348;23.01.2026;21:01;88;1742;14,6667;14,5;да;17,2222;4,15;20;8;4;2;2;4;6;0;0;1;1
349;24.01.2026;12:01;61;1769;10,1667;12;да;37,4722;6,1215;17;1;1;5;4;1;6;0;2;2;3
350;24.01.2026;15:01;87;1743;14,5;14,5;да;8,9167;2,9861;19;10;3;3;2;4;6;0;2;0;0
351;24.01.2026;18:01;66;1764;11;12;да;45,3333;6,733;20;2;4;2;3;3;6;0;2;0;2
352;24.01.2026;21:01;66;1764;11;11,5;да;21,6667;4,6548;17;3;2;4;3;3;6;0;3;0;2
353;25.01.2026;12:01;40;1790;6,6667;5,5;да;19,5556;4,4222;13;1;2;4;3;2;6;0;3;1;4
354;25.01.2026;15:01;64;1766;10,6667;12;да;31,5556;5,6174;19;3;2;4;4;2;6;0;1;1;3
355;25.01.2026;18:01;86;1761;14,3333;16,5;да;26,5556;5,1532;18;3;2;4;3;3;6;0;2;1;1
356;25.01.2026;21:01;78;1752;13;12,5;да;24,6667;4,9666;20;5;4;2;2;4;6;0;1;0;1
357;26.01.2026;12:01;71;1759;11,8333;11,5;да;29,8056;5,4595;20;5;3;3;2;4;6;0;1;1;3
358;26.01.2026;15:01;48;1782;8;7,5;да;21,6667;4,6548;16;2;4;2;2;4;6;0;1;3;5
359;26.01.2026;18:01;32;1799;5,3333;5;да;16,8889;4,1096;11;1;2;4;2;2;6;0;2;3;6
360;26.01.2026;21:01;77;1753;12,8333;12;да;24,8056;4,9805;20;6;5;1;0;6;6;0;2;1;2
361;27.01.2026;12:01;42;1789;7;4,5;нет;42,3333;6,5064;19;1;2;4;2;2;6;0;2;3;4
362;27.01.2026;15:01;61;1769;10,1667;9;да;28,4722;5,3359;20;4;3;3;3;3;6;0;1;1;4
363;27.01.2026;18:01;70;1760;11,6667;13,5;да;49,5556;7,0396;20;2;4;2;3;3;6;0;1;1;3
364;27.01.2026;21:01;51;1779;8,5;8;да;34,9167;5,909;20;2;3;3;3;3;6;0;2;1;4
365;28.01.2026;12:01;52;1790;8,6667;8,5;да;33,2222;5,7639;18;2;4;2;3;3;6;0;1;0;3
366;28.01.2026;15:01;89;1770;14,8333;15,5;нет;21,1389;4,5977;20;9;3;3;1;5;6;0;0;2;2
367;28.01.2026;18:01;46;1792;7,6667;8;да;28,2222;5,3125;17;1;4;2;2;3;6;0;2;1;4
368;28.01.2026;21:01;53;1777;8,8333;9;да;35,1389;5,9278;19;1;3;3;2;3;6;0;3;1;3
369;29.01.2026;12:01;61;1769;10,1667;11,5;да;43,1389;6,568;18;1;3;3;1;4;6;0;3;2;3
370;29.01.2026;15:01;45;1785;7,5;6;да;29,9167;5,4696;17;1;1;5;4;1;6;0;2;1;4
371;29.01.2026;18:01;48;1782;8;5,5;да;38,6667;6,2183;17;1;2;4;3;2;6;0;3;2;4
372;29.01.2026;21:01;64;1766;10,6667;10,5;да;25,2222;5,0222;17;2;4;2;3;3;6;0;1;1;3
373;30.01.2026;12:01;45;1785;7,5;7,5;да;21,5833;4,6458;16;1;3;3;1;4;6;0;1;4;5
374;30.01.2026;15:01;44;1786;7,3333;7,5;да;19,5556;4,4222;13;1;2;4;2;3;6;0;3;2;4
375;30.01.2026;18:01;80;1750;13,3333;15;нет;18,5556;4,3076;18;7;4;2;2;4;6;0;0;1;2
376;30.01.2026;21:01;67;1763;11,1667;10;да;20,4722;4,5246;20;6;3;3;2;4;6;0;1;1;4
377;31.01.2026;12:01;76;1774;12,6667;17,5;да;69,5556;8,34;20;1;2;4;2;2;6;0;2;3;2
378;31.01.2026;15:01;45;1785;7,5;6,5;нет;28,25;5,3151;18;2;3;3;3;3;6;0;1;1;5
379;31.01.2026;18:01;53;1777;8,8333;8;да;29,1389;5,398;18;2;3;3;3;3;6;0;0;2;4
380;31.01.2026;21:01;58;1772;9,6667;9,5;да;28,2222;5,3125;18;2;4;2;2;4;6;0;1;1;3
381;01.02.2026;12:01;57;1773;9,5;9,5;да;23,9167;4,8905;16;2;5;1;2;4;6;0;1;1;3
382;01.02.2026;15:01;75;1755;12,5;15;да;38,9167;6,2383;19;3;3;3;3;3;6;0;1;1;2
383;01.02.2026;18:01;73;1773;12,1667;14;да;34,8056;5,8996;20;4;5;1;1;5;6;0;0;3;2
384;01.02.2026;21:01;68;1762;11,3333;11,5;да;28,5556;5,3437;20;4;4;2;1;5;6;0;2;1;3
385;02.02.2026;12:01;65;1776;10,8333;10,5;да;12,4722;3,5316;18;7;3;3;3;3;6;0;1;0;4
386;02.02.2026;15:01;60;1782;10;10;да;21,3333;4,6188;18;4;6;0;0;6;6;0;1;1;3
387;02.02.2026;18:01;75;1755;12,5;14,5;да;26,25;5,1235;18;5;3;3;2;4;6;0;2;0;2
388;02.02.2026;21:01;49;1786;8,1667;5;да;43,8056;6,6186;20;1;3;3;2;3;6;0;1;2;4
389;03.02.2026;12:01;80;1768;13,3333;15,5;да;35,8889;5,9907;20;4;4;2;2;4;6;0;0;1;2
390;03.02.2026;15:01;82;1748;13,6667;14;да;23,8889;4,8876;20;5;2;4;3;3;6;0;1;0;2
391;03.02.2026;18:01;60;1770;10;9;да;49,3333;7,0238;20;2;2;4;5;1;6;0;1;0;3
392;03.02.2026;21:01;40;1792;6,6667;4,5;да;27,2222;5,2175;16;2;4;2;4;2;6;0;2;1;5
393;04.02.2026;12:01;81;1769;13,5;16;да;45,5833;6,7515;20;2;3;3;3;3;6;0;1;0;2
394;04.02.2026;15:01;64;1774;10,6667;9,5;да;32,5556;5,7058;20;2;4;2;2;4;6;0;1;0;4
395;04.02.2026;18:01;72;1758;12;13;да;17,6667;4,2032;17;4;4;2;1;5;6;0;2;1;1
396;04.02.2026;21:01;62;1774;10,3333;8,5;да;24,8889;4,9889;20;6;4;2;2;4;6;0;3;0;3
397;05.02.2026;12:01;55;1775;9,1667;10;нет;20,4722;4,5246;16;3;3;3;2;4;6;0;1;3;4
398;05.02.2026;15:01;75;1781;12,5;13;да;25,25;5,0249;19;4;5;1;1;5;6;0;2;3;1
399;05.02.2026;18:01;64;1770;10,6667;10,5;да;35,2222;5,9348;19;4;4;2;2;4;6;0;0;3;3
400;05.02.2026;21:01;57;1773;9,5;10,5;да;26,9167;5,1881;16;1;3;3;1;4;6;0;1;3;3
401;06.02.2026;12:01;38;1799;6,3333;7;да;12,5556;3,5434;12;1;2;4;3;2;6;0;2;1;5
402;06.02.2026;15:01;60;1774;10;8,5;нет;49;7;20;2;4;2;3;3;6;0;0;2;3
403;06.02.2026;18:01;64;1766;10,6667;10;да;24,8889;4,9889;20;5;2;4;3;3;6;0;1;1;4
404;06.02.2026;21:01;54;1776;9;9,5;да;40,6667;6,377;18;1;4;2;2;3;6;0;2;1;3
405;07.02.2026;12:01;55;1775;9,1667;10;да;23,8056;4,8791;16;2;3;3;3;3;6;0;0;3;4
406;07.02.2026;15:01;41;1789;6,8333;6,5;да;22,4722;4,7405;15;1;3;3;2;3;6;0;4;1;4
407;07.02.2026;18:01;70;1760;11,6667;12;да;31,8889;5,647;19;4;2;4;2;4;6;0;2;2;3
408;07.02.2026;21:01;51;1787;8,5;8;да;20,5833;4,5369;17;2;5;1;2;4;6;0;2;0;4
409;08.02.2026;12:01;78;1752;13;15,5;нет;45,6667;6,7577;20;3;2;4;4;2;6;0;1;0;2
410;08.02.2026;15:01;69;1761;11,5;10,5;да;44,9167;6,702;20;4;3;3;2;4;6;0;2;1;3
411;08.02.2026;18:01;58;1772;9,6667;8;да;27,8889;5,281;19;4;2;4;3;3;6;0;0;2;4
412;08.02.2026;21:01;88;1759;14,6667;17;да;23,5556;4,8534;19;5;2;4;4;2;6;0;0;0;1
413;09.02.2026;12:01;64;1779;10,6667;12,5;да;26,2222;5,1208;18;3;2;4;4;2;6;0;1;0;2
414;09.02.2026;15:01;71;1759;11,8333;11;да;21,4722;4,6338;20;6;5;1;0;6;6;0;3;0;2
415;09.02.2026;18:01;52;1778;8,6667;8,5;да;35,5556;5,9629;17;1;2;4;2;3;6;0;2;2;4
416;09.02.2026;21:01;54;1776;9;8,5;да;13,3333;3,6515;15;4;4;2;0;6;6;0;2;2;4
417;10.02.2026;12:01;41;1789;6,8333;5,5;да;18,4722;4,2979;13;2;3;3;4;2;6;0;1;1;4
418;10.02.2026;15:01;72;1758;12;13,5;нет;50;7,0711;20;1;2;4;3;2;6;0;1;2;3
419;10.02.2026;18:01;44;1787;7,3333;3,5;да;54,8889;7,4087;20;1;2;4;1;3;6;0;4;3;4
420;10.02.2026;21:01;74;1756;12,3333;13,5;да;32,5556;5,7058;19;3;2;4;4;2;6;0;1;0;2
421;11.02.2026;12:01;45;1789;7,5;4;да;41,9167;6,4743;20;2;5;1;2;4;6;0;1;2;4
422;11.02.2026;15:01;73;1771;12,1667;14;да;24,8056;4,9805;18;4;5;1;1;5;6;0;0;2;2
423;11.02.2026;18:01;72;1758;12;12;нет;41,3333;6,4291;20;3;2;4;2;4;6;0;3;1;3
424;11.02.2026;21:01;60;1776;10;9,5;да;23,6667;4,8648;17;4;4;2;2;4;6;0;2;1;3
425;12.02.2026;12:01;58;1772;9,6667;9;нет;22,8889;4,7842;16;2;4;2;2;4;6;0;2;1;3
426;12.02.2026;15:01;65;1776;10,8333;11;нет;18,8056;4,3365;17;3;1;5;4;2;6;0;1;1;4
427;12.02.2026;18:01;63;1767;10,5;10,5;да;4,9167;2,2174;14;7;3;3;2;4;6;0;1;1;3
428;12.02.2026;21:01;54;1776;9;9;да;12,6667;3,559;14;3;4;2;2;4;6;0;2;0;3
429;13.02.2026;12:01;43;1791;7,1667;5,5;да;29,8056;5,4595;18;1;3;3;1;4;6;0;1;4;5
430;13.02.2026;15:01;64;1784;10,6667;9,5;да;32,5556;5,7058;18;3;4;2;2;4;6;0;2;0;4
431;13.02.2026;18:01;68;1762;11,3333;10,5;да;39,8889;6,3158;20;4;4;2;2;4;6;0;0;1;3
432;13.02.2026;21:01;60;1770;10;9,5;да;30,6667;5,5378;19;3;2;4;4;2;6;0;1;0;3
433;14.02.2026;12:01;90;1751;15;14,5;да;12,3333;3,5119;20;11;2;4;3;3;6;0;1;0;2
434;14.02.2026;15:01;71;1776;11,8333;12,5;нет;23,4722;4,8448;17;3;1;5;4;2;6;0;1;1;2
435;14.02.2026;18:01;52;1788;8,6667;8,5;нет;30,8889;5,5578;19;1;2;4;3;2;6;0;3;1;3
436;14.02.2026;21:01;47;1790;7,8333;7;да;21,4722;4,6338;17;2;1;5;5;1;6;0;0;1;5
437;15.02.2026;12:01;59;1771;9,8333;10,5;да;18,4722;4,2979;16;4;3;3;2;4;6;0;0;3;3
438;15.02.2026;15:01;68;1762;11,3333;12,5;да;47,2222;6,8718;20;1;4;2;1;4;6;0;1;2;2
439;15.02.2026;18:01;46;1784;7,6667;8,5;да;15,8889;3,9861;13;2;2;4;4;2;6;0;1;1;5
440;15.02.2026;21:01;70;1760;11,6667;13;нет;52,8889;7,2725;20;1;4;2;1;4;6;0;2;3;2
441;16.02.2026;12:01;57;1773;9,5;7,5;да;47,5833;6,8981;20;2;3;3;4;2;6;0;2;0;3
442;16.02.2026;15:01;79;1783;13,1667;12;да;28,8056;5,3671;20;5;5;1;1;5;6;0;1;0;1
443;16.02.2026;18:01;41;1789;6,8333;7,5;да;18,4722;4,2979;13;1;3;3;2;3;6;0;3;2;4
444;16.02.2026;21:01;68;1762;11,3333;10;да;29,5556;5,4365;19;5;2;4;3;3;6;0;1;1;4
445;17.02.2026;12:01;59;1790;9,8333;9;да;59,8056;7,7334;19;1;3;3;3;2;6;0;1;2;3
446;17.02.2026;15:01;72;1758;12;12,5;нет;18,6667;4,3205;17;5;2;4;2;4;6;0;2;2;2
447;17.02.2026;18:01;76;1771;12,6667;16;да;44,8889;6,6999;20;2;2;4;4;2;6;0;1;0;2
448;17.02.2026;21:01;78;1783;13;13;да;42,3333;6,5064;20;1;2;4;2;3;6;0;2;1;3
449;18.02.2026;12:01;66;1764;11;11;да;22,3333;4,7258;18;5;2;4;2;4;6;0;2;1;3
450;18.02.2026;15:01;59;1781;9,8333;10;нет;29,1389;5,398;19;1;3;3;2;3;6;0;3;1;2
451;18.02.2026;18:01;59;1776;9,8333;9;нет;37,1389;6,0942;18;2;3;3;4;2;6;0;0;1;3
452;18.02.2026;21:01;62;1768;10,3333;11;да;30,5556;5,5277;19;1;2;4;3;2;6;0;2;1;2
453;19.02.2026;12:01;56;1774;9,3333;10,5;да;32,2222;5,6765;17;1;2;4;3;2;6;0;3;1;3
454;19.02.2026;15:01;79;1751;13,1667;14;да;17,1389;4,1399;18;7;3;3;2;4;6;0;0;2;2
455;19.02.2026;18:01;64;1776;10,6667;10,5;да;19,2222;4,3843;18;3;4;2;2;4;6;0;3;0;2
456;19.02.2026;21:01;84;1761;14;15;да;12;3,4641;18;7;2;4;2;4;6;0;2;1;1
457;20.02.2026;12:01;40;1790;6,6667;5;да;28,5556;5,3437;18;2;4;2;3;3;6;0;2;1;5
458;20.02.2026;15:01;66;1777;11;12,5;нет;24,3333;4,9329;17;1;2;4;3;2;6;0;2;1;1
459;20.02.2026;18:01;79;1751;13,1667;15,5;да;32,4722;5,6984;20;4;3;3;2;4;6;0;1;2;2
460;20.02.2026;21:01;84;1746;14;14;да;18,6667;4,3205;20;8;6;0;0;6;6;0;1;1;1
461;21.02.2026;12:01;47;1783;7,8333;6,5;нет;16,1389;4,0173;15;3;1;5;4;2;6;0;3;0;5
462;21.02.2026;15:01;67;1776;11,1667;13;да;42,1389;6,4914;19;2;1;5;6;0;6;0;1;0;2
463;21.02.2026;18:01;63;1767;10,5;9,5;да;15,5833;3,9476;17;5;3;3;2;4;6;0;1;1;3
464;21.02.2026;21:01;63;1767;10,5;10;нет;48,9167;6,994;20;2;3;3;4;2;6;0;1;0;3
465;22.02.2026;12:01;55;1775;9,1667;8,5;да;49,1389;7,0099;20;1;3;3;2;3;6;0;2;1;3
466;22.02.2026;15:01;65;1765;10,8333;11;да;33,1389;5,7566;20;3;3;3;2;4;6;0;3;0;2
467;22.02.2026;18:01;74;1756;12,3333;15,5;да;56,5556;7,5203;20;1;2;4;2;3;6;0;3;2;2
468;22.02.2026;21:01;65;1765;10,8333;8,5;да;37,1389;6,0942;20;3;3;3;2;4;6;0;1;1;4
469;23.02.2026;12:01;55;1789;9,1667;9;да;45,8056;6,768;19;1;3;3;2;3;6;0;2;2;3
470;23.02.2026;15:01;40;1800;6,6667;5,5;да;20,2222;4,4969;16;3;2;4;4;2;6;0;2;2;5
471;23.02.2026;18:01;71;1759;11,8333;13,5;да;31,1389;5,5802;18;3;3;3;2;4;6;0;3;0;2
472;23.02.2026;21:01;63;1779;10,5;12;да;23,9167;4,8905;16;1;5;1;0;5;6;0;1;2;2
473;24.02.2026;12:01;79;1751;13,1667;13;да;13,4722;3,6704;19;8;5;1;1;5;6;0;1;1;1
474;24.02.2026;15:01;47;1783;7,8333;8,5;да;12,4722;3,5316;12;2;3;3;4;2;6;0;1;0;4
475;24.02.2026;18:01;54;1785;9;9;да;20;4,4721;17;3;0;6;4;2;6;0;1;2;5
476;24.02.2026;21:01;52;1778;8,6667;6,5;да;22,2222;4,714;17;4;2;4;4;2;6;0;1;1;4
477;25.02.2026;12:01;51;1779;8,5;8;да;28,9167;5,3774;18;1;3;3;2;3;6;0;3;1;4
478;25.02.2026;15:01;75;1755;12,5;13;да;37,9167;6,1577;20;2;5;1;1;5;6;0;1;2;2
479;25.02.2026;18:01;53;1777;8,8333;7;да;48,8056;6,9861;20;1;5;1;1;4;6;0;2;2;4
480;25.02.2026;21:01;57;1773;9,5;8;да;19,5833;4,4253;18;5;3;3;2;4;6;0;1;1;4
481;26.02.2026;12:01;63;1785;10,5;9,5;да;34,25;5,8523;18;3;3;3;3;3;6;0;1;0;4
482;26.02.2026;15:01;74;1774;12,3333;13,5;да;31,5556;5,6174;18;2;4;2;1;5;6;0;1;1;2
483;26.02.2026;18:01;59;1780;9,8333;10;да;9,8056;3,1314;14;4;3;3;1;5;6;0;0;3;4
484;26.02.2026;21:01;77;1753;12,8333;13,5;да;29,1389;5,398;19;3;3;3;2;4;6;0;3;0;1
485;27.02.2026;12:01;52;1778;8,6667;8;да;12,8889;3,5901;15;4;2;4;2;4;6;0;2;2;5
486;27.02.2026;15:01;55;1775;9,1667;8,5;да;39,4722;6,2827;19;1;1;5;2;3;6;0;3;2;4
487;27.02.2026;18:01;103;1759;17,1667;18;да;5,4722;2,3393;20;14;5;1;1;5;6;0;0;0;0
488;27.02.2026;21:01;45;1789;7,5;4,5;да;35,5833;5,9652;18;1;3;3;2;3;6;0;1;3;4
489;28.02.2026;12:01;74;1756;12,3333;12,5;да;18,2222;4,2687;18;6;4;2;0;6;6;0;3;2;2
490;28.02.2026;15:01;58;1772;9,6667;8,5;да;32,2222;5,6765;18;3;4;2;2;4;6;0;2;2;3
491;28.02.2026;18:01;49;1788;8,1667;7;да;24,1389;4,9131;17;1;1;5;4;1;6;0;2;1;5
492;28.02.2026;21:01;47;1783;7,8333;7;да;28,8056;5,3671;18;1;5;1;0;5;6;0;3;2;4
493;01.03.2026;12:01;70;1768;11,6667;11,5;да;11,5556;3,3994;18;8;4;2;2;4;6;0;0;0;3
494;01.03.2026;15:01;48;1790;8;8;да;13,6667;3,6969;13;3;4;2;2;4;6;0;1;1;4
495;01.03.2026;18:01;58;1772;9,6667;8;нет;55,8889;7,4759;20;1;2;4;3;2;6;0;1;2;4
496;01.03.2026;21:01;63;1767;10,5;10,5;нет;20,9167;4,5735;18;3;3;3;3;3;6;0;2;0;3
497;02.03.2026;12:01;75;1767;12,5;12;да;23,5833;4,8563;19;5;3;3;2;4;6;0;0;1;2
498;02.03.2026;15:01;37;1793;6,1667;4,5;да;19,1389;4,3748;15;2;3;3;3;3;6;0;2;1;5
499;02.03.2026;18:01;38;1792;6,3333;5,5;да;22,2222;4,714;14;1;4;2;2;3;6;0;3;1;4
500;02.03.2026;21:01;70;1761;11,6667;14,5;да;61,2222;7,8245;20;1;2;4;1;3;6;0;3;2;2
501;03.03.2026;12:01;47;1800;7,8333;5;да;44,4722;6,6687;17;1;3;3;3;2;6;0;2;2;4
502;03.03.2026;15:01;52;1778;8,6667;7,5;да;27,2222;5,2175;19;2;4;2;3;3;6;0;2;0;4
503;03.03.2026;18:01;52;1778;8,6667;8,5;да;26,5556;5,1532;16;2;4;2;2;4;6;0;1;2;4
504;03.03.2026;21:01;61;1769;10,1667;10,5;да;35,1389;5,9278;20;1;3;3;1;4;6;0;2;2;3
505;04.03.2026;12:01;69;1779;11,5;15;да;51,9167;7,2053;18;1;5;1;1;4;6;0;1;2;2
506;04.03.2026;15:01;35;1795;5,8333;6;да;13,8056;3,7156;12;1;3;3;3;2;6;0;1;1;5
507;04.03.2026;18:01;62;1768;10,3333;9;да;41,8889;6,4722;19;1;2;4;3;2;6;0;2;1;4
508;04.03.2026;21:01;70;1784;11,6667;12;нет;18,2222;4,2687;17;5;0;6;2;4;6;0;2;2;3
509;05.03.2026;12:01;59;1771;9,8333;8,5;да;22,4722;4,7405;19;4;3;3;2;4;6;0;0;2;4
510;05.03.2026;15:01;83;1747;13,8333;14,5;нет;20,4722;4,5246;20;5;3;3;2;4;6;0;1;1;1
511;05.03.2026;18:01;57;1773;9,5;10;да;35,9167;5,9931;17;1;1;5;3;2;6;0;2;3;4
512;05.03.2026;21:01;37;1793;6,1667;6,5;да;5,1389;2,2669;9;2;3;3;3;3;6;0;1;1;6
513;06.03.2026;12:01;52;1787;8,6667;9;да;16,8889;4,1096;15;1;2;4;0;5;6;0;3;3;4
514;06.03.2026;15:01;62;1768;10,3333;11,5;да;23,2222;4,8189;16;3;2;4;3;3;6;0;2;1;3
515;06.03.2026;18:01;65;1774;10,8333;9;да;33,4722;5,7855;19;3;1;5;3;3;6;0;1;2;4
516;06.03.2026;21:01;64;1766;10,6667;11;да;31,8889;5,647;20;3;4;2;2;4;6;0;2;0;2
517;07.03.2026;12:01;65;1765;10,8333;12;да;42,4722;6,5171;20;2;3;3;4;2;6;0;1;1;3
518;07.03.2026;15:01;62;1785;10,3333;13;да;28,2222;5,3125;16;3;4;2;2;4;6;0;2;1;2
519;07.03.2026;18:01;55;1775;9,1667;10;да;38,1389;6,1757;18;1;5;1;1;4;6;0;1;1;3
520;07.03.2026;21:01;46;1784;7,6667;6,5;да;23,8889;4,8876;15;2;2;4;4;2;6;0;2;0;4
521;08.03.2026;12:01;26;1810;4,3333;4,5;да;6,2222;2,4944;8;1;4;2;2;3;6;0;4;1;6
522;08.03.2026;15:01;62;1768;10,3333;9,5;да;32,5556;5,7058;19;3;2;4;4;2;6;0;1;1;4
523;08.03.2026;18:01;88;1742;14,6667;16,5;да;28,8889;5,3748;19;3;2;4;3;3;6;0;2;1;1
524;08.03.2026;21:01;47;1783;7,8333;5,5;да;27,4722;5,2414;16;2;5;1;2;4;6;0;1;2;4
525;09.03.2026;12:01;62;1769;10,3333;10,5;нет;59,2222;7,6956;20;1;2;4;2;2;6;0;2;2;3
526;09.03.2026;15:01;86;1761;14,3333;16;да;25,8889;5,0881;20;4;2;4;3;3;6;0;1;1;1
527;09.03.2026;18:01;70;1760;11,6667;13,5;да;29,2222;5,4058;17;1;2;4;2;3;6;0;1;3;2
528;09.03.2026;21:01;61;1780;10,1667;11;да;18,4722;4,2979;15;2;3;3;3;3;6;0;1;0;4
529;10.03.2026;12:01;71;1759;11,8333;10,5;да;13,8056;3,7156;19;8;3;3;2;4;6;0;1;1;3
530;10.03.2026;15:01;33;1799;5,5;4,5;да;13,25;3,6401;12;2;5;1;3;3;6;0;2;0;5
531;10.03.2026;18:01;54;1776;9;8,5;да;12,6667;3,559;14;4;4;2;1;5;6;0;1;2;4
532;10.03.2026;21:01;53;1777;8,8333;10;да;32,8056;5,7276;16;1;5;1;1;4;6;0;1;2;3
533;11.03.2026;12:01;81;1749;13,5;14,5;да;31,5833;5,6199;20;5;3;3;3;3;6;0;0;0;2
534;11.03.2026;15:01;79;1768;13,1667;13,5;да;12,1389;3,4841;17;7;1;5;5;1;6;0;0;0;2
535;11.03.2026;18:01;62;1778;10,3333;10,5;да;14,8889;3,8586;16;3;4;2;2;4;6;0;3;1;2
536;11.03.2026;21:01;71;1759;11,8333;11;да;16,1389;4,0173;18;7;5;1;1;5;6;0;1;1;2
537;12.03.2026;12:01;37;1795;6,1667;4,5;да;20,1389;4,4876;14;2;5;1;3;3;6;0;3;0;4
538;12.03.2026;15:01;45;1785;7,5;3,5;да;52,9167;7,2744;20;1;3;3;2;3;6;0;3;2;4
539;12.03.2026;18:01;31;1800;5,1667;5;да;13,1389;3,6248;11;1;3;3;1;3;6;0;3;3;6
540;12.03.2026;21:01;36;1794;6;5,5;да;15,3333;3,9158;13;1;2;4;3;2;6;0;2;2;5
541;13.03.2026;12:01;85;1765;14,1667;15,5;да;31,4722;5,61;20;6;5;1;1;5;6;0;1;0;2
542;13.03.2026;15:01;69;1761;11,5;10,5;да;35,5833;5,9652;20;3;3;3;2;4;6;0;1;1;3
543;13.03.2026;18:01;89;1757;14,8333;16;да;31,1389;5,5802;20;3;3;3;2;4;6;0;2;2;1
544;13.03.2026;21:01;84;1746;14;15,5;да;28;5,2915;19;3;2;4;3;3;6;0;2;1;1
545;14.03.2026;12:01;63;1780;10,5;12;да;15,9167;3,9896;15;3;1;5;4;2;6;0;2;0;3
546;14.03.2026;15:01;83;1747;13,8333;15,5;нет;29,4722;5,4288;20;4;5;1;1;5;6;0;1;1;1
547;14.03.2026;18:01;59;1771;9,8333;11,5;да;17,1389;4,1399;14;2;3;3;4;2;6;0;0;0;3
548;14.03.2026;21:01;38;1792;6,3333;6,5;да;5,5556;2,357;10;3;4;2;2;4;6;0;3;1;5
549;15.03.2026;12:01;62;1769;10,3333;10,5;нет;67,2222;8,1989;20;1;2;4;2;2;6;0;2;3;3
550;15.03.2026;15:01;60;1772;10;10,5;да;47,6667;6,9041;19;2;4;2;3;3;6;0;2;1;3
551;15.03.2026;18:01;37;1793;6,1667;4,5;да;31,8056;5,6396;18;1;3;3;3;2;6;0;1;2;5
552;15.03.2026;21:01;36;1794;6;5,5;да;12,6667;3,559;13;2;2;4;5;1;6;0;2;0;5
553;16.03.2026;12:01;51;1779;8,5;9;да;16,9167;4,113;14;3;3;3;3;3;6;0;1;1;4
554;16.03.2026;15:01;87;1743;14,5;15,5;нет;22,9167;4,7871;20;8;3;3;2;4;6;0;0;1;2
555;16.03.2026;18:01;65;1781;10,8333;12;да;35,1389;5,9278;17;1;3;3;2;3;6;0;1;3;3
556;16.03.2026;21:01;71;1759;11,8333;12,5;да;26,4722;5,1451;19;4;3;3;3;3;6;0;0;2;3
557;17.03.2026;12:01;66;1764;11;10,5;да;36;6;20;2;4;2;3;3;6;0;0;1;3
558;17.03.2026;15:01;72;1772;12;14;да;15,6667;3,9581;16;6;4;2;1;5;6;0;2;1;2
559;17.03.2026;18:01;53;1777;8,8333;10;нет;34,4722;5,8713;18;1;3;3;2;3;6;0;1;2;4
560;17.03.2026;21:01;66;1764;11;9;нет;28;5,2915;20;5;4;2;2;4;6;0;1;1;3
561;18.03.2026;12:01;55;1775;9,1667;8;да;29,1389;5,398;17;2;3;3;3;3;6;0;3;0;3
562;18.03.2026;15:01;75;1755;12,5;14,5;да;49,5833;7,0415;20;2;3;3;4;2;6;0;0;0;3
563;18.03.2026;18:01;82;1768;13,6667;14,5;да;35,5556;5,9629;20;3;4;2;2;4;6;0;2;1;1
564;18.03.2026;21:01;52;1778;8,6667;8,5;нет;13,5556;3,6818;15;4;2;4;2;4;6;0;1;2;5
565;19.03.2026;12:01;61;1776;10,1667;8;да;26,8056;5,1774;19;4;1;5;3;3;6;0;1;2;4
566;19.03.2026;15:01;75;1757;12,5;16;да;58,5833;7,654;20;2;5;1;3;3;6;0;0;0;2
567;19.03.2026;18:01;72;1758;12;13;да;25;5;18;2;4;2;2;4;6;0;1;0;2
568;19.03.2026;21:01;73;1772;12,1667;14;да;18,1389;4,259;17;5;1;5;3;3;6;0;2;0;2
569;20.03.2026;12:01;83;1747;13,8333;15,5;да;18,8056;4,3365;19;7;1;5;3;3;6;0;1;2;2
570;20.03.2026;15:01;67;1763;11,1667;13;да;38,4722;6,2026;18;2;3;3;3;3;6;0;1;1;3
571;20.03.2026;18:01;72;1771;12;13;да;11,3333;3,3665;16;7;2;4;3;3;6;0;1;1;2
572;20.03.2026;21:01;66;1775;11;11;да;18,3333;4,2817;18;5;2;4;4;2;6;0;0;0;4
573;21.03.2026;12:01;38;1792;6,3333;5,5;да;22,2222;4,714;14;1;4;2;2;3;6;0;3;1;4
574;21.03.2026;15:01;75;1755;12,5;16,5;да;62,25;7,8899;20;1;3;3;3;2;6;0;1;2;2
575;21.03.2026;18:01;79;1751;13,1667;14;да;25,8056;5,0799;19;4;3;3;2;4;6;0;2;1;1
576;21.03.2026;21:01;72;1758;12;13,5;да;35;5,9161;20;2;4;2;3;3;6;0;0;1;2
577;22.03.2026;12:01;46;1785;7,6667;6,5;да;38,5556;6,2093;18;1;2;4;2;2;6;0;2;2;4
578;22.03.2026;15:01;43;1802;7,1667;6,5;да;21,1389;4,5977;13;2;3;3;5;1;6;0;0;0;4
579;22.03.2026;18:01;71;1759;11,8333;11,5;нет;34,4722;5,8713;20;3;3;3;3;3;6;0;1;0;3
580;22.03.2026;21:01;54;1776;9;7,5;да;37;6,0828;20;1;2;4;3;2;6;0;1;1;4
581;23.03.2026;12:01;69;1761;11,5;12;да;41,5833;6,4485;20;2;3;3;4;2;6;0;0;0;3
582;23.03.2026;15:01;84;1746;14;15,5;нет;16,6667;4,0825;19;8;2;4;2;4;6;0;1;2;2
583;23.03.2026;18:01;83;1747;13,8333;14;да;17,4722;4,18;20;8;5;1;1;5;6;0;1;1;1
584;23.03.2026;21:01;69;1761;11,5;12;да;32,9167;5,7373;19;3;3;3;3;3;6;0;3;0;2
585;24.03.2026;12:01;55;1788;9,1667;11,5;нет;19,8056;4,4503;13;2;3;3;4;2;6;0;0;1;3
586;24.03.2026;15:01;82;1772;13,6667;13;да;7,5556;2,7487;19;11;0;6;5;1;6;0;1;0;2
587;24.03.2026;18:01;65;1779;10,8333;13;нет;32,1389;5,6691;18;1;5;1;0;5;6;0;2;1;2
588;24.03.2026;21:01;78;1770;13;16;да;42,6667;6,532;19;1;4;2;1;4;6;0;1;1;2
589;25.03.2026;12:01;66;1764;11;11,5;да;31,3333;5,5976;20;2;4;2;3;3;6;0;0;0;3
590;25.03.2026;15:01;58;1772;9,6667;7,5;да;53,8889;7,3409;20;1;2;4;3;2;6;0;2;1;4
591;25.03.2026;18:01;54;1776;9;9;да;16,3333;4,0414;15;3;2;4;3;3;6;0;3;0;4
592;25.03.2026;21:01;54;1776;9;7,5;да;46,3333;6,8069;19;1;2;4;3;2;6;0;2;3;4
593;26.03.2026;12:01;87;1752;14,5;15,5;да;17,5833;4,1932;20;9;3;3;0;6;6;0;1;3;2
594;26.03.2026;15:01;78;1781;13;13,5;да;17;4,1231;17;5;2;4;3;3;6;0;1;0;1
595;26.03.2026;18:01;85;1781;14,1667;16;нет;36,1389;6,0116;20;3;5;1;1;5;6;0;2;2;1
596;26.03.2026;21:01;61;1769;10,1667;11;да;36,8056;6,0668;18;1;5;1;0;5;6;0;2;3;2
597;27.03.2026;12:01;46;1800;7,6667;7;нет;25,5556;5,0553;14;2;4;2;3;3;6;0;0;1;4
598;27.03.2026;15:01;65;1765;10,8333;12;нет;24,1389;4,9131;17;3;1;5;4;2;6;0;3;0;3
599;27.03.2026;18:01;94;1736;15,6667;16;да;9,2222;3,0368;20;11;2;4;3;3;6;0;1;0;1
600;27.03.2026;21:01;80;1768;13,3333;13,5;да;15,8889;3,9861;18;8;4;2;0;6;6;0;1;1;2
601;28.03.2026;12:01;67;1780;11,1667;15;нет;47,8056;6,9142;17;1;3;3;3;2;6;0;1;2;2
602;28.03.2026;15:01;82;1748;13,6667;14;да;18,2222;4,2687;20;6;4;2;1;5;6;0;2;1;1
603;28.03.2026;18:01;64;1786;10,6667;7,5;да;45,2222;6,7247;20;4;4;2;2;4;6;0;0;1;4
604;28.03.2026;21:01;55;1782;9,1667;7;да;29,8056;5,4595;17;2;3;3;4;2;6;0;1;1;4
605;29.03.2026;12:01;78;1771;13;14,5;нет;37,6667;6,1373;19;3;2;4;4;2;6;0;1;0;3
606;29.03.2026;15:01;67;1763;11,1667;11,5;да;22,8056;4,7755;19;3;1;5;4;2;6;0;1;1;3
607;29.03.2026;18:01;64;1766;10,6667;12;нет;29,5556;5,4365;17;1;2;4;2;3;6;0;3;1;2
608;29.03.2026;21:01;55;1792;9,1667;9;да;43,1389;6,568;17;1;3;3;3;2;6;0;2;1;3
609;30.03.2026;12:01;61;1769;10,1667;7,5;да;29,8056;5,4595;20;5;3;3;2;4;6;0;2;0;4
610;30.03.2026;15:01;70;1760;11,6667;14;да;34,5556;5,8784;18;1;2;4;2;3;6;0;2;2;2
611;30.03.2026;18:01;54;1776;9;9;да;22,3333;4,7258;16;3;2;4;4;2;6;0;1;2;4
612;30.03.2026;21:01;57;1773;9,5;10;да;31,25;5,5902;17;1;1;5;4;1;6;0;1;1;3
613;31.03.2026;12:01;65;1765;10,8333;12,5;да;30,4722;5,5202;17;3;3;3;3;3;6;0;1;2;3
614;31.03.2026;15:01;60;1777;10;9;да;10,3333;3,2145;16;7;4;2;2;4;6;0;1;1;3
615;31.03.2026;18:01;74;1756;12,3333;14;нет;35,5556;5,9629;19;1;0;6;3;2;6;0;2;2;2
616;31.03.2026;21:01;33;1797;5,5;5;да;12,9167;3,594;11;1;3;3;2;3;6;0;2;3;6
617;01.04.2026;12:01;40;1793;6,6667;5,5;да;25,5556;5,0553;16;1;2;4;2;3;6;0;3;3;5
618;01.04.2026;15:01;39;1791;6,5;6;да;13,5833;3,6856;12;1;3;3;2;3;6;0;2;2;4
619;01.04.2026;18:01;54;1776;9;7;да;23,3333;4,8305;17;4;4;2;2;4;6;0;1;1;4
620;01.04.2026;21:01;70;1760;11,6667;12;да;31,2222;5,5877;18;1;2;4;3;2;6;0;2;1;2
621;02.04.2026;12:01;63;1767;10,5;11,5;да;38,9167;6,2383;18;1;3;3;1;4;6;0;2;2;3
622;02.04.2026;15:01;68;1766;11,3333;12;да;36,2222;6,0185;19;4;2;4;2;4;6;0;1;3;3
623;02.04.2026;18:01;48;1782;8;6,5;да;34,6667;5,8878;20;1;2;4;2;3;6;0;2;2;5
624;02.04.2026;21:01;66;1764;11;12;да;27,3333;5,2281;18;3;4;2;1;5;6;0;4;0;2
625;03.04.2026;12:01;38;1792;6,3333;6,5;да;8,2222;2,8674;11;2;4;2;3;3;6;0;1;1;6
626;03.04.2026;15:01;70;1760;11,6667;12,5;да;24,8889;4,9889;18;3;4;2;2;4;6;0;1;1;2
627;03.04.2026;18:01;79;1751;13,1667;13;да;10,8056;3,2872;18;8;5;1;1;5;6;0;0;1;2
628;03.04.2026;21:01;62;1768;10,3333;9,5;да;30,5556;5,5277;19;2;2;4;4;2;6;0;1;0;4
629;04.04.2026;12:01;59;1787;9,8333;8,5;да;22,1389;4,7052;16;4;5;1;1;5;6;0;2;3;3
630;04.04.2026;15:01;59;1771;9,8333;10;да;17,8056;4,2197;15;3;3;3;2;4;6;0;2;0;3
631;04.04.2026;18:01;90;1758;15;17,5;да;21,3333;4,6188;19;6;4;2;2;4;6;0;1;0;1
632;04.04.2026;21:01;50;1780;8,3333;6;да;34,5556;5,8784;19;2;2;4;5;1;6;0;0;1;4
633;05.04.2026;12:01;49;1781;8,1667;6,5;да;43,8056;6,6186;20;1;3;3;3;2;6;0;1;1;4
634;05.04.2026;15:01;63;1781;10,5;10,5;да;35,5833;5,9652;20;3;3;3;3;3;6;0;1;0;3
635;05.04.2026;18:01;75;1775;12,5;15;да;56,25;7,5;20;1;3;3;2;3;6;0;1;2;2
636;05.04.2026;21:01;80;1770;13,3333;13;да;33,8889;5,8214;20;3;4;2;2;4;6;0;1;0;2
637;06.04.2026;12:01;63;1774;10,5;8;да;35,25;5,9372;19;3;1;5;4;2;6;0;1;1;4
638;06.04.2026;15:01;40;1790;6,6667;6,5;да;8,5556;2,925;12;3;4;2;2;4;6;0;2;1;5
639;06.04.2026;18:01;56;1774;9,3333;9,5;да;22,2222;4,714;15;1;2;4;2;3;6;0;2;1;4
640;06.04.2026;21:01;53;1777;8,8333;7,5;да;27,8056;5,2731;20;4;3;3;2;4;6;0;0;2;5
641;07.04.2026;12:01;85;1745;14,1667;15,5;да;27,4722;5,2414;20;4;5;1;1;5;6;0;0;1;1
642;07.04.2026;15:01;63;1784;10,5;9,5;да;26,5833;5,1559;17;3;1;5;5;1;6;0;1;0;4
643;07.04.2026;18:01;57;1773;9,5;9,5;да;31,9167;5,6495;17;1;1;5;3;2;6;0;2;1;3
644;07.04.2026;21:01;85;1760;14,1667;15;да;25,8056;5,0799;20;4;3;3;1;5;6;0;2;1;1
645;08.04.2026;12:01;74;1756;12,3333;11,5;да;22,2222;4,714;20;5;4;2;2;4;6;0;1;1;2
646;08.04.2026;15:01;35;1797;5,8333;5;нет;15,8056;3,9756;13;2;3;3;5;1;6;0;1;0;5
647;08.04.2026;18:01;49;1781;8,1667;7,5;да;25,8056;5,0799;18;1;3;3;1;4;6;0;2;2;5
648;08.04.2026;21:01;70;1780;11,6667;11;нет;43,5556;6,5997;20;3;4;2;2;4;6;0;2;0;2
649;09.04.2026;12:01;46;1784;7,6667;7,5;да;33,2222;5,7639;15;1;2;4;3;2;6;0;3;1;3
650;09.04.2026;15:01;67;1763;11,1667;13;да;48,8056;6,9861;19;1;1;5;3;2;6;0;3;1;3
651;09.04.2026;18:01;74;1770;12,3333;14;да;23,5556;4,8534;17;2;4;2;2;4;6;0;1;0;1
652;09.04.2026;21:01;51;1784;8,5;7,5;да;20,9167;4,5735;16;3;3;3;3;3;6;0;2;1;3
653;10.04.2026;12:01;43;1790;7,1667;4,5;да;28,4722;5,3359;15;2;3;3;3;3;6;0;4;0;4
654;10.04.2026;15:01;75;1755;12,5;15;да;30,9167;5,5603;18;3;3;3;3;3;6;0;1;1;2
655;10.04.2026;18:01;68;1762;11,3333;10,5;да;44,2222;6,65;20;1;2;4;2;3;6;0;1;2;3
656;10.04.2026;21:01;66;1764;11;11;да;32,6667;5,7155;19;3;4;2;2;4;6;0;2;1;3
657;11.04.2026;12:01;41;1795;6,8333;6;да;20,4722;4,5246;16;1;3;3;2;3;6;0;3;2;5
658;11.04.2026;15:01;85;1745;14,1667;16,5;да;35,4722;5,9559;20;2;5;1;2;4;6;0;0;1;1
659;11.04.2026;18:01;78;1752;13;11,5;да;20,6667;4,5461;20;8;4;2;1;5;6;0;1;1;2
660;11.04.2026;21:01;77;1768;12,8333;15;нет;22,8056;4,7755;17;3;1;5;3;3;6;0;3;1;2
661;12.04.2026;12:01;84;1762;14;16;да;24,3333;4,9329;19;5;4;2;2;4;6;0;1;2;1
662;12.04.2026;15:01;51;1787;8,5;8;нет;27,5833;5,252;17;2;3;3;4;2;6;0;1;0;4
663;12.04.2026;18:01;61;1771;10,1667;11;да;41,8056;6,4657;18;2;3;3;4;2;6;0;0;1;3
664;12.04.2026;21:01;48;1782;8;5,5;да;34,6667;5,8878;17;1;2;4;2;3;6;0;3;2;4
665;13.04.2026;12:01;62;1786;10,3333;9,5;да;40,2222;6,3421;18;2;4;2;3;3;6;0;1;0;3
666;13.04.2026;15:01;59;1771;9,8333;8,5;да;37,1389;6,0942;19;2;3;3;4;2;6;0;1;1;4
667;13.04.2026;18:01;56;1774;9,3333;9;да;36,5556;6,0461;18;2;4;2;2;4;6;0;3;0;3
668;13.04.2026;21:01;47;1790;7,8333;7;да;23,8056;4,8791;16;2;3;3;4;2;6;0;1;1;4
669;14.04.2026;12:01;43;1787;7,1667;8,5;да;18,4722;4,2979;12;1;3;3;3;2;6;0;2;1;4
670;14.04.2026;15:01;47;1783;7,8333;7,5;да;6,8056;2,6088;12;4;5;1;1;5;6;0;2;1;4
671;14.04.2026;18:01;70;1763;11,6667;12,5;да;47,8889;6,9202;20;3;2;4;3;3;6;0;4;0;2
672;14.04.2026;21:01;43;1787;7,1667;6;да;32,8056;5,7276;17;1;1;5;4;1;6;0;2;2;5
673;15.04.2026;12:01;65;1777;10,8333;12;нет;8,1389;2,8529;14;6;5;1;1;5;6;0;1;0;2
674;15.04.2026;15:01;61;1769;10,1667;11,5;да;29,1389;5,398;18;1;3;3;2;3;6;0;2;1;3
675;15.04.2026;18:01;62;1768;10,3333;9,5;да;41,5556;6,4464;20;2;4;2;3;3;6;0;1;1;3
676;15.04.2026;21:01;79;1768;13,1667;15,5;да;31,4722;5,61;17;1;1;5;3;2;6;0;2;2;1
677;16.04.2026;12:01;43;1787;7,1667;6,5;нет;11,8056;3,4359;14;3;3;3;3;3;6;0;2;0;5
678;16.04.2026;15:01;61;1786;10,1667;9;да;27,8056;5,2731;17;3;3;3;3;3;6;0;3;0;3
679;16.04.2026;18:01;52;1778;8,6667;7;да;28,5556;5,3437;20;4;4;2;1;5;6;0;1;2;5
680;16.04.2026;21:01;54;1776;9;7,5;да;28,6667;5,3541;18;3;4;2;2;4;6;0;1;1;4
681;17.04.2026;12:01;47;1783;7,8333;6;да;23,4722;4,8448;17;3;1;5;5;1;6;0;1;1;5
682;17.04.2026;15:01;60;1789;10;9,5;да;35,3333;5,9442;19;3;2;4;4;2;6;0;1;0;3
683;17.04.2026;18:01;57;1777;9,5;8;нет;43,9167;6,627;20;2;5;1;1;5;6;0;1;2;3
684;17.04.2026;21:01;60;1770;10;10;да;53,6667;7,3258;19;1;4;2;2;3;6;0;2;1;3
685;18.04.2026;12:01;54;1776;9;8,5;да;23;4,7958;17;3;2;4;4;2;6;0;2;0;4
686;18.04.2026;15:01;80;1750;13,3333;15,5;да;33,8889;5,8214;20;5;4;2;2;4;6;0;1;0;2
687;18.04.2026;18:01;48;1782;8;8,5;да;11;3,3166;12;2;4;2;2;4;6;0;1;1;5
688;18.04.2026;21:01;54;1785;9;9;да;27,6667;5,2599;19;2;2;4;3;3;6;0;1;2;4
689;19.04.2026;12:01;46;1788;7,6667;4;да;40,2222;6,3421;18;2;4;2;2;4;6;0;2;2;4
690;19.04.2026;15:01;63;1786;10,5;9;да;44,25;6,6521;19;3;3;3;3;3;6;0;2;1;3
691;19.04.2026;18:01;71;1759;11,8333;14,5;да;37,1389;6,0942;18;3;3;3;3;3;6;0;1;2;2
692;19.04.2026;21:01;74;1756;12,3333;11,5;да;24,2222;4,9216;20;6;4;2;2;4;6;0;2;0;2
693;20.04.2026;12:01;79;1778;13,1667;12,5;да;9,1389;3,0231;17;10;3;3;3;3;6;0;2;0;1
694;20.04.2026;15:01;59;1771;9,8333;8,5;да;33,1389;5,7566;20;3;3;3;3;3;6;0;2;0;3
695;20.04.2026;18:01;60;1786;10;10,5;да;30,3333;5,5076;16;3;4;2;2;4;6;0;1;3;3
696;20.04.2026;21:01;66;1764;11;11;да;39,6667;6,2982;20;3;2;4;3;3;6;0;2;1;3
697;21.04.2026;12:01;58;1772;9,6667;9;да;37,5556;6,1283;19;2;4;2;2;4;6;0;2;1;3
698;21.04.2026;15:01;75;1772;12,5;14,5;да;35,5833;5,9652;19;2;3;3;4;2;6;0;0;0;2
699;21.04.2026;18:01;77;1753;12,8333;14,5;да;39,4722;6,2827;20;2;5;1;2;4;6;0;0;0;2
700;21.04.2026;21:01;64;1766;10,6667;11;нет;36,8889;6,0736;19;1;2;4;2;3;6;0;2;3;3
701;22.04.2026;12:01;47;1783;7,8333;4,5;да;49,1389;7,0099;19;1;3;3;3;2;6;0;1;3;4
702;22.04.2026;15:01;59;1771;9,8333;10,5;да;34,4722;5,8713;17;1;3;3;1;4;6;0;1;4;3
703;22.04.2026;18:01;51;1787;8,5;8,5;да;5,9167;2,4324;12;4;5;1;0;6;6;0;1;2;4
704;22.04.2026;21:01;70;1760;11,6667;10,5;да;26,2222;5,1208;20;6;4;2;2;4;6;0;1;1;3
705;23.04.2026;12:01;68;1762;11,3333;11,5;да;23,8889;4,8876;17;2;4;2;3;3;6;0;1;1;2
706;23.04.2026;15:01;75;1769;12,5;14;да;28,5833;5,3463;20;5;5;1;1;5;6;0;1;1;2
707;23.04.2026;18:01;54;1776;9;10,5;нет;25;5;15;1;2;4;1;4;6;0;2;3;3
708;23.04.2026;21:01;89;1741;14,8333;16;да;23,1389;4,8103;20;5;3;3;2;4;6;0;1;0;1
709;24.04.2026;12:01;41;1790;6,8333;7;да;24,1389;4,9131;14;1;1;5;2;2;6;0;2;3;5
710;24.04.2026;15:01;79;1751;13,1667;12,5;нет;24,4722;4,9469;20;7;3;3;3;3;6;0;0;0;2
711;24.04.2026;18:01;67;1763;11,1667;9,5;да;40,4722;6,3618;20;3;3;3;3;3;6;0;2;0;4
712;24.04.2026;21:01;59;1771;9,8333;9,5;да;21,1389;4,5977;17;2;3;3;3;3;6;0;1;1;3
713;25.04.2026;12:01;67;1763;11,1667;11,5;да;35,1389;5,9278;19;2;3;3;4;2;6;0;2;0;2
714;25.04.2026;15:01;72;1758;12;13;да;41;6,4031;20;2;4;2;2;4;6;0;2;0;3
715;25.04.2026;18:01;60;1770;10;9,5;да;27,6667;5,2599;20;4;4;2;1;5;6;0;1;2;3
716;25.04.2026;21:01;38;1792;6,3333;5,5;да;24,2222;4,9216;16;1;4;2;2;3;6;0;2;2;5
717;26.04.2026;12:01;80;1750;13,3333;15;да;27,5556;5,2493;19;3;2;4;4;2;6;0;1;1;2
718;26.04.2026;15:01;66;1764;11;10,5;да;34;5,831;20;4;4;2;2;4;6;0;0;2;3
719;26.04.2026;18:01;61;1769;10,1667;8,5;да;28,8056;5,3671;20;4;5;1;0;6;6;0;1;2;4
720;26.04.2026;21:01;64;1766;10,6667;12;да;42,8889;6,549;19;1;2;4;1;4;6;0;2;4;3
721;27.04.2026;12:01;84;1765;14;15;да;32;5,6569;20;5;2;4;4;2;6;0;1;0;2
722;27.04.2026;15:01;48;1782;8;7;нет;27,6667;5,2599;17;1;4;2;1;4;6;0;2;2;4
723;27.04.2026;18:01;49;1781;8,1667;8;да;29,8056;5,4595;17;1;3;3;2;3;6;0;4;1;3
724;27.04.2026;21:01;77;1753;12,8333;14;да;28,4722;5,3359;19;2;3;3;3;3;6;0;1;1;1
725;28.04.2026;12:01;53;1777;8,8333;8;нет;29,8056;5,4595;17;1;3;3;2;3;6;0;3;1;3
726;28.04.2026;15:01;62;1768;10,3333;11,5;да;25,2222;5,0222;18;3;2;4;4;2;6;0;1;0;3
727;28.04.2026;18:01;70;1773;11,6667;12,5;да;20,5556;4,5338;19;4;2;4;3;3;6;0;0;2;2
728;28.04.2026;21:01;74;1756;12,3333;13,5;да;31,2222;5,5877;19;3;2;4;4;2;6;0;1;1;3
729;29.04.2026;12:01;49;1782;8,1667;8;да;38,1389;6,1757;16;1;1;5;2;2;6;0;3;3;4
730;29.04.2026;15:01;67;1776;11,1667;13;да;35,4722;5,9559;19;1;1;5;3;2;6;0;3;1;2
731;29.04.2026;18:01;51;1787;8,5;8;да;25,9167;5,0908;18;1;5;1;0;5;6;0;3;1;4
732;29.04.2026;21:01;46;1784;7,6667;8;да;29,5556;5,4365;14;1;4;2;2;3;6;0;1;2;3
733;30.04.2026;12:01;74;1764;12,3333;12;нет;16,8889;4,1096;18;8;4;2;0;6;6;0;1;2;3
734;30.04.2026;15:01;75;1773;12,5;15;да;34,9167;5,909;18;4;3;3;3;3;6;0;0;1;2
735;30.04.2026;18:01;67;1769;11,1667;10;да;36,8056;6,0668;19;4;5;1;1;5;6;0;2;1;3
736;30.04.2026;21:01;50;1796;8,3333;8;да;14,5556;3,8152;14;4;2;4;4;2;6;0;0;1;5
737;01.05.2026;12:01;51;1779;8,5;7,5;да;27,25;5,2202;17;1;1;5;4;1;6;0;1;1;4
738;01.05.2026;15:01;54;1776;9;10;да;12,3333;3,5119;13;3;2;4;3;3;6;0;2;1;4
739;01.05.2026;18:01;75;1774;12,5;12;да;29,9167;5,4696;19;5;1;5;3;3;6;0;1;1;3
740;01.05.2026;21:01;83;1767;13,8333;14;да;34,4722;5,8713;20;7;3;3;2;4;6;0;0;1;3
741;02.05.2026;12:01;52;1778;8,6667;7,5;да;21,5556;4,6428;17;3;2;4;4;2;6;0;1;0;4
742;02.05.2026;15:01;60;1770;10;9;да;33,3333;5,7735;19;1;2;4;2;3;6;0;3;1;3
743;02.05.2026;18:01;79;1751;13,1667;13;да;20,8056;4,5613;20;7;1;5;3;3;6;0;1;1;3
744;02.05.2026;21:01;75;1770;12,5;15;да;26,9167;5,1881;17;2;3;3;2;4;6;0;3;1;1
745;03.05.2026;12:01;78;1768;13;13,5;да;8;2,8284;16;9;4;2;0;6;6;0;2;3;1
746;03.05.2026;15:01;72;1758;12;12,5;да;34,6667;5,8878;20;3;2;4;3;3;6;0;3;0;2
747;03.05.2026;18:01;70;1760;11,6667;11,5;да;27,8889;5,281;20;3;2;4;2;4;6;0;3;1;2
748;03.05.2026;21:01;57;1773;9,5;10;да;28,9167;5,3774;18;2;3;3;3;3;6;0;0;2;4
749;04.05.2026;12:01;56;1774;9,3333;9,5;да;28,2222;5,3125;19;2;2;4;4;2;6;0;1;1;4
750;04.05.2026;15:01;73;1757;12,1667;13;да;28,8056;5,3671;19;4;1;5;4;2;6;0;1;1;3
751;04.05.2026;18:01;76;1754;12,6667;13,5;да;20,5556;4,5338;18;4;4;2;1;5;6;0;1;2;2
752;04.05.2026;21:01;54;1785;9;9;нет;29;5,3852;19;1;2;4;1;4;6;0;3;3;4
753;05.05.2026;12:01;87;1743;14,5;14,5;да;14,9167;3,8622;20;9;3;3;2;4;6;0;0;2;2
754;05.05.2026;15:01;60;1770;10;9,5;да;30;5,4772;18;1;2;4;1;4;6;0;3;2;3
755;05.05.2026;18:01;76;1754;12,6667;13;да;18,8889;4,3461;19;7;2;4;3;3;6;0;1;1;3
756;05.05.2026;21:01;80;1769;13,3333;15,5;да;32,8889;5,7349;19;5;2;4;3;3;6;0;2;1;2
757;06.05.2026;12:01;75;1775;12,5;13,5;нет;46,25;6,8007;20;1;3;3;2;3;6;0;1;1;2
758;06.05.2026;15:01;60;1770;10;7,5;да;44,3333;6,6583;20;2;4;2;3;3;6;0;0;0;4
759;06.05.2026;18:01;64;1766;10,6667;10;да;24,5556;4,9554;19;4;4;2;2;4;6;0;0;1;3
760;06.05.2026;21:01;46;1792;7,6667;8;да;12,2222;3,496;13;2;4;2;3;3;6;0;1;0;4
761;07.05.2026;12:01;58;1783;9,6667;9;нет;23,8889;4,8876;19;4;2;4;4;2;6;0;1;1;5
762;07.05.2026;15:01;59;1771;9,8333;10;нет;33,1389;5,7566;17;1;3;3;2;3;6;0;1;2;3
763;07.05.2026;18:01;83;1766;13,8333;16,5;нет;37,8056;6,1486;19;2;3;3;3;3;6;0;2;0;1
764;07.05.2026;21:01;65;1765;10,8333;11,5;да;50,4722;7,1044;20;2;3;3;4;2;6;0;1;1;3
765;08.05.2026;12:01;72;1772;12;14;да;25,6667;5,0662;16;1;4;2;0;5;6;0;2;2;1
766;08.05.2026;15:01;70;1776;11,6667;12,5;да;19,5556;4,4222;16;4;4;2;0;6;6;0;2;4;2
767;08.05.2026;18:01;50;1780;8,3333;10;нет;26,8889;5,1855;14;1;4;2;2;3;6;0;1;1;3
768;08.05.2026;21:01;62;1781;10,3333;10,5;да;32,5556;5,7058;20;3;2;4;4;2;6;0;1;0;3
769;09.05.2026;12:01;65;1765;10,8333;12;да;25,4722;5,047;17;1;1;5;3;2;6;0;1;2;3
770;09.05.2026;15:01;58;1772;9,6667;7,5;да;32,2222;5,6765;20;4;4;2;1;5;6;0;1;2;4
771;09.05.2026;18:01;68;1776;11,3333;12;да;24,5556;4,9554;19;4;4;2;2;4;6;0;1;1;2
772;09.05.2026;21:01;64;1766;10,6667;10,5;да;25,5556;5,0553;19;3;2;4;4;2;6;0;2;0;3
773;10.05.2026;12:01;60;1770;10;9;да;27,6667;5,2599;19;3;4;2;2;4;6;0;3;0;3
774;10.05.2026;15:01;69;1761;11,5;10;да;22,25;4,717;20;6;3;3;1;5;6;0;2;1;4
775;10.05.2026;18:01;70;1775;11,6667;13,5;да;27,8889;5,281;17;1;2;4;1;4;6;0;4;1;1
776;10.05.2026;21:01;62;1768;10,3333;9;да;27,8889;5,281;19;4;2;4;3;3;6;0;2;1;4
777;11.05.2026;12:01;53;1777;8,8333;10;да;17,1389;4,1399;14;2;3;3;3;3;6;0;0;1;4
778;11.05.2026;15:01;73;1757;12,1667;12,5;да;21,8056;4,6696;19;6;3;3;3;3;6;0;1;1;3
779;11.05.2026;18:01;78;1771;13;11,5;да;20,3333;4,5092;19;7;2;4;4;2;6;0;1;0;2
780;11.05.2026;21:01;53;1780;8,8333;7;да;35,1389;5,9278;17;3;3;3;3;3;6;0;3;2;3
781;12.05.2026;12:01;58;1784;9,6667;10,5;да;36,8889;6,0736;20;2;4;2;2;4;6;0;1;1;3
782;12.05.2026;15:01;62;1768;10,3333;10;да;35,8889;5,9907;20;2;2;4;3;3;6;0;1;1;4
783;12.05.2026;18:01;61;1769;10,1667;8,5;да;43,1389;6,568;19;3;3;3;3;3;6;0;1;1;3
784;12.05.2026;21:01;51;1779;8,5;8,5;нет;17,9167;4,2328;15;1;1;5;2;3;6;0;2;2;5
785;13.05.2026;12:01;105;1744;17,5;18,5;да;4,9167;2,2174;20;14;3;3;2;4;6;0;1;0;0
786;13.05.2026;15:01;76;1754;12,6667;13,5;да;20,2222;4,4969;18;5;2;4;3;3;6;0;0;1;2
787;13.05.2026;18:01;59;1775;9,8333;8,5;нет;32,4722;5,6984;19;4;3;3;2;4;6;0;2;2;4
788;13.05.2026;21:01;56;1774;9,3333;8;да;31,8889;5,647;20;2;4;2;2;4;6;0;1;1;4
789;14.05.2026;12:01;60;1770;10;9,5;да;25,3333;5,0332;17;2;2;4;4;2;6;0;1;0;4
790;14.05.2026;15:01;58;1776;9,6667;8;да;30,2222;5,4975;18;4;4;2;1;5;6;0;0;4;4
791;14.05.2026;18:01;70;1760;11,6667;12,5;нет;26,2222;5,1208;19;2;4;2;3;3;6;0;1;0;1
792;14.05.2026;21:01;65;1765;10,8333;11;да;26,8056;5,1774;18;4;5;1;1;5;6;0;1;2;2
793;15.05.2026;12:01;72;1758;12;12;да;39;6,245;20;2;4;2;1;5;6;0;1;1;3
794;15.05.2026;15:01;66;1769;11;10,5;да;32,3333;5,6862;20;5;2;4;3;3;6;0;1;0;3
795;15.05.2026;18:01;35;1795;5,8333;6;да;10,1389;3,1842;10;1;1;5;3;2;6;0;3;2;5
796;15.05.2026;21:01;71;1759;11,8333;13,5;да;53,8056;7,3352;20;2;3;3;4;2;6;0;2;0;2
797;16.05.2026;12:01;72;1769;12;11,5;да;14,6667;3,8297;19;6;2;4;4;2;6;0;1;0;3
798;16.05.2026;15:01;52;1781;8,6667;5,5;нет;42,8889;6,549;20;3;2;4;3;3;6;0;3;1;4
799;16.05.2026;18:01;68;1762;11,3333;12;да;22,2222;4,714;18;4;2;4;3;3;6;0;1;1;3
800;16.05.2026;21:01;59;1771;9,8333;9,5;нет;21,8056;4,6696;17;3;3;3;2;4;6;0;3;1;3
801;17.05.2026;12:01;79;1751;13,1667;13,5;да;13,8056;3,7156;18;8;3;3;2;4;6;0;0;1;2
802;17.05.2026;15:01;65;1778;10,8333;12;да;24,1389;4,9131;17;1;1;5;4;1;6;0;2;1;2
803;17.05.2026;18:01;54;1783;9;7;да;22,3333;4,7258;19;5;2;4;4;2;6;0;2;0;4
804;17.05.2026;21:01;57;1791;9,5;8;да;44,9167;6,702;18;1;3;3;2;3;6;0;1;2;4
805;18.05.2026;12:01;64;1766;10,6667;10,5;да;35,5556;5,9629;20;1;2;4;2;3;6;0;3;1;3
806;18.05.2026;15:01;25;1808;4,1667;2;да;18,4722;4,2979;13;1;3;3;3;1;6;0;3;2;5
807;18.05.2026;18:01;86;1744;14,3333;17;да;42,2222;6,4979;20;1;4;2;1;4;6;0;1;2;1
808;18.05.2026;21:01;44;1786;7,3333;5,5;да;28,8889;5,3748;15;1;2;4;2;3;6;0;3;2;4
809;19.05.2026;12:01;51;1779;8,5;8,5;да;36,9167;6,0759;18;1;3;3;3;2;6;0;2;1;4
810;19.05.2026;15:01;56;1787;9,3333;11,5;да;25,5556;5,0553;15;2;2;4;4;2;6;0;3;0;2
811;19.05.2026;18:01;66;1764;11;13;да;40;6,3246;18;2;4;2;3;3;6;0;1;0;2
812;19.05.2026;21:01;55;1775;9,1667;9,5;да;17,1389;4,1399;15;2;3;3;3;3;6;0;1;0;4
813;20.05.2026;12:01;77;1753;12,8333;15;нет;34,1389;5,8429;20;4;5;1;1;5;6;0;1;2;2
814;20.05.2026;15:01;60;1770;10;9,5;да;29,6667;5,4467;20;2;4;2;2;4;6;0;1;1;3
815;20.05.2026;18:01;62;1773;10,3333;7,5;да;41,5556;6,4464;20;4;4;2;2;4;6;0;1;1;3
816;20.05.2026;21:01;41;1790;6,8333;6;да;29,8056;5,4595;16;1;3;3;1;3;6;0;2;4;5
817;21.05.2026;12:01;88;1742;14,6667;16;нет;23,5556;4,8534;20;5;2;4;3;3;6;0;1;0;1
818;21.05.2026;15:01;61;1773;10,1667;9,5;да;43,1389;6,568;18;3;3;3;2;4;6;0;2;2;3
819;21.05.2026;18:01;59;1786;9,8333;11,5;да;26,8056;5,1774;15;1;1;5;2;3;6;0;3;1;3
820;21.05.2026;21:01;62;1768;10,3333;9;нет;24,2222;4,9216;19;4;4;2;2;4;6;0;1;1;3
821;22.05.2026;12:01;64;1777;10,6667;11;да;14,8889;3,8586;17;4;2;4;3;3;6;0;0;2;4
822;22.05.2026;15:01;79;1751;13,1667;12;да;17,1389;4,1399;20;8;3;3;3;3;6;0;1;0;2
823;22.05.2026;18:01;53;1777;8,8333;11;да;29,1389;5,398;15;1;3;3;2;3;6;0;3;1;2
824;22.05.2026;21:01;63;1771;10,5;8,5;да;51,5833;7,1822;20;3;3;3;3;3;6;0;1;2;3
825;23.05.2026;12:01;74;1756;12,3333;12,5;да;17,2222;4,15;19;6;2;4;2;4;6;0;2;1;2
826;23.05.2026;15:01;48;1798;8;8;да;38;6,1644;15;1;2;4;0;4;6;0;4;3;3
827;23.05.2026;18:01;69;1761;11,5;12,5;да;30,9167;5,5603;18;4;3;3;2;4;6;0;2;1;2
828;23.05.2026;21:01;69;1761;11,5;11,5;нет;34,5833;5,8808;20;2;5;1;1;5;6;0;0;2;3
829;24.05.2026;12:01;57;1773;9,5;9,5;нет;16,25;4,0311;15;4;3;3;2;4;6;0;2;1;3
830;24.05.2026;15:01;71;1759;11,8333;14;да;45,8056;6,768;19;2;3;3;4;2;6;0;0;1;3
831;24.05.2026;18:01;90;1757;15;17;да;35,3333;5,9442;20;2;4;2;3;3;6;0;0;1;1
832;24.05.2026;21:01;54;1776;9;9;да;43,6667;6,6081;18;1;2;4;3;2;6;0;2;1;3
833;25.05.2026;12:01;67;1763;11,1667;9,5;да;41,1389;6,414;20;2;3;3;3;3;6;0;1;1;3
834;25.05.2026;15:01;84;1762;14;16;да;25;5;20;5;4;2;2;4;6;0;1;2;1
835;25.05.2026;18:01;100;1730;16,6667;16,5;да;3,8889;1,972;20;14;4;2;1;5;6;0;1;1;0
836;25.05.2026;21:01;62;1768;10,3333;12;да;25,8889;5,0881;16;3;2;4;3;3;6;0;2;2;3
837;26.05.2026;12:01;64;1766;10,6667;10;да;34,8889;5,9067;19;2;2;4;4;2;6;0;1;1;4
838;26.05.2026;15:01;64;1766;10,6667;10;да;44,8889;6,6999;20;2;6;0;1;5;6;0;0;1;3
839;26.05.2026;18:01;30;1801;5;3;да;22;4,6904;14;1;4;2;1;3;6;0;2;3;5
840;26.05.2026;21:01;57;1773;9,5;7,5;да;36,25;6,0208;18;2;3;3;3;3;6;0;1;1;4
841;27.05.2026;12:01;47;1783;7,8333;6,5;да;23,1389;4,8103;18;3;3;3;3;3;6;0;2;0;5
842;27.05.2026;15:01;63;1767;10,5;10,5;да;24,9167;4,9917;17;4;3;3;2;4;6;0;0;3;3
843;27.05.2026;18:01;52;1778;8,6667;8,5;да;7,5556;2,7487;13;5;2;4;3;3;6;0;1;1;5
844;27.05.2026;21:01;56;1774;9,3333;8;да;35,5556;5,9629;18;2;6;0;1;5;6;0;2;2;3
845;28.05.2026;12:01;69;1761;11,5;11,5;да;24,5833;4,9582;20;4;5;1;1;5;6;0;0;1;3
846;28.05.2026;15:01;70;1760;11,6667;11,5;да;20,5556;4,5338;19;5;2;4;3;3;6;0;1;0;3
847;28.05.2026;18:01;55;1792;9,1667;8,5;да;9,1389;3,0231;15;6;3;3;2;4;6;0;4;0;3
848;28.05.2026;21:01;47;1785;7,8333;6,5;да;30,4722;5,5202;17;2;3;3;5;1;6;0;1;0;4
849;29.05.2026;12:01;78;1771;13;12;да;21,3333;4,6188;19;7;0;6;5;1;6;0;0;1;3
850;29.05.2026;15:01;44;1786;7,3333;6;да;32,2222;5,6765;19;1;2;4;3;2;6;0;1;2;5
851;29.05.2026;18:01;40;1790;6,6667;5,5;да;17,2222;4,15;14;2;4;2;3;3;6;0;3;0;4
852;29.05.2026;21:01;55;1775;9,1667;8;да;41,4722;6,4399;18;1;1;5;3;2;6;0;2;2;4
853;30.05.2026;12:01;48;1782;8;5,5;да;46,3333;6,8069;20;1;4;2;2;3;6;0;2;1;4
854;30.05.2026;15:01;65;1778;10,8333;13;да;34,1389;5,8429;17;1;1;5;4;1;6;0;1;2;2
855;30.05.2026;18:01;64;1766;10,6667;9,5;нет;31,8889;5,647;20;2;4;2;1;5;6;0;2;1;3
856;30.05.2026;21:01;73;1757;12,1667;11,5;да;31,1389;5,5802;20;5;3;3;2;4;6;0;0;1;3
857;31.05.2026;12:01;63;1767;10,5;10,5;да;44,25;6,6521;20;1;3;3;2;3;6;0;2;2;3
858;31.05.2026;15:01;46;1784;7,6667;8,5;да;7,8889;2,8087;11;3;2;4;3;3;6;0;2;1;5
859;31.05.2026;18:01;71;1759;11,8333;12;да;37,1389;6,0942;19;1;3;3;1;4;6;0;2;2;2
860;31.05.2026;21:01;51;1779;8,5;7;нет;32,25;5,6789;17;2;3;3;3;3;6;0;3;0;4
861;01.06.2026;12:01;80;1750;13,3333;14,5;да;24,5556;4,9554;20;6;4;2;2;4;6;0;1;1;2
862;01.06.2026;13:01;71;1774;11,8333;13;да;15,4722;3,9335;16;5;1;5;2;4;6;0;2;2;3
863;01.06.2026;14:01;91;1739;15,1667;17,5;нет;29,8056;5,4595;20;4;3;3;3;3;6;0;0;1;1
864;01.06.2026;15:01;46;1785;7,6667;6,5;да;44,5556;6,675;18;1;2;4;3;1;6;0;2;2;4
865;01.06.2026;16:01;52;1778;8,6667;10;да;29,5556;5,4365;15;1;2;4;2;3;6;0;2;2;4
866;01.06.2026;17:01;80;1750;13,3333;15,5;да;29,5556;5,4365;20;5;2;4;3;3;6;0;1;1;2
867;01.06.2026;18:01;79;1751;13,1667;13,5;да;35,8056;5,9838;20;5;3;3;2;4;6;0;0;1;3
868;01.06.2026;19:01;73;1757;12,1667;12;да;8,4722;2,9107;17;8;3;3;3;3;6;0;1;0;2
869;01.06.2026;20:01;69;1761;11,5;11;да;17,9167;4,2328;19;6;5;1;1;5;6;0;2;0;2
870;01.06.2026;21:01;71;1759;11,8333;13,5;да;33,1389;5,7566;19;2;3;3;3;3;6;0;1;1;2
871;02.06.2026;12:01;73;1757;12,1667;14;да;51,4722;7,1744;20;1;1;5;4;1;6;0;1;1;3
872;02.06.2026;13:01;50;1780;8,3333;7;да;30,8889;5,5578;17;1;4;2;1;4;6;0;2;2;4
873;02.06.2026;14:01;74;1768;12,3333;12;да;28,8889;5,3748;20;3;4;2;2;4;6;0;2;0;1
874;02.06.2026;15:01;58;1772;9,6667;9,5;нет;30,2222;5,4975;18;1;4;2;1;4;6;0;2;1;4
875;02.06.2026;16:01;71;1759;11,8333;13;да;26,4722;5,1451;19;3;3;3;2;4;6;0;2;0;2
876;02.06.2026;17:01;73;1774;12,1667;13,5;да;36,4722;6,0392;19;2;3;3;4;2;6;0;1;0;2
877;02.06.2026;18:01;45;1785;7,5;6,5;да;20,9167;4,5735;17;3;3;3;3;3;6;0;2;1;5
878;02.06.2026;19:01;64;1766;10,6667;10;да;23,5556;4,8534;17;5;2;4;4;2;6;0;1;1;3
879;02.06.2026;20:01;86;1762;14,3333;16,5;да;24,5556;4,9554;19;5;2;4;3;3;6;0;1;0;2
880;02.06.2026;21:01;76;1754;12,6667;12,5;да;14,2222;3,7712;19;8;2;4;2;4;6;0;1;1;3
881;03.06.2026;12:01;65;1765;10,8333;11;да;46,4722;6,8171;20;2;3;3;3;3;6;0;1;1;3
882;03.06.2026;13:01;62;1768;10,3333;9,5;да;16,2222;4,0277;18;6;4;2;2;4;6;0;1;0;4
883;03.06.2026;14:01;62;1768;10,3333;12;нет;37,8889;6,1554;17;1;2;4;1;4;6;0;2;4;3
884;03.06.2026;15:01;52;1792;8,6667;8;да;9,2222;3,0368;15;6;4;2;0;6;6;0;3;1;5
885;03.06.2026;16:01;62;1768;10,3333;12;да;22,5556;4,7493;15;1;2;4;2;3;6;0;2;1;3
886;03.06.2026;17:01;58;1772;9,6667;8;да;40,8889;6,3944;19;1;0;6;4;1;6;0;1;2;4
887;03.06.2026;18:01;51;1779;8,5;5,5;да;53,5833;7,3201;19;1;3;3;3;2;6;0;1;2;4
888;03.06.2026;19:01;59;1771;9,8333;11,5;да;27,1389;5,2095;17;2;3;3;4;2;6;0;0;1;3
889;03.06.2026;20:01;62;1768;10,3333;11,5;да;25,2222;5,0222;18;3;2;4;4;2;6;0;1;0;3
890;03.06.2026;21:01;49;1781;8,1667;5,5;да;48,4722;6,9622;18;1;3;3;3;2;6;0;2;1;4
891;04.06.2026;12:01;63;1782;10,5;11,5;да;22,5833;4,7522;15;1;1;5;1;4;6;0;3;2;3
892;04.06.2026;13:01;47;1796;7,8333;8;да;5,1389;2,2669;11;5;3;3;3;3;6;0;1;0;5
893;04.06.2026;14:01;55;1775;9,1667;7,5;да;24,4722;4,9469;18;4;3;3;2;4;6;0;1;2;4
894;04.06.2026;15:01;52;1778;8,6667;7,5;да;21,5556;4,6428;17;3;2;4;4;2;6;0;1;0;4
895;04.06.2026;16:01;76;1754;12,6667;13,5;да;27,5556;5,2493;20;5;2;4;4;2;6;0;0;0;2
896;04.06.2026;17:01;53;1777;8,8333;8;да;24,8056;4,9805;16;2;5;1;2;4;6;0;2;1;3
897;04.06.2026;18:01;58;1782;9,6667;10;да;19,5556;4,4222;17;3;4;2;2;4;6;0;4;0;2
898;04.06.2026;19:01;54;1787;9;10,5;да;8,6667;2,9439;12;4;4;2;2;4;6;0;2;1;4
899;04.06.2026;20:01;58;1781;9,6667;9,5;да;22,5556;4,7493;17;1;2;4;1;4;6;0;2;3;3
900;04.06.2026;21:01;44;1786;7,3333;8;да;21,5556;4,6428;14;1;2;4;3;2;6;0;1;2;5
901;05.06.2026;12:01;48;1782;8;6,5;да;31;5,5678;18;2;4;2;3;3;6;0;1;0;4
902;05.06.2026;13:01;69;1787;11,5;8,5;нет;37,9167;6,1577;20;6;5;1;1;5;6;0;3;0;3
903;05.06.2026;14:01;44;1798;7,3333;6,5;нет;13,2222;3,6362;12;3;4;2;2;4;6;0;1;1;4
904;05.06.2026;15:01;60;1770;10;9,5;да;24,3333;4,9329;18;4;4;2;2;4;6;0;0;1;4
905;05.06.2026;16:01;58;1772;9,6667;9;да;33,8889;5,8214;17;3;2;4;4;2;6;0;1;2;3
906;05.06.2026;17:01;70;1760;11,6667;13,5;да;50,2222;7,0868;20;1;4;2;1;4;6;0;1;3;3
907;05.06.2026;18:01;64;1766;10,6667;10,5;да;21,8889;4,6786;18;3;4;2;2;4;6;0;2;0;3
908;05.06.2026;19:01;37;1793;6,1667;3,5;да;31,8056;5,6396;17;1;3;3;3;2;6;0;3;2;4
909;05.06.2026;20:01;56;1774;9,3333;9;да;12,5556;3,5434;15;4;4;2;1;5;6;0;2;1;3
910;05.06.2026;21:01;61;1769;10,1667;9,5;да;30,8056;5,5503;18;2;5;1;2;4;6;0;1;1;4
911;06.06.2026;12:01;63;1792;10,5;10;да;12,9167;3,594;15;5;3;3;1;5;6;0;4;0;2
912;06.06.2026;13:01;72;1767;12;11,5;нет;31,3333;5,5976;19;3;2;4;2;4;6;0;1;2;3
913;06.06.2026;14:01;40;1799;6,6667;7,5;да;11,5556;3,3994;11;1;2;4;1;4;6;0;2;4;6
914;06.06.2026;15:01;48;1782;8;7,5;да;27,3333;5,2281;15;1;2;4;1;4;6;0;4;2;4
915;06.06.2026;16:01;53;1791;8,8333;9,5;да;22,4722;4,7405;14;1;3;3;2;3;6;0;1;1;4
916;06.06.2026;17:01;58;1772;9,6667;7,5;да;44,5556;6,675;20;1;2;4;3;2;6;0;1;1;4
917;06.06.2026;18:01;52;1778;8,6667;6,5;да;22,2222;4,714;17;4;2;4;4;2;6;0;1;1;4
918;06.06.2026;19:01;108;1759;18;17,5;да;2,3333;1,5275;20;16;4;2;2;4;6;0;0;1;0
919;06.06.2026;20:01;62;1768;10,3333;8,5;да;43,5556;6,5997;20;2;4;2;3;3;6;0;1;0;3
920;06.06.2026;21:01;65;1765;10,8333;9,5;да;27,8056;5,2731;19;5;3;3;3;3;6;0;1;1;3
921;07.06.2026;12:01;59;1771;9,8333;9;да;18,1389;4,259;17;5;1;5;5;1;6;0;1;0;4
922;07.06.2026;13:01;88;1742;14,6667;15,5;да;14,5556;3,8152;20;8;4;2;1;5;6;0;1;1;1
923;07.06.2026;14:01;67;1772;11,1667;9;да;29,8056;5,4595;19;4;3;3;1;5;6;0;0;3;4
924;07.06.2026;15:01;63;1767;10,5;9;да;42,5833;6,5256;20;2;5;1;2;4;6;0;1;0;3
925;07.06.2026;16:01;92;1756;15,3333;17,5;да;24,5556;4,9554;20;5;4;2;2;4;6;0;0;0;1
926;07.06.2026;17:01;41;1789;6,8333;6,5;да;25,1389;5,0139;14;1;3;3;3;2;6;0;3;1;4
927;07.06.2026;18:01;72;1776;12;14;да;45;6,7082;19;3;4;2;2;4;6;0;2;1;2
928;07.06.2026;19:01;77;1767;12,8333;13;нет;6,4722;2,5441;17;9;3;3;2;4;6;0;0;1;2
929;07.06.2026;20:01;79;1759;13,1667;13;да;23,8056;4,8791;19;8;3;3;2;4;6;0;0;1;3
930;07.06.2026;21:01;70;1760;11,6667;12,5;нет;30,5556;5,5277;20;3;2;4;3;3;6;0;2;0;3
931;08.06.2026;12:01;62;1780;10,3333;12;да;25,8889;5,0881;17;1;2;4;3;2;6;0;1;1;2
932;08.06.2026;13:01;76;1754;12,6667;12;да;16,8889;4,1096;20;7;2;4;3;3;6;0;2;0;2
933;08.06.2026;14:01;72;1758;12;12;да;34,3333;5,8595;20;5;4;2;2;4;6;0;1;1;3
934;08.06.2026;15:01;72;1758;12;12,5;нет;36;6;19;1;2;4;2;3;6;0;1;2;2
935;08.06.2026;16:01;74;1756;12,3333;14;да;29,8889;5,4671;18;2;2;4;3;3;6;0;1;1;2
936;08.06.2026;17:01;58;1772;9,6667;6;нет;49,8889;7,0632;20;3;2;4;4;2;6;0;1;1;4
937;08.06.2026;18:01;60;1770;10;10;нет;24,6667;4,9666;16;1;2;4;1;4;6;0;2;3;4
938;08.06.2026;19:01;62;1768;10,3333;10,5;да;22,2222;4,714;18;2;4;2;2;4;6;0;1;1;3
939;08.06.2026;20:01;74;1764;12,3333;11;да;20,2222;4,4969;20;8;4;2;1;5;6;0;0;2;3
940;08.06.2026;21:01;41;1803;6,8333;4,5;нет;27,1389;5,2095;14;1;3;3;2;3;6;0;2;2;4
941;09.06.2026;12:01;61;1769;10,1667;9,5;да;19,4722;4,4127;19;5;1;5;4;2;6;0;1;1;4
942;09.06.2026;13:01;46;1784;7,6667;7;да;14,8889;3,8586;14;3;4;2;2;4;6;0;2;1;5
943;09.06.2026;14:01;77;1771;12,8333;17;да;54,8056;7,4031;20;2;5;1;2;4;6;0;1;1;2
944;09.06.2026;15:01;48;1782;8;6;да;43;6,5574;19;1;4;2;2;3;6;0;1;2;4
945;09.06.2026;16:01;52;1794;8,6667;8;да;38,8889;6,2361;18;2;2;4;5;1;6;0;2;0;3
946;09.06.2026;17:01;57;1773;9,5;10;да;40,9167;6,3966;18;1;3;3;2;3;6;0;1;3;4
947;09.06.2026;18:01;61;1769;10,1667;8;да;43,1389;6,568;20;3;3;3;2;4;6;0;1;2;4
948;09.06.2026;19:01;58;1772;9,6667;9,5;да;47,5556;6,8961;20;1;4;2;2;3;6;0;1;2;4
949;09.06.2026;20:01;68;1780;11,3333;14;да;46,8889;6,8475;18;1;2;4;2;3;6;0;3;1;2
950;09.06.2026;21:01;62;1782;10,3333;10,5;нет;33,5556;5,7927;19;2;4;2;3;3;6;0;1;0;3
951;10.06.2026;12:01;93;1754;15,5;17;да;17,5833;4,1932;20;7;3;3;3;3;6;0;0;0;1
952;10.06.2026;13:01;62;1774;10,3333;8,5;да;24,2222;4,9216;20;6;4;2;1;5;6;0;2;1;4
953;10.06.2026;14:01;67;1763;11,1667;10,5;да;11,1389;3,3375;16;7;3;3;2;4;6;0;2;1;3
954;10.06.2026;15:01;78;1752;13;14;да;31,6667;5,6273;20;4;6;0;0;6;6;0;0;2;2
955;10.06.2026;16:01;81;1757;13,5;13;да;23,5833;4,8563;20;8;3;3;2;4;6;0;1;0;3
956;10.06.2026;17:01;45;1790;7,5;5;да;43,5833;6,6018;20;1;3;3;3;2;6;0;1;1;4
957;10.06.2026;18:01;62;1768;10,3333;11;да;23,5556;4,8534;17;2;4;2;3;3;6;0;1;0;2
958;10.06.2026;19:01;61;1770;10,1667;12,5;да;46,8056;6,8415;19;1;1;5;2;2;6;0;3;2;2
959;10.06.2026;20:01;73;1757;12,1667;14;да;43,4722;6,5933;20;3;5;1;1;5;6;0;1;2;2
960;10.06.2026;21:01;45;1788;7,5;6;да;29,9167;5,4696;19;3;1;5;5;1;6;0;2;0;5
961;11.06.2026;12:01;72;1758;12;13,5;да;42,3333;6,5064;20;3;4;2;1;5;6;0;2;1;2
962;11.06.2026;13:01;53;1789;8,8333;9,5;да;11,4722;3,3871;12;2;5;1;1;5;6;0;1;1;3
963;11.06.2026;14:01;69;1761;11,5;13;да;42,9167;6,5511;19;2;3;3;3;3;6;0;1;1;3
964;11.06.2026;15:01;51;1779;8,5;9;да;24,5833;4,9582;16;1;5;1;0;5;6;0;2;3;3
965;11.06.2026;16:01;58;1772;9,6667;9;да;49,8889;7,0632;20;1;2;4;3;2;6;0;2;2;3
966;11.06.2026;17:01;56;1774;9,3333;8,5;да;21,8889;4,6786;18;4;4;2;1;5;6;0;0;2;4
967;11.06.2026;18:01;78;1752;13;13;да;15;3,873;18;8;2;4;2;4;6;0;1;1;3
968;11.06.2026;19:01;76;1754;12,6667;15,5;да;41,2222;6,4205;20;2;4;2;2;4;6;0;2;1;2
969;11.06.2026;20:01;53;1777;8,8333;10,5;да;31,8056;5,6396;15;1;3;3;2;3;6;0;2;1;3
970;11.06.2026;21:01;63;1773;10,5;7;да;41,9167;6,4743;20;4;5;1;1;5;6;0;2;1;4
971;12.06.2026;12:01;51;1781;8,5;7,5;да;39,25;6,265;20;2;5;1;2;4;6;0;1;1;4
972;12.06.2026;13:01;57;1775;9,5;7,5;да;50,5833;7,1122;20;2;5;1;3;3;6;0;0;0;4
973;12.06.2026;14:01;55;1775;9,1667;10;да;36,1389;6,0116;17;1;1;5;3;2;6;0;2;2;4
974;12.06.2026;15:01;48;1791;8;8,5;да;15,3333;3,9158;15;3;2;4;1;5;6;0;2;3;5
975;12.06.2026;16:01;72;1766;12;12;да;41,3333;6,4291;20;2;6;0;1;5;6;0;0;1;3
976;12.06.2026;17:01;70;1760;11,6667;11,5;да;41,2222;6,4205;20;3;2;4;4;2;6;0;2;0;2
977;12.06.2026;18:01;63;1776;10,5;10;нет;14,9167;3,8622;16;4;3;3;1;5;6;0;0;4;4
978;12.06.2026;19:01;36;1794;6;5;да;17,6667;4,2032;12;1;4;2;2;3;6;0;2;2;5
979;12.06.2026;20:01;44;1788;7,3333;6;да;38,5556;6,2093;18;1;4;2;3;2;6;0;2;1;4
980;12.06.2026;21:01;60;1770;10;10;нет;16,3333;4,0414;16;4;4;2;2;4;6;0;0;2;3
981;13.06.2026;12:01;90;1757;15;17;да;41;6,4031;20;1;2;4;3;2;6;0;1;2;1
982;13.06.2026;13:01;63;1787;10,5;11,5;да;53,25;7,2973;18;2;5;1;3;3;6;0;1;0;3
983;13.06.2026;14:01;73;1765;12,1667;11,5;нет;39,1389;6,2561;20;3;3;3;2;4;6;0;2;0;3
984;13.06.2026;15:01;75;1773;12,5;14;нет;36,9167;6,0759;18;1;3;3;2;3;6;0;2;1;2
985;13.06.2026;16:01;56;1784;9,3333;10;да;8,5556;2,925;13;5;4;2;2;4;6;0;3;0;2
986;13.06.2026;17:01;76;1754;12,6667;12,5;да;7,5556;2,7487;17;9;2;4;2;4;6;0;2;1;1
987;13.06.2026;18:01;68;1762;11,3333;9,5;да;25,2222;5,0222;20;6;4;2;1;5;6;0;2;2;3
988;13.06.2026;19:01;77;1753;12,8333;14,5;да;37,4722;6,1215;20;2;5;1;1;5;6;0;1;0;2
989;13.06.2026;20:01;80;1764;13,3333;14;да;19,8889;4,4597;20;5;4;2;1;5;6;0;1;0;1
990;13.06.2026;21:01;65;1765;10,8333;10;да;44,4722;6,6687;20;2;3;3;4;2;6;0;0;0;3
991;14.06.2026;12:01;65;1774;10,8333;9;да;21,4722;4,6338;19;6;1;5;2;4;6;0;2;2;4
992;14.06.2026;13:01;63;1767;10,5;10;да;36,9167;6,0759;20;1;3;3;1;4;6;0;2;1;3
993;14.06.2026;14:01;38;1794;6,3333;6,5;да;14,2222;3,7712;13;2;4;2;4;2;6;0;1;0;5
994;14.06.2026;15:01;62;1771;10,3333;10,5;нет;37,8889;6,1554;20;3;2;4;2;4;6;0;3;1;3
995;14.06.2026;16:01;54;1776;9;7;да;40;6,3246;18;2;4;2;3;3;6;0;2;0;4
996;14.06.2026;17:01;76;1754;12,6667;13;да;21,2222;4,6068;19;6;4;2;2;4;6;0;1;0;2
997;14.06.2026;18:01;80;1767;13,3333;15,5;да;21,5556;4,6428;17;4;2;4;3;3;6;0;1;2;2
998;14.06.2026;19:01;21;1812;3,5;2;нет;14,9167;3,8622;12;1;3;3;3;1;6;0;3;2;5
999;14.06.2026;20:01;58;1772;9,6667;9;да;22,2222;4,714;17;3;4;2;2;4;6;0;3;0;3
1000;14.06.2026;21:01;80;1770;13,3333;15;да;40,5556;6,3683;20;3;4;2;2;4;6;0;1;1;2
1001;15.06.2026;12:01;79;1779;13,1667;11,5;нет;18,8056;4,3365;19;9;1;5;3;3;6;0;1;2;2
1002;15.06.2026;13:01;52;1778;8,6667;7,5;нет;27,2222;5,2175;16;2;4;2;2;4;6;0;1;2;4
1003;15.06.2026;14:01;79;1767;13,1667;16;да;47,1389;6,8658;20;1;3;3;2;3;6;0;1;3;2
1004;15.06.2026;15:01;56;1780;9,3333;6;да;43,2222;6,5744;19;3;4;2;2;4;6;0;3;1;4
1005;15.06.2026;16:01;42;1789;7;4;да;48,6667;6,9762;20;1;4;2;1;3;6;0;3;2;4
1006;15.06.2026;17:01;73;1757;12,1667;15;нет;39,8056;6,3092;19;3;3;3;3;3;6;0;1;2;2
1007;15.06.2026;18:01;54;1776;9;8,5;да;45,3333;6,733;20;1;4;2;2;3;6;0;2;1;4
1008;15.06.2026;19:01;79;1751;13,1667;15;да;41,1389;6,414;20;2;3;3;4;2;6;0;0;0;2
1009;15.06.2026;20:01;80;1750;13,3333;16;да;44,5556;6,675;20;2;4;2;3;3;6;0;0;0;2
1010;15.06.2026;21:01;62;1777;10,3333;9,5;да;24,2222;4,9216;18;2;4;2;1;5;6;0;1;2;3
1011;16.06.2026;12:01;57;1773;9,5;11;да;33,9167;5,8238;17;1;1;5;3;2;6;0;2;2;3
1012;16.06.2026;13:01;61;1769;10,1667;9;да;41,4722;6,4399;19;3;1;5;5;1;6;0;1;1;3
1013;16.06.2026;14:01;68;1780;11,3333;10,5;да;27,2222;5,2175;18;5;4;2;1;5;6;0;1;1;3
1014;16.06.2026;15:01;44;1789;7,3333;5;нет;28,8889;5,3748;16;2;2;4;5;1;6;0;2;1;4
1015;16.06.2026;16:01;78;1752;13;14,5;да;28;5,2915;18;2;4;2;2;4;6;0;1;0;1
1016;16.06.2026;17:01;91;1758;15,1667;18,5;да;30,4722;5,5202;20;6;3;3;2;4;6;0;1;1;2
1017;16.06.2026;18:01;56;1777;9,3333;7,5;да;41,5556;6,4464;19;3;2;4;4;2;6;0;2;2;4
1018;16.06.2026;19:01;37;1793;6,1667;5;да;16,1389;4,0173;14;2;5;1;2;4;6;0;2;1;5
1019;16.06.2026;20:01;56;1774;9,3333;9,5;да;21,5556;4,6428;16;3;2;4;4;2;6;0;1;1;3
1020;16.06.2026;21:01;65;1765;10,8333;11;да;24,8056;4,9805;17;3;1;5;4;2;6;0;1;2;3
1021;17.06.2026;12:01;76;1754;12,6667;13;да;17,8889;4,2295;19;7;4;2;2;4;6;0;0;1;2
1022;17.06.2026;13:01;43;1787;7,1667;7;да;26,4722;5,1451;16;1;3;3;2;3;6;0;2;3;4
1023;17.06.2026;14:01;67;1775;11,1667;12;нет;23,4722;4,8448;18;4;5;1;0;6;6;0;2;1;2
1024;17.06.2026;15:01;72;1758;12;13;да;31,6667;5,6273;18;1;4;2;1;4;6;0;2;1;1
1025;17.06.2026;16:01;58;1772;9,6667;9;да;17,8889;4,2295;16;4;6;0;0;6;6;0;2;2;3
1026;17.06.2026;17:01;42;1791;7;5;да;25,6667;5,0662;16;2;2;4;5;1;6;0;2;1;5
1027;17.06.2026;18:01;69;1776;11,5;15;да;41,5833;6,4485;18;2;3;3;2;4;6;0;3;1;2
1028;17.06.2026;19:01;62;1768;10,3333;9,5;да;25,5556;5,0553;18;4;4;2;1;5;6;0;2;1;3
1029;17.06.2026;20:01;71;1759;11,8333;13,5;да;29,1389;5,398;17;1;3;3;1;4;6;0;3;2;1
1030;17.06.2026;21:01;63;1767;10,5;10,5;да;37,5833;6,1305;19;1;3;3;2;3;6;0;2;2;3
1031;18.06.2026;12:01;42;1788;7;7;да;16,6667;4,0825;14;1;4;2;0;5;6;0;2;3;5
1032;18.06.2026;13:01;51;1779;8,5;5,5;да;47,9167;6,9222;19;1;1;5;4;1;6;0;3;1;4
1033;18.06.2026;14:01;76;1774;12,6667;13;да;44,2222;6,65;20;1;2;4;1;4;6;0;2;2;3
1034;18.06.2026;15:01;75;1755;12,5;12,5;да;24,9167;4,9917;19;6;3;3;2;4;6;0;1;2;3
1035;18.06.2026;16:01;65;1765;10,8333;13;да;35,4722;5,9559;17;1;1;5;3;2;6;0;2;2;3
1036;18.06.2026;17:01;47;1783;7,8333;7;да;21,8056;4,6696;17;2;3;3;3;3;6;0;1;1;5
1037;18.06.2026;18:01;63;1770;10,5;12;нет;32,5833;5,7082;18;3;1;5;4;2;6;0;3;0;3
1038;18.06.2026;19:01;54;1800;9;9;да;24,3333;4,9329;15;2;2;4;1;5;6;0;2;3;4
1039;18.06.2026;20:01;76;1754;12,6667;12;нет;32,8889;5,7349;20;3;2;4;4;2;6;0;2;0;2
1040;18.06.2026;21:01;48;1783;8;4;да;63,6667;7,9791;20;1;4;2;1;3;6;0;3;2;4
1041;19.06.2026;12:01;50;1780;8,3333;8,5;нет;3,8889;1,972;11;5;2;4;3;3;6;0;1;1;5
1042;19.06.2026;13:01;50;1780;8,3333;6,5;да;28,8889;5,3748;17;2;4;2;3;3;6;0;1;1;4
1043;19.06.2026;14:01;91;1757;15,1667;17;да;27,4722;5,2414;20;4;5;1;0;6;6;0;1;2;1
1044;19.06.2026;15:01;67;1782;11,1667;11;нет;42,4722;6,5171;19;1;3;3;2;3;6;0;3;1;2
1045;19.06.2026;16:01;91;1756;15,1667;16,5;да;12,4722;3,5316;19;8;3;3;3;3;6;0;0;1;1
1046;19.06.2026;17:01;50;1780;8,3333;8,5;да;20,5556;4,5338;15;1;2;4;1;4;6;0;2;2;4
1047;19.06.2026;18:01;57;1773;9,5;9;да;27,9167;5,2836;18;3;5;1;1;5;6;0;2;1;3
1048;19.06.2026;19:01;70;1760;11,6667;13,5;да;22,5556;4,7493;17;3;2;4;3;3;6;0;2;0;2
1049;19.06.2026;20:01;73;1757;12,1667;14;да;44,4722;6,6687;20;1;3;3;1;4;6;0;3;1;2
1050;19.06.2026;21:01;49;1781;8,1667;9,5;да;27,1389;5,2095;16;1;3;3;2;3;6;0;2;3;4
1051;20.06.2026;12:01;64;1766;10,6667;9,5;да;29,8889;5,4671;19;4;4;2;2;4;6;0;1;2;3
1052;20.06.2026;13:01;63;1767;10,5;10,5;да;38,25;6,1847;19;2;3;3;4;2;6;0;1;1;3
1053;20.06.2026;14:01;48;1782;8;6;да;33,3333;5,7735;18;1;2;4;3;2;6;0;1;2;4
1054;20.06.2026;15:01;77;1753;12,8333;14,5;да;40,4722;6,3618;20;3;3;3;3;3;6;0;2;1;2
1055;20.06.2026;16:01;26;1814;4,3333;3;нет;11,8889;3,448;9;1;2;4;1;3;6;0;2;5;6
1056;20.06.2026;17:01;64;1766;10,6667;13;да;29,2222;5,4058;16;1;4;2;0;5;6;0;3;2;2
1057;20.06.2026;18:01;51;1784;8,5;5;да;39,5833;6,2915;20;3;3;3;3;3;6;0;1;1;4
1058;20.06.2026;19:01;50;1791;8,3333;9,5;да;13,8889;3,7268;13;3;2;4;4;2;6;0;1;1;5
1059;20.06.2026;20:01;62;1786;10,3333;10;да;41,8889;6,4722;18;1;2;4;3;2;6;0;1;1;3
1060;20.06.2026;21:01;82;1765;13,6667;15;да;13,2222;3,6362;17;7;2;4;4;2;6;0;0;1;2
1061;21.06.2026;12:01;97;1733;16,1667;16;да;7,8056;2,7939;20;12;3;3;2;4;6;0;1;0;0
1062;21.06.2026;13:01;40;1795;6,6667;5;да;19,5556;4,4222;14;1;2;4;3;2;6;0;1;2;5
1063;21.06.2026;14:01;61;1769;10,1667;10,5;да;42,4722;6,5171;19;2;3;3;4;2;6;0;1;1;3
1064;21.06.2026;15:01;78;1768;13;14,5;да;14,6667;3,8297;16;5;4;2;1;5;6;0;1;2;1
1065;21.06.2026;16:01;72;1773;12;15;да;42,6667;6,532;19;2;2;4;3;3;6;0;2;1;2
1066;21.06.2026;17:01;74;1756;12,3333;12,5;да;31,2222;5,5877;20;5;2;4;3;3;6;0;0;2;3
1067;21.06.2026;18:01;71;1759;11,8333;13,5;да;44,8056;6,6937;20;2;5;1;2;4;6;0;0;1;2
1068;21.06.2026;19:01;40;1790;6,6667;4,5;да;34,8889;5,9067;19;1;2;4;3;2;6;0;2;2;5
1069;21.06.2026;20:01;73;1757;12,1667;12,5;да;33,1389;5,7566;20;3;3;3;2;4;6;0;3;0;2
1070;21.06.2026;21:01;55;1775;9,1667;9,5;да;24,4722;4,9469;18;3;3;3;2;4;6;0;2;2;4
1071;22.06.2026;12:01;53;1780;8,8333;9,5;да;21,8056;4,6696;16;3;3;3;2;4;6;0;3;2;3
1072;22.06.2026;13:01;57;1773;9,5;10,5;да;35,5833;5,9652;18;1;3;3;1;4;6;0;2;2;3
1073;22.06.2026;14:01;65;1765;10,8333;9,5;да;18,4722;4,2979;17;5;3;3;2;4;6;0;1;2;3
1074;22.06.2026;15:01;48;1782;8;6,5;да;30,6667;5,5378;17;2;2;4;4;2;6;0;1;2;4
1075;22.06.2026;16:01;61;1793;10,1667;9,5;да;24,1389;4,9131;16;2;5;1;2;4;6;0;0;2;4
1076;22.06.2026;17:01;73;1776;12,1667;13;да;39,1389;6,2561;19;3;3;3;3;3;6;0;3;1;2
1077;22.06.2026;18:01;73;1757;12,1667;12,5;да;22,4722;4,7405;19;5;3;3;3;3;6;0;0;1;3
1078;22.06.2026;19:01;80;1750;13,3333;16,5;да;48,8889;6,9921;20;1;2;4;2;3;6;0;2;1;2
1079;22.06.2026;20:01;81;1749;13,5;15,5;да;31,5833;5,6199;20;5;3;3;3;3;6;0;0;0;2
1080;22.06.2026;21:01;82;1768;13,6667;16,5;да;48,2222;6,9442;20;1;4;2;1;4;6;0;1;2;2
1081;23.06.2026;12:01;51;1785;8,5;6;да;32,25;5,6789;20;3;3;3;3;3;6;0;3;0;5
1082;23.06.2026;13:01;50;1780;8,3333;8;да;27,2222;5,2175;15;2;2;4;4;2;6;0;2;0;4
1083;23.06.2026;14:01;81;1749;13,5;15,5;да;30,25;5,5;19;3;3;3;2;4;6;0;3;1;1
1084;23.06.2026;15:01;68;1762;11,3333;11;да;20,8889;4,5704;19;5;2;4;3;3;6;0;0;1;3
1085;23.06.2026;16:01;59;1787;9,8333;10,5;нет;35,4722;5,9559;16;2;5;1;1;5;6;0;2;3;3
1086;23.06.2026;17:01;52;1784;8,6667;6,5;да;19,8889;4,4597;17;4;4;2;2;4;6;0;2;1;4
1087;23.06.2026;18:01;82;1748;13,6667;13,5;да;25,5556;5,0553;20;6;4;2;2;4;6;0;2;1;2
1088;23.06.2026;19:01;57;1773;9,5;8;да;25,9167;5,0908;18;4;5;1;1;5;6;0;2;1;3
1089;23.06.2026;20:01;42;1788;7;5,5;да;25;5;17;2;2;4;4;2;6;0;2;1;5
1090;23.06.2026;21:01;38;1797;6,3333;5;да;15,8889;3,9861;15;3;2;4;3;3;6;0;3;1;5
1091;24.06.2026;12:01;70;1760;11,6667;11,5;да;27,2222;5,2175;19;5;2;4;3;3;6;0;1;1;3
1092;24.06.2026;13:01;59;1774;9,8333;8,5;да;45,4722;6,7433;19;3;1;5;5;1;6;0;2;1;3
1093;24.06.2026;14:01;68;1772;11,3333;10;да;12,2222;3,496;17;7;2;4;2;4;6;0;3;1;2
1094;24.06.2026;15:01;36;1794;6;6,5;да;6,6667;2,582;9;1;2;4;2;3;6;0;2;2;6
1095;24.06.2026;16:01;69;1761;11,5;13,5;нет;36,9167;6,0759;18;3;3;3;3;3;6;0;1;2;3
1096;24.06.2026;17:01;62;1774;10,3333;10;да;35,2222;5,9348;18;2;6;0;1;5;6;0;2;1;3
1097;24.06.2026;18:01;54;1776;9;6;да;48,6667;6,9762;19;2;4;2;3;3;6;0;1;1;4
1098;24.06.2026;19:01;65;1765;10,8333;12;нет;31,1389;5,5802;17;1;3;3;2;3;6;0;2;2;2
1099;24.06.2026;20:01;46;1793;7,6667;8,5;нет;5,8889;2,4267;11;4;2;4;2;4;6;0;0;3;6
1100;24.06.2026;21:01;36;1795;6;3,5;да;30;5,4772;15;1;2;4;1;3;6;0;4;3;4
1101;25.06.2026;12:01;68;1762;11,3333;11,5;да;23,2222;4,8189;18;4;4;2;2;4;6;0;0;2;3
1102;25.06.2026;13:01;80;1763;13,3333;13;нет;12,8889;3,5901;20;9;2;4;2;4;6;0;2;1;1
1103;25.06.2026;14:01;65;1779;10,8333;11;да;8,4722;2,9107;14;7;3;3;2;4;6;0;0;1;3
1104;25.06.2026;15:01;70;1772;11,6667;12;да;18,8889;4,3461;19;6;4;2;2;4;6;0;1;0;2
1105;25.06.2026;16:01;49;1781;8,1667;8;да;21,1389;4,5977;16;2;3;3;3;3;6;0;0;3;5
1106;25.06.2026;17:01;49;1784;8,1667;4,5;нет;50,8056;7,1278;19;1;1;5;4;1;6;0;4;1;4
1107;25.06.2026;18:01;48;1785;8;4;да;46,6667;6,8313;19;2;2;4;5;1;6;0;2;1;4
1108;25.06.2026;19:01;82;1748;13,6667;12,5;нет;16,8889;4,1096;20;9;4;2;1;5;6;0;1;1;2
1109;25.06.2026;20:01;67;1763;11,1667;12,5;да;30,4722;5,5202;18;3;3;3;3;3;6;0;1;1;3
1110;25.06.2026;21:01;62;1768;10,3333;9;нет;26,8889;5,1855;19;4;4;2;1;5;6;0;3;1;3
1111;26.06.2026;12:01;83;1764;13,8333;16,5;да;30,4722;5,5202;20;4;3;3;2;4;6;0;0;3;2
1112;26.06.2026;13:01;65;1782;10,8333;12;да;38,4722;6,2026;17;1;3;3;2;3;6;0;2;2;3
1113;26.06.2026;14:01;77;1753;12,8333;13,5;да;39,1389;6,2561;20;3;3;3;3;3;6;0;2;0;2
1114;26.06.2026;15:01;77;1753;12,8333;13;да;33,8056;5,8143;20;5;3;3;3;3;6;0;1;1;2
1115;26.06.2026;16:01;71;1759;11,8333;11,5;да;23,1389;4,8103;19;4;3;3;2;4;6;0;0;3;3
1116;26.06.2026;17:01;67;1768;11,1667;12,5;да;22,4722;4,7405;18;5;3;3;3;3;6;0;0;0;2
1117;26.06.2026;18:01;87;1754;14,5;15;да;7,5833;2,7538;18;11;3;3;3;3;6;0;0;1;2
1118;26.06.2026;19:01;89;1757;14,8333;16;да;16,8056;4,0995;20;8;5;1;1;5;6;0;0;2;2
1119;26.06.2026;20:01;45;1785;7,5;6;да;26,9167;5,1881;18;2;3;3;3;3;6;0;0;2;5
1120;26.06.2026;21:01;37;1797;6,1667;4,5;да;19,8056;4,4503;15;1;3;3;1;4;6;0;2;3;5
1121;27.06.2026;12:01;53;1777;8,8333;7,5;да;15,8056;3,9756;17;5;3;3;3;3;6;0;2;0;4
1122;27.06.2026;13:01;68;1762;11,3333;10,5;да;24,2222;4,9216;19;5;2;4;3;3;6;0;0;2;3
1123;27.06.2026;14:01;51;1779;8,5;7;да;47,9167;6,9222;19;1;1;5;4;1;6;0;3;1;4
1124;27.06.2026;15:01;76;1754;12,6667;15,5;да;49,8889;7,0632;20;2;4;2;2;4;6;0;1;2;2
1125;27.06.2026;16:01;72;1769;12;12,5;да;13,3333;3,6515;16;5;2;4;3;3;6;0;1;1;3
1126;27.06.2026;17:01;94;1751;15,6667;15,5;да;4,5556;2,1344;19;12;2;4;2;4;6;0;2;1;0
1127;27.06.2026;18:01;77;1771;12,8333;14,5;да;30,4722;5,5202;18;3;3;3;2;4;6;0;1;1;2
1128;27.06.2026;19:01;70;1760;11,6667;12,5;да;16,8889;4,1096;18;6;4;2;2;4;6;0;1;0;2
1129;27.06.2026;20:01;92;1738;15,3333;17,5;да;26,2222;5,1208;20;5;2;4;4;2;6;0;0;0;1
1130;27.06.2026;21:01;61;1769;10,1667;12;да;42,4722;6,5171;18;1;3;3;3;2;6;0;1;2;3
1131;28.06.2026;12:01;80;1765;13,3333;14,5;да;6,2222;2,4944;16;9;2;4;1;5;6;0;2;2;2
1132;28.06.2026;13:01;60;1770;10;11,5;да;29,3333;5,416;16;1;2;4;2;3;6;0;3;2;2
1133;28.06.2026;14:01;39;1792;6,5;5,5;да;26,9167;5,1881;14;1;3;3;1;3;6;0;3;2;4
1134;28.06.2026;15:01;32;1799;5,3333;5,5;да;13,5556;3,6818;11;1;2;4;2;2;6;0;2;3;6
1135;28.06.2026;16:01;60;1782;10;10;нет;44;6,6332;20;2;6;0;2;4;6;0;2;1;2
1136;28.06.2026;17:01;91;1757;15,1667;15;да;5,4722;2,3393;18;12;5;1;1;5;6;0;0;1;0
1137;28.06.2026;18:01;66;1764;11;11;да;49,6667;7,0475;19;3;2;4;4;2;6;0;1;1;3
1138;28.06.2026;19:01;85;1763;14,1667;15;да;16,8056;4,0995;18;6;5;1;1;5;6;0;1;1;1
1139;28.06.2026;20:01;89;1751;14,8333;15;да;15,4722;3,9335;20;10;5;1;1;5;6;0;2;1;0
1140;28.06.2026;21:01;44;1788;7,3333;6,5;нет;29,8889;5,4671;18;2;4;2;3;3;6;0;0;1;5
1141;29.06.2026;12:01;74;1756;12,3333;11;да;31,2222;5,5877;20;5;2;4;3;3;6;0;0;1;3
1142;29.06.2026;13:01;55;1778;9,1667;6,5;да;51,1389;7,1511;20;2;3;3;4;2;6;0;3;0;3
1143;29.06.2026;14:01;87;1743;14,5;16;да;31,9167;5,6495;20;3;1;5;4;2;6;0;2;0;1
1144;29.06.2026;15:01;68;1762;11,3333;13,5;да;39,5556;6,2893;18;1;2;4;2;3;6;0;2;1;2
1145;29.06.2026;16:01;57;1773;9,5;8;да;30,9167;5,5603;19;3;3;3;3;3;6;0;3;0;3
1146;29.06.2026;17:01;73;1757;12,1667;13;да;40,8056;6,3879;20;2;5;1;2;4;6;0;1;1;2
1147;29.06.2026;18:01;58;1779;9,6667;7,5;да;24,5556;4,9554;20;5;2;4;4;2;6;0;0;0;5
1148;29.06.2026;19:01;43;1787;7,1667;5;да;36,8056;6,0668;20;2;5;1;2;4;6;0;2;1;5
1149;29.06.2026;20:01;74;1756;12,3333;11,5;да;29,5556;5,4365;20;4;4;2;1;5;6;0;1;2;2
1150;29.06.2026;21:01;48;1782;8;7,5;нет;17,3333;4,1633;15;2;2;4;4;2;6;0;1;0;5
1151;30.06.2026;12:01;75;1767;12,5;12;да;21,9167;4,6815;20;5;5;1;1;5;6;0;1;1;1
1152;30.06.2026;13:01;69;1773;11,5;11,5;да;12,5833;3,5473;18;6;5;1;1;5;6;0;2;0;2
1153;30.06.2026;14:01;33;1797;5,5;4,5;да;14,9167;3,8622;11;1;3;3;3;2;6;0;4;1;5
1154;30.06.2026;15:01;83;1761;13,8333;14;да;20,8056;4,5613;20;6;5;1;1;5;6;0;1;0;2
1155;30.06.2026;16:01;74;1756;12,3333;13;да;34,5556;5,8784;20;2;2;4;3;3;6;0;1;1;3
1156;30.06.2026;17:01;83;1782;13,8333;16;нет;29,1389;5,398;19;5;3;3;3;3;6;0;0;2;2
1157;30.06.2026;18:01;54;1788;9;10,5;да;25,3333;5,0332;16;2;4;2;2;4;6;0;1;2;3
1158;30.06.2026;19:01;51;1779;8,5;7,5;да;14,9167;3,8622;15;4;3;3;2;4;6;0;1;1;4
1159;30.06.2026;20:01;83;1747;13,8333;16,5;да;33,4722;5,7855;20;4;5;1;1;5;6;0;0;2;2
1160;30.06.2026;21:01;54;1776;9;7,5;да;16,3333;4,0414;17;5;2;4;4;2;6;0;1;0;5
1161;01.07.2026;12:01;69;1763;11,5;13,5;да;52,5833;7,2514;20;2;5;1;3;3;6;0;0;1;3
1162;01.07.2026;13:01;67;1763;11,1667;12;да;39,1389;6,2561;18;1;3;3;2;3;6;0;1;2;3
1163;01.07.2026;14:01;76;1771;12,6667;13,5;да;17,5556;4,1899;17;7;2;4;4;2;6;0;0;1;3
1164;01.07.2026;15:01;60;1781;10;10,5;да;28;5,2915;19;1;2;4;3;2;6;0;2;1;4
1165;01.07.2026;16:01;56;1782;9,3333;8,5;да;25,8889;5,0881;18;1;4;2;0;5;6;0;1;2;4
1166;01.07.2026;17:01;53;1783;8,8333;6;нет;44,4722;6,6687;19;2;3;3;4;2;6;0;3;0;4
1167;01.07.2026;18:01;59;1771;9,8333;10;да;31,1389;5,5802;17;2;3;3;3;3;6;0;0;3;4
1168;01.07.2026;19:01;68;1762;11,3333;11,5;да;5,5556;2,357;15;8;2;4;2;4;6;0;1;1;3
1169;01.07.2026;20:01;63;1775;10,5;9,5;да;15,25;3,9051;18;6;5;1;1;5;6;0;1;0;4
1170;01.07.2026;21:01;47;1783;7,8333;7,5;да;29,4722;5,4288;17;1;1;5;4;1;6;0;3;1;4
1171;02.07.2026;12:01;77;1769;12,8333;15;нет;34,1389;5,8429;20;2;5;1;1;5;6;0;0;3;2
1172;02.07.2026;13:01;59;1777;9,8333;8;да;32,8056;5,7276;20;3;5;1;1;5;6;0;4;0;3
1173;02.07.2026;14:01;44;1786;7,3333;7;да;19,8889;4,4597;15;1;4;2;0;5;6;0;4;2;4
1174;02.07.2026;15:01;78;1752;13;14;да;27,3333;5,2281;20;5;4;2;2;4;6;0;0;1;2
1175;02.07.2026;16:01;61;1769;10,1667;8,5;да;30,4722;5,5202;19;4;3;3;2;4;6;0;0;3;4
1176;02.07.2026;17:01;74;1756;12,3333;11,5;да;33,2222;5,7639;20;5;2;4;3;3;6;0;0;1;3
1177;02.07.2026;18:01;59;1771;9,8333;9,5;да;35,1389;5,9278;20;1;3;3;2;3;6;0;2;1;4
1178;02.07.2026;19:01;70;1760;11,6667;11,5;да;20,5556;4,5338;19;6;2;4;3;3;6;0;3;0;2
1179;02.07.2026;20:01;54;1783;9;7;да;36,3333;6,0277;18;1;2;4;3;2;6;0;1;2;4
1180;02.07.2026;21:01;52;1778;8,6667;8,5;да;13,2222;3,6362;14;4;4;2;2;4;6;0;1;1;3
1181;03.07.2026;12:01;79;1771;13,1667;14,5;да;42,8056;6,5426;20;4;5;1;1;5;6;0;1;1;3
1182;03.07.2026;13:01;71;1759;11,8333;13,5;да;51,1389;7,1511;20;1;3;3;1;4;6;0;2;2;2
1183;03.07.2026;14:01;47;1783;7,8333;7;да;24,8056;4,9805;16;1;5;1;0;5;6;0;2;3;4
1184;03.07.2026;15:01;67;1763;11,1667;12,5;да;65,1389;8,0709;20;1;3;3;3;2;6;0;1;1;3
1185;03.07.2026;16:01;51;1791;8,5;8;нет;17,25;4,1533;16;4;5;1;1;5;6;0;0;3;5
1186;03.07.2026;17:01;58;1772;9,6667;9,5;нет;42,5556;6,5235;18;1;2;4;3;2;6;0;2;1;3
1187;03.07.2026;18:01;74;1756;12,3333;14,5;да;42,5556;6,5235;19;1;2;4;3;2;6;0;1;1;2
1188;03.07.2026;19:01;40;1790;6,6667;5,5;да;31,8889;5,647;18;1;4;2;2;3;6;0;1;2;5
1189;03.07.2026;20:01;74;1756;12,3333;12,5;да;27,2222;5,2175;19;5;2;4;3;3;6;0;0;2;3
1190;03.07.2026;21:01;51;1779;8,5;7;да;23,9167;4,8905;16;3;5;1;1;5;6;0;2;2;4
1191;04.07.2026;12:01;72;1780;12;14;да;27,3333;5,2281;17;5;2;4;4;2;6;0;0;1;2
1192;04.07.2026;13:01;65;1765;10,8333;10,5;нет;25,8056;5,0799;19;4;3;3;2;4;6;0;3;1;3
1193;04.07.2026;14:01;46;1784;7,6667;7;да;19,8889;4,4597;15;2;2;4;3;3;6;0;1;2;5
1194;04.07.2026;15:01;56;1774;9,3333;8;да;29,5556;5,4365;19;2;2;4;4;2;6;0;1;1;4
1195;04.07.2026;16:01;64;1766;10,6667;10,5;да;48,8889;6,9921;20;1;2;4;2;3;6;0;3;1;3
1196;04.07.2026;17:01;60;1770;10;11,5;да;25,6667;5,0662;16;1;4;2;1;4;6;0;2;2;3
1197;04.07.2026;18:01;31;1799;5,1667;4,5;нет;7,1389;2,6719;10;2;3;3;4;2;6;0;2;1;5
1198;04.07.2026;19:01;73;1774;12,1667;15,5;да;44,4722;6,6687;19;2;3;3;4;2;6;0;0;1;2
1199;04.07.2026;20:01;86;1757;14,3333;14;да;3,2222;1,795;17;12;2;4;3;3;6;0;1;1;0
1200;04.07.2026;21:01;65;1765;10,8333;11,5;да;24,1389;4,9131;17;3;1;5;3;3;6;0;2;1;3
1201;05.07.2026;12:01;65;1765;10,8333;9,5;нет;45,1389;6,7185;20;2;3;3;4;2;6;0;0;0;4
1202;05.07.2026;13:01;57;1773;9,5;11;нет;29,5833;5,4391;16;1;3;3;1;4;6;0;1;4;3
1203;05.07.2026;14:01;58;1772;9,6667;10;да;23,2222;4,8189;17;2;2;4;4;2;6;0;1;1;4
1204;05.07.2026;15:01;60;1786;10;9;да;21,3333;4,6188;16;4;6;0;0;6;6;0;2;3;3
1205;05.07.2026;16:01;67;1763;11,1667;13;нет;31,8056;5,6396;18;1;3;3;1;4;6;0;2;1;2
1206;05.07.2026;17:01;64;1770;10,6667;11,5;да;27,8889;5,281;18;4;4;2;1;5;6;0;2;2;2
1207;05.07.2026;18:01;50;1780;8,3333;7,5;да;42,5556;6,5235;17;1;2;4;3;2;6;0;3;1;3
1208;05.07.2026;19:01;58;1772;9,6667;9;нет;10,8889;3,2998;16;6;4;2;2;4;6;0;2;1;4
1209;05.07.2026;20:01;56;1782;9,3333;8;да;12,2222;3,496;15;5;2;4;3;3;6;0;1;0;4
1210;05.07.2026;21:01;64;1766;10,6667;13;да;37,5556;6,1283;17;1;2;4;2;3;6;0;2;3;3
1211;06.07.2026;12:01;69;1761;11,5;11,5;нет;45,5833;6,7515;20;2;3;3;3;3;6;0;0;1;3
1212;06.07.2026;13:01;74;1756;12,3333;12,5;да;36,8889;6,0736;20;2;4;2;1;5;6;0;2;1;2
1213;06.07.2026;14:01;64;1766;10,6667;10;да;20,8889;4,5704;17;5;2;4;3;3;6;0;1;2;4
1214;06.07.2026;15:01;61;1769;10,1667;11;да;32,4722;5,6984;17;2;3;3;3;3;6;0;0;3;3
1215;06.07.2026;16:01;91;1759;15,1667;16,5;да;29,4722;5,4288;20;4;5;1;1;5;6;0;0;2;1
1216;06.07.2026;17:01;73;1757;12,1667;13,5;да;34,4722;5,8713;19;3;3;3;3;3;6;0;2;0;2
1217;06.07.2026;18:01;66;1764;11;12,5;да;25,6667;5,0662;17;2;2;4;4;2;6;0;1;0;2
1218;06.07.2026;19:01;63;1781;10,5;12;нет;41,25;6,4226;20;1;5;1;0;5;6;0;2;2;2
1219;06.07.2026;20:01;73;1757;12,1667;12;да;28,8056;5,3671;19;4;5;1;1;5;6;0;1;1;2
1220;06.07.2026;21:01;46;1792;7,6667;7,5;да;4,8889;2,2111;12;5;4;2;2;4;6;0;1;0;5
1221;07.07.2026;12:01;95;1769;15,8333;17;да;19,4722;4,4127;20;7;1;5;3;3;6;0;2;0;1
1222;07.07.2026;13:01;46;1791;7,6667;6;да;39,2222;6,2628;17;1;2;4;1;3;6;0;5;2;4
1223;07.07.2026;14:01;70;1760;11,6667;13;да;46,5556;6,8232;20;1;2;4;2;3;6;0;2;1;3
1224;07.07.2026;15:01;64;1766;10,6667;10,5;да;41,2222;6,4205;20;2;4;2;3;3;6;0;0;1;3
1225;07.07.2026;16:01;75;1755;12,5;14;да;20,25;4,5;18;6;3;3;2;4;6;0;2;1;2
1226;07.07.2026;17:01;79;1768;13,1667;17;да;47,8056;6,9142;20;3;3;3;3;3;6;0;1;1;2
1227;07.07.2026;18:01;49;1781;8,1667;7,5;да;18,4722;4,2979;15;3;3;3;1;5;6;0;3;2;4
1228;07.07.2026;19:01;62;1771;10,3333;9;да;46,8889;6,8475;20;3;4;2;2;4;6;0;3;0;3
1229;07.07.2026;20:01;54;1776;9;6,5;да;58,6667;7,6594;20;1;4;2;2;3;6;0;3;1;3
1230;07.07.2026;21:01;59;1771;9,8333;9;да;29,1389;5,398;20;4;3;3;3;3;6;0;0;1;4
1231;08.07.2026;12:01;50;1782;8,3333;9,5;да;24,8889;4,9889;16;2;4;2;3;3;6;0;1;2;4
1232;08.07.2026;13:01;58;1777;9,6667;9,5;да;19,2222;4,3843;18;5;2;4;3;3;6;0;1;1;4
1233;08.07.2026;14:01;66;1764;11;9,5;да;22,6667;4,761;20;6;4;2;1;5;6;0;2;1;3
1234;08.07.2026;15:01;43;1792;7,1667;5,5;да;9,8056;3,1314;12;4;3;3;3;3;6;0;1;1;5
1235;08.07.2026;16:01;76;1754;12,6667;11,5;нет;25,2222;5,0222;20;7;4;2;1;5;6;0;0;1;3
1236;08.07.2026;17:01;65;1765;10,8333;10;да;34,8056;5,8996;19;3;1;5;5;1;6;0;2;0;3
1237;08.07.2026;18:01;46;1789;7,6667;7,5;да;11,8889;3,448;12;3;2;4;4;2;6;0;2;0;4
1238;08.07.2026;19:01;84;1764;14;15;да;15,6667;3,9581;18;7;4;2;2;4;6;0;0;1;2
1239;08.07.2026;20:01;44;1787;7,3333;7;да;30,8889;5,5578;16;1;2;4;1;3;6;0;2;4;4
1240;08.07.2026;21:01;78;1752;13;13;да;12,6667;3,559;18;7;4;2;2;4;6;0;0;1;2
1241;09.07.2026;12:01;47;1789;7,8333;6,5;да;7,8056;2,7939;13;5;3;3;3;3;6;0;3;0;4
1242;09.07.2026;13:01;41;1789;6,8333;5,5;да;18,4722;4,2979;13;2;3;3;4;2;6;0;1;1;4
1243;09.07.2026;14:01;45;1785;7,5;4,5;да;39,5833;6,2915;20;2;3;3;4;2;6;0;1;1;5
1244;09.07.2026;15:01;42;1809;7;6;да;4,6667;2,1603;10;5;4;2;2;4;6;0;4;0;4
1245;09.07.2026;16:01;78;1752;13;14,5;да;40,6667;6,377;20;4;4;2;2;4;6;0;1;1;3
1246;09.07.2026;17:01;53;1780;8,8333;8;да;46,1389;6,7926;19;1;1;5;4;1;6;0;3;1;3
1247;09.07.2026;18:01;59;1771;9,8333;11,5;да;23,8056;4,8791;15;1;3;3;1;4;6;0;3;1;3
1248;09.07.2026;19:01;55;1775;9,1667;8,5;да;34,1389;5,8429;18;2;5;1;2;4;6;0;0;1;3
1249;09.07.2026;20:01;68;1762;11,3333;12;да;24,8889;4,9889;19;3;2;4;4;2;6;0;1;0;3
1250;09.07.2026;21:01;76;1754;12,6667;12,5;да;22,8889;4,7842;19;7;2;4;3;3;6;0;0;2;3
1251;10.07.2026;12:01;48;1786;8;7,5;нет;23,6667;4,8648;15;2;4;2;2;4;6;0;1;2;4
1252;10.07.2026;13:01;66;1764;11;11,5;да;20;4,4721;18;5;4;2;2;4;6;0;1;0;3
1253;10.07.2026;14:01;49;1781;8,1667;8,5;да;15,1389;3,8909;14;3;3;3;3;3;6;0;2;1;4
1254;10.07.2026;15:01;69;1773;11,5;12;да;15,5833;3,9476;17;6;3;3;2;4;6;0;2;0;2
1255;10.07.2026;16:01;35;1795;5,8333;5,5;да;9,8056;3,1314;11;1;3;3;2;3;6;0;2;2;6
1256;10.07.2026;17:01;53;1777;8,8333;7,5;да;18,4722;4,2979;18;5;3;3;2;4;6;0;1;1;5
1257;10.07.2026;18:01;60;1770;10;8,5;да;35,3333;5,9442;19;1;2;4;2;3;6;0;1;3;4
1258;10.07.2026;19:01;47;1792;7,8333;7;да;28,4722;5,3359;17;2;3;3;5;1;6;0;0;0;4
1259;10.07.2026;20:01;58;1772;9,6667;9,5;да;31,5556;5,6174;17;2;4;2;3;3;6;0;0;2;4
1260;10.07.2026;21:01;62;1776;10,3333;9,5;да;21,8889;4,6786;17;3;2;4;3;3;6;0;2;0;4
1261;11.07.2026;12:01;86;1760;14,3333;15,5;да;14,2222;3,7712;20;9;4;2;0;6;6;0;2;3;1
1262;11.07.2026;13:01;81;1762;13,5;14,5;да;32,25;5,6789;20;2;3;3;4;2;6;0;0;1;1
1263;11.07.2026;14:01;71;1774;11,8333;13;да;19,4722;4,4127;17;4;1;5;2;4;6;0;2;2;3
1264;11.07.2026;15:01;80;1750;13,3333;15;да;31,5556;5,6174;20;4;6;0;0;6;6;0;0;2;2
1265;11.07.2026;16:01;89;1741;14,8333;15,5;да;21,1389;4,5977;20;6;3;3;2;4;6;0;2;1;1
1266;11.07.2026;17:01;71;1759;11,8333;12,5;да;27,8056;5,2731;19;2;3;3;3;3;6;0;2;0;2
1267;11.07.2026;18:01;65;1775;10,8333;10,5;да;27,4722;5,2414;20;2;5;1;2;4;6;0;2;0;2
1268;11.07.2026;19:01;87;1762;14,5;16,5;да;25,25;5,0249;19;5;1;5;5;1;6;0;0;1;2
1269;11.07.2026;20:01;83;1765;13,8333;15,5;да;30,1389;5,4899;18;2;5;1;1;5;6;0;1;1;1
1270;11.07.2026;21:01;66;1771;11;10,5;да;19,6667;4,4347;17;6;2;4;3;3;6;0;2;0;3
1271;12.07.2026;12:01;52;1778;8,6667;6,5;да;39,5556;6,2893;19;1;2;4;2;3;6;0;3;2;4
1272;12.07.2026;13:01;56;1786;9,3333;11;да;38,5556;6,2093;19;1;4;2;2;3;6;0;2;1;2
1273;12.07.2026;14:01;80;1768;13,3333;14,5;да;21,2222;4,6068;18;7;4;2;2;4;6;0;0;0;2
1274;12.07.2026;15:01;54;1785;9;9;нет;25,6667;5,0662;16;1;2;4;1;4;6;0;1;4;4
1275;12.07.2026;16:01;60;1770;10;10;да;40,6667;6,377;20;1;2;4;1;4;6;0;2;3;4
1276;12.07.2026;17:01;58;1780;9,6667;8;нет;18,8889;4,3461;19;6;4;2;2;4;6;0;2;0;4
1277;12.07.2026;18:01;58;1772;9,6667;10,5;да;23,2222;4,8189;16;1;2;4;2;3;6;0;1;3;3
1278;12.07.2026;19:01;68;1762;11,3333;11;да;32,2222;5,6765;20;3;2;4;3;3;6;0;1;2;3
1279;12.07.2026;20:01;36;1796;6;4,5;да;27;5,1962;16;1;4;2;3;2;6;0;1;2;5
1280;12.07.2026;21:01;75;1759;12,5;14;нет;44,25;6,6521;20;4;3;3;3;3;6;0;0;2;3
1281;13.07.2026;12:01;60;1770;10;9,5;да;23,3333;4,8305;17;4;2;4;3;3;6;0;1;1;4
1282;13.07.2026;13:01;66;1778;11;12,5;да;17,3333;4,1633;14;2;4;2;3;3;6;0;0;0;2
1283;13.07.2026;14:01;62;1768;10,3333;10,5;да;21,8889;4,6786;18;3;2;4;4;2;6;0;2;0;3
1284;13.07.2026;15:01;60;1770;10;10;да;18,6667;4,3205;16;3;2;4;3;3;6;0;1;2;4
1285;13.07.2026;16:01;76;1770;12,6667;14,5;да;25,2222;5,0222;18;3;4;2;2;4;6;0;2;2;1
1286;13.07.2026;17:01;59;1792;9,8333;10;да;1,1389;1,0672;11;8;3;3;2;4;6;0;2;1;4
1287;13.07.2026;18:01;59;1771;9,8333;9,5;да;25,8056;5,0799;19;3;3;3;3;3;6;0;2;0;4
1288;13.07.2026;19:01;71;1776;11,8333;11,5;да;17,8056;4,2197;17;6;3;3;3;3;6;0;2;0;2
1289;13.07.2026;20:01;37;1793;6,1667;5;да;24,8056;4,9805;16;1;5;1;1;4;6;0;2;3;5
1290;13.07.2026;21:01;53;1784;8,8333;8;да;6,1389;2,4777;13;6;1;5;4;2;6;0;1;1;5
1291;14.07.2026;12:01;63;1767;10,5;11;нет;32,9167;5,7373;19;2;3;3;3;3;6;0;2;0;2
1292;14.07.2026;13:01;75;1769;12,5;14;да;29,5833;5,4391;19;3;3;3;3;3;6;0;1;0;2
1293;14.07.2026;14:01;65;1765;10,8333;10,5;да;20,1389;4,4876;17;3;1;5;3;3;6;0;3;1;3
1294;14.07.2026;15:01;66;1764;11;12;да;26,6667;5,164;17;3;4;2;2;4;6;0;3;1;2
1295;14.07.2026;16:01;69;1761;11,5;11,5;да;30,9167;5,5603;20;3;3;3;3;3;6;0;1;1;3
1296;14.07.2026;17:01;46;1784;7,6667;6;да;27,5556;5,2493;16;2;4;2;3;3;6;0;1;2;4
1297;14.07.2026;18:01;67;1775;11,1667;12;да;34,4722;5,8713;19;1;3;3;2;3;6;0;1;2;2
1298;14.07.2026;19:01;58;1775;9,6667;11,5;нет;24,5556;4,9554;15;3;2;4;3;3;6;0;4;0;2
1299;14.07.2026;20:01;51;1782;8,5;9;да;19,9167;4,4628;14;3;1;5;5;1;6;0;2;0;4
1300;14.07.2026;21:01;42;1788;7;7;да;9,3333;3,055;11;2;4;2;3;3;6;0;2;0;5
1301;15.07.2026;12:01;66;1782;11;8,5;да;25,3333;5,0332;18;6;4;2;1;5;6;0;1;1;4
1302;15.07.2026;13:01;71;1779;11,8333;13;да;57,8056;7,603;20;1;3;3;1;4;6;0;1;3;3
1303;15.07.2026;14:01;57;1778;9,5;8;да;30,5833;5,5302;17;3;1;5;5;1;6;0;1;1;4
1304;15.07.2026;15:01;63;1780;10,5;12;да;31,25;5,5902;19;2;1;5;6;0;6;0;0;0;3
1305;15.07.2026;16:01;76;1754;12,6667;12;да;9,5556;3,0912;18;9;2;4;2;4;6;0;2;1;2
1306;15.07.2026;17:01;80;1750;13,3333;16,5;да;36,8889;6,0736;19;3;2;4;4;2;6;0;1;1;2
1307;15.07.2026;18:01;62;1768;10,3333;11,5;да;37,2222;6,101;19;2;2;4;4;2;6;0;2;0;3
1308;15.07.2026;19:01;57;1773;9,5;11;да;17,9167;4,2328;14;2;5;1;2;4;6;0;2;0;2
1309;15.07.2026;20:01;74;1756;12,3333;13;да;37,5556;6,1283;20;3;4;2;2;4;6;0;2;1;2
1310;15.07.2026;21:01;46;1788;7,6667;4,5;да;37,5556;6,1283;18;1;4;2;1;4;6;0;1;3;4
1311;16.07.2026;12:01;54;1793;9;7,5;нет;37;6,0828;17;2;2;4;4;2;6;0;2;1;4
1312;16.07.2026;13:01;53;1777;8,8333;8;да;42,1389;6,4914;19;1;1;5;3;2;6;0;2;2;4
1313;16.07.2026;14:01;56;1774;9,3333;8,5;да;24,2222;4,9216;17;3;2;4;4;2;6;0;2;0;3
1314;16.07.2026;15:01;49;1796;8,1667;7,5;да;15,1389;3,8909;16;3;3;3;3;3;6;0;1;1;5
1315;16.07.2026;16:01;67;1770;11,1667;9,5;да;21,1389;4,5977;20;7;3;3;2;4;6;0;1;1;3
1316;16.07.2026;17:01;67;1763;11,1667;11;да;54,1389;7,3579;20;2;5;1;2;4;6;0;1;2;3
1317;16.07.2026;18:01;77;1773;12,8333;14;да;41,1389;6,414;20;4;3;3;2;4;6;0;1;1;2
1318;16.07.2026;19:01;53;1777;8,8333;9,5;да;27,1389;5,2095;16;2;3;3;4;2;6;0;1;1;3
1319;16.07.2026;20:01;82;1748;13,6667;15;да;32,2222;5,6765;20;2;4;2;3;3;6;0;0;1;1
1320;16.07.2026;21:01;55;1778;9,1667;8;да;38,4722;6,2026;19;3;3;3;3;3;6;0;2;1;3
1321;17.07.2026;12:01;47;1783;7,8333;9;нет;24,4722;4,9469;15;1;3;3;2;3;6;0;3;1;4
1322;17.07.2026;13:01;58;1772;9,6667;9;да;22,5556;4,7493;17;4;2;4;4;2;6;0;0;1;4
1323;17.07.2026;14:01;52;1778;8,6667;7,5;да;29,2222;5,4058;18;2;4;2;3;3;6;0;0;1;4
1324;17.07.2026;15:01;42;1788;7;5,5;да;16,6667;4,0825;13;2;4;2;3;3;6;0;1;1;4
1325;17.07.2026;16:01;62;1768;10,3333;10,5;да;16,2222;4,0277;16;5;4;2;1;5;6;0;1;2;3
1326;17.07.2026;17:01;63;1786;10,5;8,5;да;41,5833;6,4485;19;2;3;3;4;2;6;0;2;0;3
1327;17.07.2026;18:01;77;1753;12,8333;14,5;да;40,4722;6,3618;20;3;3;3;3;3;6;0;2;1;2
1328;17.07.2026;19:01;65;1765;10,8333;10;да;36,1389;6,0116;19;3;1;5;4;2;6;0;1;1;4
1329;17.07.2026;20:01;62;1784;10,3333;10,5;да;24,8889;4,9889;16;3;4;2;2;4;6;0;2;2;3
1330;17.07.2026;21:01;72;1758;12;13,5;да;33,6667;5,8023;20;4;4;2;1;5;6;0;1;2;2
1331;18.07.2026;12:01;69;1761;11,5;10,5;да;28,9167;5,3774;19;5;3;3;3;3;6;0;2;0;3
1332;18.07.2026;13:01;50;1780;8,3333;7;да;22,2222;4,714;16;3;4;2;2;4;6;0;2;2;4
1333;18.07.2026;14:01;68;1782;11,3333;11,5;да;65,2222;8,076;20;2;4;2;3;3;6;0;1;0;3
1334;18.07.2026;15:01;63;1767;10,5;11,5;да;21,5833;4,6458;17;4;3;3;3;3;6;0;0;1;3
1335;18.07.2026;16:01;78;1765;13;13;да;9,6667;3,1091;18;8;2;4;3;3;6;0;1;0;2
1336;18.07.2026;17:01;61;1769;10,1667;10,5;да;32,4722;5,6984;17;1;3;3;2;3;6;0;2;2;3
1337;18.07.2026;18:01;87;1763;14,5;16;да;34,25;5,8523;20;4;3;3;3;3;6;0;0;1;2
1338;18.07.2026;19:01;73;1775;12,1667;13;да;32,4722;5,6984;18;4;3;3;2;4;6;0;0;2;3
1339;18.07.2026;20:01;43;1787;7,1667;7,5;да;22,4722;4,7405;15;1;3;3;2;3;6;0;3;1;4
1340;18.07.2026;21:01;65;1765;10,8333;12;да;30,1389;5,4899;18;2;5;1;1;5;6;0;3;0;2
1341;19.07.2026;12:01;45;1796;7,5;6;да;23,5833;4,8563;18;4;3;3;3;3;6;0;0;2;5
1342;19.07.2026;13:01;74;1756;12,3333;12,5;да;32,2222;5,6765;19;2;4;2;3;3;6;0;1;0;2
1343;19.07.2026;14:01;56;1774;9,3333;11;да;23,5556;4,8534;15;1;2;4;2;3;6;0;3;1;2
1344;19.07.2026;15:01;66;1764;11;9;да;42,6667;6,532;20;4;4;2;2;4;6;0;1;1;3
1345;19.07.2026;16:01;58;1772;9,6667;8,5;да;24,5556;4,9554;17;3;2;4;3;3;6;0;4;0;3
1346;19.07.2026;17:01;58;1772;9,6667;9,5;да;31,2222;5,5877;19;1;2;4;2;3;6;0;3;2;3
1347;19.07.2026;18:01;53;1777;8,8333;8,5;нет;32,4722;5,6984;16;2;3;3;3;3;6;0;2;1;3
1348;19.07.2026;19:01;55;1777;9,1667;10;да;31,1389;5,5802;16;2;3;3;3;3;6;0;1;2;4
1349;19.07.2026;20:01;96;1754;16;18;да;31;5,5678;20;4;4;2;2;4;6;0;0;2;1
1350;19.07.2026;21:01;74;1770;12,3333;14;нет;19,5556;4,4222;18;5;4;2;1;5;6;0;1;0;2
1351;20.07.2026;12:01;68;1762;11,3333;14;да;42,5556;6,5235;18;2;4;2;3;3;6;0;1;1;2
1352;20.07.2026;13:01;52;1783;8,6667;7;да;23,5556;4,8534;16;3;2;4;3;3;6;0;1;2;4
1353;20.07.2026;14:01;55;1777;9,1667;6;нет;57,4722;7,581;20;2;5;1;3;3;6;0;0;1;4
1354;20.07.2026;15:01;55;1776;9,1667;7;да;59,8056;7,7334;20;1;3;3;1;3;6;0;3;2;4
1355;20.07.2026;16:01;61;1769;10,1667;9,5;да;45,1389;6,7185;19;2;3;3;4;2;6;0;1;0;3
1356;20.07.2026;17:01;57;1773;9,5;9,5;да;31,5833;5,6199;18;1;3;3;2;3;6;0;1;1;4
1357;20.07.2026;18:01;76;1754;12,6667;14;да;25,8889;5,0881;19;5;0;6;5;1;6;0;1;0;2
1358;20.07.2026;19:01;77;1769;12,8333;14,5;да;25,1389;5,0139;19;4;3;3;2;4;6;0;0;4;2
1359;20.07.2026;20:01;54;1789;9;11;да;24,3333;4,9329;14;1;2;4;2;3;6;0;1;3;3
1360;20.07.2026;21:01;85;1775;14,1667;15;да;8,8056;2,9674;17;8;5;1;1;5;6;0;0;2;1
1361;21.07.2026;12:01;85;1760;14,1667;15;да;19,4722;4,4127;19;5;1;5;3;3;6;0;2;0;1
1362;21.07.2026;13:01;49;1781;8,1667;8,5;нет;7,8056;2,7939;12;3;3;3;2;4;6;0;2;1;4
1363;21.07.2026;14:01;51;1779;8,5;5,5;да;42,9167;6,5511;18;2;3;3;4;2;6;0;1;1;4
1364;21.07.2026;15:01;68;1762;11,3333;11;да;19,5556;4,4222;18;5;2;4;2;4;6;0;1;1;3
1365;21.07.2026;16:01;60;1772;10;9;да;49,3333;7,0238;20;2;6;0;2;4;6;0;1;0;3
1366;21.07.2026;17:01;64;1766;10,6667;11;да;16,5556;4,0689;16;4;4;2;1;5;6;0;0;3;3
1367;21.07.2026;18:01;63;1767;10,5;12;да;27,9167;5,2836;17;3;1;5;4;2;6;0;2;1;3
1368;21.07.2026;19:01;71;1775;11,8333;13,5;да;30,8056;5,5503;18;2;5;1;2;4;6;0;0;2;3
1369;21.07.2026;20:01;75;1772;12,5;13;да;15,5833;3,9476;17;7;3;3;3;3;6;0;0;0;2
1370;21.07.2026;21:01;54;1776;9;8;да;17,6667;4,2032;15;4;2;4;2;4;6;0;1;2;4
1371;22.07.2026;12:01;41;1794;6,8333;5;да;21,1389;4,5977;16;2;3;3;3;3;6;0;0;3;5
1372;22.07.2026;13:01;57;1773;9,5;9,5;да;24,25;4,9244;18;3;3;3;3;3;6;0;1;0;4
1373;22.07.2026;14:01;72;1758;12;13;да;30,6667;5,5378;19;2;2;4;3;3;6;0;1;2;3
1374;22.07.2026;15:01;80;1767;13,3333;14,5;да;17,5556;4,1899;17;5;2;4;4;2;6;0;0;1;1
1375;22.07.2026;16:01;87;1743;14,5;14,5;да;19,5833;4,4253;20;8;3;3;3;3;6;0;0;0;2
1376;22.07.2026;17:01;34;1807;5,6667;5,5;да;8,5556;2,925;11;1;2;4;3;2;6;0;3;1;6
1377;22.07.2026;18:01;70;1760;11,6667;13;да;35,5556;5,9629;20;3;4;2;2;4;6;0;1;1;2
1378;22.07.2026;19:01;60;1770;10;9;да;24,3333;4,9329;20;5;4;2;2;4;6;0;2;0;4
1379;22.07.2026;20:01;57;1773;9,5;8,5;да;35,5833;5,9652;20;1;3;3;2;3;6;0;3;1;3
1380;22.07.2026;21:01;64;1766;10,6667;11;да;28,2222;5,3125;19;3;2;4;3;3;6;0;2;1;3
1381;23.07.2026;12:01;49;1788;8,1667;7;да;32,1389;5,6691;17;1;1;5;4;1;6;0;2;1;4
1382;23.07.2026;13:01;80;1750;13,3333;14;нет;31,8889;5,647;20;4;4;2;1;5;6;0;0;3;2
1383;23.07.2026;14:01;60;1780;10;9;да;23;4,7958;20;5;4;2;2;4;6;0;2;0;3
1384;23.07.2026;15:01;65;1765;10,8333;10,5;да;38,4722;6,2026;19;2;3;3;4;2;6;0;1;0;3
1385;23.07.2026;16:01;56;1774;9,3333;8;да;42,2222;6,4979;19;2;2;4;5;1;6;0;1;1;4
1386;23.07.2026;17:01;69;1769;11,5;10;да;13,5833;3,6856;17;8;3;3;2;4;6;0;0;2;4
1387;23.07.2026;18:01;72;1758;12;13,5;да;39,3333;6,2716;20;3;2;4;4;2;6;0;1;1;3
1388;23.07.2026;19:01;38;1792;6,3333;5,5;да;15,5556;3,9441;14;2;4;2;3;3;6;0;2;0;5
1389;23.07.2026;20:01;58;1772;9,6667;10,5;да;28,8889;5,3748;16;2;4;2;2;4;6;0;1;2;3
1390;23.07.2026;21:01;62;1768;10,3333;11,5;да;32,2222;5,6765;18;2;4;2;2;4;6;0;1;1;3
1391;24.07.2026;12:01;58;1773;9,6667;11;да;45,2222;6,7247;19;1;2;4;1;3;6;0;4;2;2
1392;24.07.2026;13:01;69;1770;11,5;9,5;да;16,25;4,0311;18;7;3;3;1;5;6;0;1;3;3
1393;24.07.2026;14:01;59;1771;9,8333;10;да;45,8056;6,768;18;1;3;3;2;3;6;0;3;1;3
1394;24.07.2026;15:01;53;1777;8,8333;7,5;да;29,8056;5,4595;17;2;3;3;3;3;6;0;1;1;4
1395;24.07.2026;16:01;83;1747;13,8333;15,5;да;26,4722;5,1451;20;4;3;3;2;4;6;0;1;2;2
1396;24.07.2026;17:01;58;1772;9,6667;10,5;да;20,8889;4,5704;16;1;4;2;1;4;6;0;2;2;3
1397;24.07.2026;18:01;66;1773;11;9,5;да;18,3333;4,2817;18;5;2;4;1;5;6;0;2;2;3
1398;24.07.2026;19:01;95;1768;15,8333;15,5;да;3,1389;1,7717;18;13;3;3;1;5;6;0;2;1;0
1399;24.07.2026;20:01;71;1759;11,8333;9,5;нет;31,8056;5,6396;20;5;3;3;2;4;6;0;1;1;3
1400;24.07.2026;21:01;45;1785;7,5;7,5;да;24,9167;4,9917;14;1;3;3;2;3;6;0;2;2;4
1401;25.07.2026;12:01;55;1788;9,1667;11,5;да;28,1389;5,3046;15;1;1;5;3;2;6;0;4;1;2
1402;25.07.2026;13:01;59;1771;9,8333;10;нет;32,4722;5,6984;20;2;3;3;3;3;6;0;0;1;4
1403;25.07.2026;14:01;57;1773;9,5;9;да;36,25;6,0208;20;1;3;3;2;3;6;0;2;1;3
1404;25.07.2026;15:01;56;1779;9,3333;9,5;да;12,8889;3,5901;14;5;2;4;4;2;6;0;0;0;4
1405;25.07.2026;16:01;60;1781;10;10;да;28;5,2915;20;3;2;4;3;3;6;0;2;1;5
1406;25.07.2026;17:01;70;1760;11,6667;14;нет;46,5556;6,8232;19;1;2;4;2;3;6;0;2;2;2
1407;25.07.2026;18:01;69;1768;11,5;11;да;42,9167;6,5511;20;2;3;3;3;3;6;0;1;0;3
1408;25.07.2026;19:01;88;1758;14,6667;16;да;21,8889;4,6786;20;7;4;2;2;4;6;0;1;2;1
1409;25.07.2026;20:01;74;1761;12,3333;13,5;да;31,8889;5,647;20;5;2;4;4;2;6;0;0;0;2
1410;25.07.2026;21:01;55;1784;9,1667;9;нет;10,4722;3,2361;15;4;3;3;0;6;6;0;2;3;4
1411;26.07.2026;12:01;49;1781;8,1667;9;да;16,1389;4,0173;13;2;5;1;2;4;6;0;1;1;3
1412;26.07.2026;13:01;49;1796;8,1667;7,5;да;11,1389;3,3375;15;4;3;3;2;4;6;0;1;1;5
1413;26.07.2026;14:01;54;1776;9;9;да;16,3333;4,0414;15;3;2;4;3;3;6;0;3;0;4
1414;26.07.2026;15:01;50;1780;8,3333;7,5;да;29,8889;5,4671;17;2;2;4;5;1;6;0;2;0;3
1415;26.07.2026;16:01;67;1769;11,1667;10;да;37,4722;6,1215;20;4;5;1;1;5;6;0;2;1;3
1416;26.07.2026;17:01;60;1770;10;9;да;34,3333;5,8595;18;2;4;2;3;3;6;0;1;0;3
1417;26.07.2026;18:01;63;1767;10,5;10,5;нет;34,25;5,8523;19;3;3;3;2;4;6;0;1;3;3
1418;26.07.2026;19:01;99;1748;16,5;17;да;7,5833;2,7538;20;11;3;3;3;3;6;0;0;1;1
1419;26.07.2026;20:01;49;1781;8,1667;6,5;нет;22,4722;4,7405;15;3;3;3;2;4;6;0;2;1;4
1420;26.07.2026;21:01;69;1761;11,5;12;да;25,5833;5,058;20;5;3;3;3;3;6;0;1;0;3
1421;27.07.2026;12:01;63;1767;10,5;10;да;36,9167;6,0759;20;2;3;3;3;3;6;0;2;0;3
1422;27.07.2026;13:01;43;1788;7,1667;4;да;48,4722;6,9622;19;1;3;3;2;2;6;0;3;2;4
1423;27.07.2026;14:01;52;1781;8,6667;9;нет;21,8889;4,6786;15;3;0;6;5;1;6;0;3;0;4
1424;27.07.2026;15:01;72;1758;12;11,5;да;21,3333;4,6188;19;5;2;4;3;3;6;0;1;2;2
1425;27.07.2026;16:01;71;1759;11,8333;12,5;да;33,8056;5,8143;19;3;3;3;3;3;6;0;2;0;2
1426;27.07.2026;17:01;39;1791;6,5;6,5;да;14,9167;3,8622;12;1;3;3;2;3;6;0;3;1;4
1427;27.07.2026;18:01;50;1783;8,3333;5,5;да;35,2222;5,9348;17;3;2;4;4;2;6;0;2;2;4
1428;27.07.2026;19:01;51;1787;8,5;8;да;35,5833;5,9652;17;1;3;3;2;3;6;0;2;1;4
1429;27.07.2026;20:01;48;1796;8;8,5;да;33;5,7446;14;1;4;2;2;3;6;0;1;2;3
1430;27.07.2026;21:01;48;1785;8;4,5;да;49,3333;7,0238;20;1;2;4;2;3;6;0;5;1;4
1431;28.07.2026;12:01;56;1775;9,3333;10;да;49,5556;7,0396;19;1;2;4;1;3;6;0;4;2;3
1432;28.07.2026;13:01;73;1757;12,1667;14;да;30,1389;5,4899;19;3;1;5;4;2;6;0;2;1;2
1433;28.07.2026;14:01;48;1792;8;9;да;20,3333;4,5092;15;1;4;2;0;5;6;0;4;2;3
1434;28.07.2026;15:01;75;1772;12,5;14;да;19,9167;4,4628;17;6;1;5;4;2;6;0;2;0;2
1435;28.07.2026;16:01;45;1785;7,5;8;нет;25,5833;5,058;14;1;3;3;3;2;6;0;1;1;4
1436;28.07.2026;17:01;73;1776;12,1667;14;да;44,8056;6,6937;19;3;1;5;5;1;6;0;1;1;3
1437;28.07.2026;18:01;61;1769;10,1667;11;да;34,4722;5,8713;19;1;3;3;2;3;6;0;2;1;2
1438;28.07.2026;19:01;64;1779;10,6667;12,5;да;14,8889;3,8586;15;4;2;4;3;3;6;0;1;1;2
1439;28.07.2026;20:01;90;1740;15;15;да;9,3333;3,055;20;11;4;2;2;4;6;0;0;1;1
1440;28.07.2026;21:01;69;1761;11,5;12,5;да;38,9167;6,2383;19;2;3;3;3;3;6;0;1;2;3
1441;29.07.2026;12:01;75;1755;12,5;14;да;32,9167;5,7373;20;4;3;3;2;4;6;0;2;1;2
1442;29.07.2026;13:01;43;1792;7,1667;5;да;30,4722;5,5202;18;1;3;3;2;3;6;0;2;2;4
1443;29.07.2026;14:01;43;1787;7,1667;6;да;24,1389;4,9131;15;1;1;5;3;2;6;0;3;1;4
1444;29.07.2026;15:01;75;1755;12,5;13,5;да;42,9167;6,5511;20;1;3;3;1;4;6;0;2;2;2
1445;29.07.2026;16:01;65;1765;10,8333;10,5;да;13,4722;3,6704;17;5;1;5;4;2;6;0;1;1;3
1446;29.07.2026;17:01;30;1806;5;5;да;5,3333;2,3094;9;2;4;2;2;4;6;0;3;2;6
1447;29.07.2026;18:01;60;1770;10;12,5;да;34,6667;5,8878;16;1;2;4;2;3;6;0;3;2;3
1448;29.07.2026;19:01;59;1771;9,8333;8,5;да;34,1389;5,8429;20;2;5;1;2;4;6;0;2;0;3
1449;29.07.2026;20:01;54;1780;9;6;да;40,6667;6,377;20;3;4;2;1;5;6;0;2;2;4
1450;29.07.2026;21:01;55;1775;9,1667;9;да;43,8056;6,6186;17;1;3;3;2;3;6;0;2;3;3
1451;30.07.2026;12:01;65;1765;10,8333;10,5;да;21,8056;4,6696;19;4;3;3;2;4;6;0;0;2;3
1452;30.07.2026;13:01;61;1769;10,1667;9,5;да;21,1389;4,5977;19;5;3;3;2;4;6;0;2;1;3
1453;30.07.2026;14:01;57;1776;9,5;7;да;46,9167;6,8496;20;3;3;3;3;3;6;0;3;1;3
1454;30.07.2026;15:01;68;1762;11,3333;10,5;да;31,8889;5,647;20;5;4;2;2;4;6;0;1;1;3
1455;30.07.2026;16:01;68;1772;11,3333;12;да;19,2222;4,3843;16;3;4;2;1;5;6;0;4;1;1
1456;30.07.2026;17:01;76;1763;12,6667;11,5;да;30,2222;5,4975;20;5;2;4;2;4;6;0;0;2;3
1457;30.07.2026;18:01;48;1782;8;7,5;нет;21;4,5826;16;2;4;2;3;3;6;0;0;2;5
1458;30.07.2026;19:01;55;1775;9,1667;8,5;да;27,8056;5,2731;17;2;3;3;4;2;6;0;1;0;4
1459;30.07.2026;20:01;69;1761;11,5;12,5;да;14,9167;3,8622;16;5;3;3;2;4;6;0;1;1;2
1460;30.07.2026;21:01;56;1786;9,3333;10,5;да;30,5556;5,5277;18;2;4;2;2;4;6;0;1;1;3
1461;31.07.2026;12:01;33;1797;5,5;4,5;да;14,25;3,7749;11;1;3;3;3;2;6;0;2;2;5
1462;31.07.2026;13:01;82;1748;13,6667;15,5;да;29,2222;5,4058;19;3;2;4;3;3;6;0;2;1;2
1463;31.07.2026;14:01;72;1770;12;12;да;38,3333;6,1914;20;1;4;2;0;5;6;0;1;2;2
1464;31.07.2026;15:01;50;1780;8,3333;8,5;да;9,8889;3,1447;13;4;2;4;3;3;6;0;0;2;5
1465;31.07.2026;16:01;66;1764;11;10,5;да;12,6667;3,559;16;6;4;2;1;5;6;0;3;1;3
1466;31.07.2026;17:01;51;1779;8,5;8;да;16,25;4,0311;16;3;3;3;2;4;6;0;3;2;4
1467;31.07.2026;18:01;85;1745;14,1667;14,5;да;25,1389;5,0139;20;5;3;3;3;3;6;0;0;1;1
1468;31.07.2026;19:01;79;1765;13,1667;14;да;20,8056;4,5613;18;4;5;1;1;5;6;0;0;1;1
1469;31.07.2026;20:01;75;1755;12,5;13,5;да;10,9167;3,304;16;6;3;3;2;4;6;0;2;1;2
1470;31.07.2026;21:01;67;1763;11,1667;11,5;да;23,1389;4,8103;17;3;3;3;3;3;6;0;2;1;2
1471;01.08.2026;12:01;87;1763;14,5;15,5;да;32,9167;5,7373;20;3;3;3;2;4;6;0;2;1;1
1472;01.08.2026;13:01;41;1790;6,8333;6;нет;31,8056;5,6396;17;1;3;3;1;3;6;0;3;3;4
1473;01.08.2026;14:01;71;1759;11,8333;11,5;нет;27,8056;5,2731;20;5;3;3;2;4;6;0;0;2;3
1474;01.08.2026;15:01;69;1761;11,5;10,5;да;31,5833;5,6199;19;4;3;3;3;3;6;0;0;1;3
1475;01.08.2026;16:01;65;1765;10,8333;12;да;25,1389;5,0139;18;3;3;3;3;3;6;0;2;0;3
1476;01.08.2026;17:01;57;1777;9,5;8;да;37,25;6,1033;18;3;5;1;1;5;6;0;1;3;3
