День месяца;День недели;№ Шара;Кол-во выпадений;Шанс (%);Тип
1;понедельник;1;4;0,0952;Частое
1;понедельник;11;4;0,0952;Частое
1;понедельник;12;3;0,0714;Частое
1;понедельник;13;3;0,0714;Частое
1;понедельник;17;3;0,0714;Частое
1;понедельник;20;3;0,0714;Частое
1;понедельник;15;3;0,0714;Частое
1;понедельник;19;3;0,0714;Частое
1;понедельник;5;2;0,0476;Частое
1;понедельник;10;2;0,0476;Частое
1;понедельник;5;2;0,0476;Редкое
1;понедельник;10;2;0,0476;Редкое
1;понедельник;18;2;0,0476;Редкое
1;понедельник;6;2;0,0476;Редкое
1;понедельник;16;2;0,0476;Редкое
1;понедельник;8;2;0,0476;Редкое
1;понедельник;4;1;0,0238;Редкое
1;понедельник;7;1;0,0238;Редкое
1;понедельник;9;1;0,0238;Редкое
1;понедельник;14;1;0,0238;Редкое
1;среда;5;2;0,1667;Частое
1;среда;17;2;0,1667;Частое
1;среда;1;1;0,0833;Частое
1;среда;3;1;0,0833;Частое
1;среда;16;1;0,0833;Частое
1;среда;4;1;0,0833;Частое
1;среда;12;1;0,0833;Частое
1;среда;14;1;0,0833;Частое
1;среда;10;1;0,0833;Частое
1;среда;13;1;0,0833;Частое
1;среда;5;2;0,1667;Редкое
1;среда;17;2;0,1667;Редкое
1;среда;1;1;0,0833;Редкое
1;среда;3;1;0,0833;Редкое
1;среда;16;1;0,0833;Редкое
1;среда;4;1;0,0833;Редкое
1;среда;12;1;0,0833;Редкое
1;среда;14;1;0,0833;Редкое
1;среда;10;1;0,0833;Редкое
1;среда;13;1;0,0833;Редкое
1;четверг;6;2;0,1667;Частое
1;четверг;11;2;0,1667;Частое
1;четверг;15;2;0,1667;Частое
1;четверг;8;1;0,0833;Частое
1;четверг;18;1;0,0833;Частое
1;четверг;7;1;0,0833;Частое
1;четверг;14;1;0,0833;Частое
1;четверг;4;1;0,0833;Частое
1;четверг;10;1;0,0833;Частое
1;четверг;6;2;0,1667;Редкое
1;четверг;11;2;0,1667;Редкое
1;четверг;15;2;0,1667;Редкое
1;четверг;8;1;0,0833;Редкое
1;четверг;18;1;0,0833;Редкое
1;четверг;7;1;0,0833;Редкое
1;четверг;14;1;0,0833;Редкое
1;четверг;4;1;0,0833;Редкое
1;четверг;10;1;0,0833;Редкое
1;пятница;8;2;0,1667;Частое
1;пятница;19;2;0,1667;Частое
1;пятница;1;1;0,0833;Частое
1;пятница;17;1;0,0833;Частое
1;пятница;3;1;0,0833;Частое
1;пятница;11;1;0,0833;Частое
1;пятница;13;1;0,0833;Частое
1;пятница;9;1;0,0833;Частое
1;пятница;7;1;0,0833;Частое
1;пятница;20;1;0,0833;Частое
1;пятница;8;2;0,1667;Редкое
1;пятница;19;2;0,1667;Редкое
1;пятница;1;1;0,0833;Редкое
1;пятница;17;1;0,0833;Редкое
1;пятница;3;1;0,0833;Редкое
1;пятница;11;1;0,0833;Редкое
1;пятница;13;1;0,0833;Редкое
1;пятница;9;1;0,0833;Редкое
1;пятница;7;1;0,0833;Редкое
1;пятница;20;1;0,0833;Редкое
1;суббота;5;2;0,1667;Частое
1;суббота;12;2;0,1667;Частое
1;суббота;15;2;0,1667;Частое
1;суббота;11;2;0,1667;Частое
1;суббота;7;1;0,0833;Частое
1;суббота;6;1;0,0833;Частое
1;суббота;8;1;0,0833;Частое
1;суббота;10;1;0,0833;Частое
1;суббота;5;2;0,1667;Редкое
1;суббота;12;2;0,1667;Редкое
1;суббота;15;2;0,1667;Редкое
1;суббота;11;2;0,1667;Редкое
1;суббота;7;1;0,0833;Редкое
1;суббота;6;1;0,0833;Редкое
1;суббота;8;1;0,0833;Редкое
1;суббота;10;1;0,0833;Редкое
1;воскресенье;12;3;0,125;Частое
1;воскресенье;16;3;0,125;Частое
1;воскресенье;4;3;0,125;Частое
1;воскресенье;13;3;0,125;Частое
1;воскресенье;14;2;0,0833;Частое
1;воскресенье;8;2;0,0833;Частое
1;воскресенье;11;2;0,0833;Частое
1;воскресенье;18;1;0,0417;Частое
1;воскресенье;15;1;0,0417;Частое
1;воскресенье;1;1;0,0417;Частое
1;воскресенье;13;3;0,125;Редкое
1;воскресенье;14;2;0,0833;Редкое
1;воскресенье;8;2;0,0833;Редкое
1;воскресенье;11;2;0,0833;Редкое
1;воскресенье;18;1;0,0417;Редкое
1;воскресенье;15;1;0,0417;Редкое
1;воскресенье;1;1;0,0417;Редкое
1;воскресенье;2;1;0,0417;Редкое
1;воскресенье;19;1;0,0417;Редкое
1;воскресенье;10;1;0,0417;Редкое
2;понедельник;8;3;0,125;Частое
2;понедельник;18;3;0,125;Частое
2;понедельник;4;3;0,125;Частое
2;понедельник;12;2;0,0833;Частое
2;понедельник;5;2;0,0833;Частое
2;понедельник;14;2;0,0833;Частое
2;понедельник;3;2;0,0833;Частое
2;понедельник;1;2;0,0833;Частое
2;понедельник;11;1;0,0417;Частое
2;понедельник;6;1;0,0417;Частое
2;понедельник;12;2;0,0833;Редкое
2;понедельник;5;2;0,0833;Редкое
2;понедельник;14;2;0,0833;Редкое
2;понедельник;3;2;0,0833;Редкое
2;понедельник;1;2;0,0833;Редкое
2;понедельник;11;1;0,0417;Редкое
2;понедельник;6;1;0,0417;Редкое
2;понедельник;17;1;0,0417;Редкое
2;понедельник;9;1;0,0417;Редкое
2;понедельник;20;1;0,0417;Редкое
2;вторник;19;5;0,119;Частое
2;вторник;15;4;0,0952;Частое
2;вторник;1;4;0,0952;Частое
2;вторник;17;4;0,0952;Частое
2;вторник;16;3;0,0714;Частое
2;вторник;5;3;0,0714;Частое
2;вторник;14;3;0,0714;Частое
2;вторник;4;2;0,0476;Частое
2;вторник;11;2;0,0476;Частое
2;вторник;8;2;0,0476;Частое
2;вторник;11;2;0,0476;Редкое
2;вторник;8;2;0,0476;Редкое
2;вторник;12;2;0,0476;Редкое
2;вторник;6;2;0,0476;Редкое
2;вторник;7;1;0,0238;Редкое
2;вторник;13;1;0,0238;Редкое
2;вторник;2;1;0,0238;Редкое
2;вторник;3;1;0,0238;Редкое
2;вторник;10;1;0,0238;Редкое
2;вторник;18;1;0,0238;Редкое
2;четверг;18;2;0,1667;Частое
2;четверг;9;2;0,1667;Частое
2;четверг;8;1;0,0833;Частое
2;четверг;16;1;0,0833;Частое
2;четверг;4;1;0,0833;Частое
2;четверг;19;1;0,0833;Частое
2;четверг;5;1;0,0833;Частое
2;четверг;7;1;0,0833;Частое
2;четверг;6;1;0,0833;Частое
2;четверг;14;1;0,0833;Частое
2;четверг;18;2;0,1667;Редкое
2;четверг;9;2;0,1667;Редкое
2;четверг;8;1;0,0833;Редкое
2;четверг;16;1;0,0833;Редкое
2;четверг;4;1;0,0833;Редкое
2;четверг;19;1;0,0833;Редкое
2;четверг;5;1;0,0833;Редкое
2;четверг;7;1;0,0833;Редкое
2;четверг;6;1;0,0833;Редкое
2;четверг;14;1;0,0833;Редкое
2;пятница;15;2;0,1667;Частое
2;пятница;2;1;0,0833;Частое
2;пятница;4;1;0,0833;Частое
2;пятница;12;1;0,0833;Частое
2;пятница;16;1;0,0833;Частое
2;пятница;10;1;0,0833;Частое
2;пятница;11;1;0,0833;Частое
2;пятница;19;1;0,0833;Частое
2;пятница;3;1;0,0833;Частое
2;пятница;7;1;0,0833;Частое
2;пятница;2;1;0,0833;Редкое
2;пятница;4;1;0,0833;Редкое
2;пятница;12;1;0,0833;Редкое
2;пятница;16;1;0,0833;Редкое
2;пятница;10;1;0,0833;Редкое
2;пятница;11;1;0,0833;Редкое
2;пятница;19;1;0,0833;Редкое
2;пятница;3;1;0,0833;Редкое
2;пятница;7;1;0,0833;Редкое
2;пятница;13;1;0,0833;Редкое
2;суббота;17;2;0,1667;Частое
2;суббота;15;2;0,1667;Частое
2;суббота;5;1;0,0833;Частое
2;суббота;12;1;0,0833;Частое
2;суббота;1;1;0,0833;Частое
2;суббота;7;1;0,0833;Частое
2;суббота;10;1;0,0833;Частое
2;суббота;20;1;0,0833;Частое
2;суббота;2;1;0,0833;Частое
2;суббота;16;1;0,0833;Частое
2;суббота;17;2;0,1667;Редкое
2;суббота;15;2;0,1667;Редкое
2;суббота;5;1;0,0833;Редкое
2;суббота;12;1;0,0833;Редкое
2;суббота;1;1;0,0833;Редкое
2;суббота;7;1;0,0833;Редкое
2;суббота;10;1;0,0833;Редкое
2;суббота;20;1;0,0833;Редкое
2;суббота;2;1;0,0833;Редкое
2;суббота;16;1;0,0833;Редкое
2;воскресенье;3;2;0,1667;Частое
2;воскресенье;17;2;0,1667;Частое
2;воскресенье;2;2;0,1667;Частое
2;воскресенье;6;1;0,0833;Частое
2;воскресенье;13;1;0,0833;Частое
2;воскресенье;7;1;0,0833;Частое
2;воскресенье;14;1;0,0833;Частое
2;воскресенье;16;1;0,0833;Частое
2;воскресенье;8;1;0,0833;Частое
2;воскресенье;3;2;0,1667;Редкое
2;воскресенье;17;2;0,1667;Редкое
2;воскресенье;2;2;0,1667;Редкое
2;воскресенье;6;1;0,0833;Редкое
2;воскресенье;13;1;0,0833;Редкое
2;воскресенье;7;1;0,0833;Редкое
2;воскресенье;14;1;0,0833;Редкое
2;воскресенье;16;1;0,0833;Редкое
2;воскресенье;8;1;0,0833;Редкое
3;понедельник;4;2;0,1667;Частое
3;понедельник;14;1;0,0833;Частое
3;понедельник;17;1;0,0833;Частое
3;понедельник;2;1;0,0833;Частое
3;понедельник;8;1;0,0833;Частое
3;понедельник;7;1;0,0833;Частое
3;понедельник;11;1;0,0833;Частое
3;понедельник;15;1;0,0833;Частое
3;понедельник;1;1;0,0833;Частое
3;понедельник;10;1;0,0833;Частое
3;понедельник;14;1;0,0833;Редкое
3;понедельник;17;1;0,0833;Редкое
3;понедельник;2;1;0,0833;Редкое
3;понедельник;8;1;0,0833;Редкое
3;понедельник;7;1;0,0833;Редкое
3;понедельник;11;1;0,0833;Редкое
3;понедельник;15;1;0,0833;Редкое
3;понедельник;1;1;0,0833;Редкое
3;понедельник;10;1;0,0833;Редкое
3;понедельник;18;1;0,0833;Редкое
3;вторник;2;4;0,1667;Частое
3;вторник;13;3;0,125;Частое
3;вторник;7;2;0,0833;Частое
3;вторник;20;2;0,0833;Частое
3;вторник;17;2;0,0833;Частое
3;вторник;16;2;0,0833;Частое
3;вторник;1;2;0,0833;Частое
3;вторник;6;2;0,0833;Частое
3;вторник;18;1;0,0417;Частое
3;вторник;15;1;0,0417;Частое
3;вторник;20;2;0,0833;Редкое
3;вторник;17;2;0,0833;Редкое
3;вторник;16;2;0,0833;Редкое
3;вторник;1;2;0,0833;Редкое
3;вторник;6;2;0,0833;Редкое
3;вторник;18;1;0,0417;Редкое
3;вторник;15;1;0,0417;Редкое
3;вторник;11;1;0,0417;Редкое
3;вторник;9;1;0,0417;Редкое
3;вторник;14;1;0,0417;Редкое
3;среда;6;4;0,0952;Частое
3;среда;8;4;0,0952;Частое
3;среда;18;4;0,0952;Частое
3;среда;7;3;0,0714;Частое
3;среда;16;3;0,0714;Частое
3;среда;2;3;0,0714;Частое
3;среда;1;3;0,0714;Частое
3;среда;9;2;0,0476;Частое
3;среда;11;2;0,0476;Частое
3;среда;14;2;0,0476;Частое
3;среда;9;2;0,0476;Редкое
3;среда;11;2;0,0476;Редкое
3;среда;14;2;0,0476;Редкое
3;среда;3;2;0,0476;Редкое
3;среда;15;2;0,0476;Редкое
3;среда;19;2;0,0476;Редкое
3;среда;4;2;0,0476;Редкое
3;среда;17;2;0,0476;Редкое
3;среда;13;1;0,0238;Редкое
3;среда;12;1;0,0238;Редкое
3;пятница;8;4;0,3333;Частое
3;пятница;2;2;0,1667;Частое
3;пятница;16;2;0,1667;Частое
3;пятница;18;2;0,1667;Частое
3;пятница;6;1;0,0833;Частое
3;пятница;15;1;0,0833;Частое
3;пятница;8;4;0,3333;Редкое
3;пятница;2;2;0,1667;Редкое
3;пятница;16;2;0,1667;Редкое
3;пятница;18;2;0,1667;Редкое
3;пятница;6;1;0,0833;Редкое
3;пятница;15;1;0,0833;Редкое
3;суббота;17;3;0,25;Частое
3;суббота;16;2;0,1667;Частое
3;суббота;1;1;0,0833;Частое
3;суббота;6;1;0,0833;Частое
3;суббота;18;1;0,0833;Частое
3;суббота;9;1;0,0833;Частое
3;суббота;15;1;0,0833;Частое
3;суббота;20;1;0,0833;Частое
3;суббота;19;1;0,0833;Частое
3;суббота;17;3;0,25;Редкое
3;суббота;16;2;0,1667;Редкое
3;суббота;1;1;0,0833;Редкое
3;суббота;6;1;0,0833;Редкое
3;суббота;18;1;0,0833;Редкое
3;суббота;9;1;0,0833;Редкое
3;суббота;15;1;0,0833;Редкое
3;суббота;20;1;0,0833;Редкое
3;суббота;19;1;0,0833;Редкое
3;воскресенье;13;2;0,1667;Частое
3;воскресенье;9;1;0,0833;Частое
3;воскресенье;12;1;0,0833;Частое
3;воскресенье;16;1;0,0833;Частое
3;воскресенье;7;1;0,0833;Частое
3;воскресенье;10;1;0,0833;Частое
3;воскресенье;15;1;0,0833;Частое
3;воскресенье;3;1;0,0833;Частое
3;воскресенье;20;1;0,0833;Частое
3;воскресенье;2;1;0,0833;Частое
3;воскресенье;9;1;0,0833;Редкое
3;воскресенье;12;1;0,0833;Редкое
3;воскресенье;16;1;0,0833;Редкое
3;воскресенье;7;1;0,0833;Редкое
3;воскресенье;10;1;0,0833;Редкое
3;воскресенье;15;1;0,0833;Редкое
3;воскресенье;3;1;0,0833;Редкое
3;воскресенье;20;1;0,0833;Редкое
3;воскресенье;2;1;0,0833;Редкое
3;воскресенье;18;1;0,0833;Редкое
4;понедельник;19;2;0,1667;Частое
4;понедельник;2;1;0,0833;Частое
4;понедельник;5;1;0,0833;Частое
4;понедельник;11;1;0,0833;Частое
4;понедельник;15;1;0,0833;Частое
4;понедельник;17;1;0,0833;Частое
4;понедельник;12;1;0,0833;Частое
4;понедельник;16;1;0,0833;Частое
4;понедельник;18;1;0,0833;Частое
4;понедельник;6;1;0,0833;Частое
4;понедельник;2;1;0,0833;Редкое
4;понедельник;5;1;0,0833;Редкое
4;понедельник;11;1;0,0833;Редкое
4;понедельник;15;1;0,0833;Редкое
4;понедельник;17;1;0,0833;Редкое
4;понедельник;12;1;0,0833;Редкое
4;понедельник;16;1;0,0833;Редкое
4;понедельник;18;1;0,0833;Редкое
4;понедельник;6;1;0,0833;Редкое
4;понедельник;9;1;0,0833;Редкое
4;вторник;6;2;0,1667;Частое
4;вторник;18;2;0,1667;Частое
4;вторник;2;1;0,0833;Частое
4;вторник;8;1;0,0833;Частое
4;вторник;14;1;0,0833;Частое
4;вторник;16;1;0,0833;Частое
4;вторник;5;1;0,0833;Частое
4;вторник;17;1;0,0833;Частое
4;вторник;1;1;0,0833;Частое
4;вторник;11;1;0,0833;Частое
4;вторник;6;2;0,1667;Редкое
4;вторник;18;2;0,1667;Редкое
4;вторник;2;1;0,0833;Редкое
4;вторник;8;1;0,0833;Редкое
4;вторник;14;1;0,0833;Редкое
4;вторник;16;1;0,0833;Редкое
4;вторник;5;1;0,0833;Редкое
4;вторник;17;1;0,0833;Редкое
4;вторник;1;1;0,0833;Редкое
4;вторник;11;1;0,0833;Редкое
4;среда;15;3;0,125;Частое
4;среда;7;2;0,0833;Частое
4;среда;20;2;0,0833;Частое
4;среда;2;2;0,0833;Частое
4;среда;8;2;0,0833;Частое
4;среда;14;2;0,0833;Частое
4;среда;6;2;0,0833;Частое
4;среда;1;2;0,0833;Частое
4;среда;18;2;0,0833;Частое
4;среда;11;1;0,0417;Частое
4;среда;8;2;0,0833;Редкое
4;среда;14;2;0,0833;Редкое
4;среда;6;2;0,0833;Редкое
4;среда;1;2;0,0833;Редкое
4;среда;18;2;0,0833;Редкое
4;среда;11;1;0,0417;Редкое
4;среда;4;1;0,0417;Редкое
4;среда;19;1;0,0417;Редкое
4;среда;5;1;0,0417;Редкое
4;среда;9;1;0,0417;Редкое
4;четверг;17;5;0,119;Частое
4;четверг;2;4;0,0952;Частое
4;четверг;10;4;0,0952;Частое
4;четверг;11;4;0,0952;Частое
4;четверг;12;4;0,0952;Частое
4;четверг;14;3;0,0714;Частое
4;четверг;5;3;0,0714;Частое
4;четверг;4;2;0,0476;Частое
4;четверг;9;2;0,0476;Частое
4;четверг;8;2;0,0476;Частое
4;четверг;8;2;0,0476;Редкое
4;четверг;13;1;0,0238;Редкое
4;четверг;19;1;0,0238;Редкое
4;четверг;15;1;0,0238;Редкое
4;четверг;6;1;0,0238;Редкое
4;четверг;18;1;0,0238;Редкое
4;четверг;3;1;0,0238;Редкое
4;четверг;7;1;0,0238;Редкое
4;четверг;20;1;0,0238;Редкое
4;четверг;1;1;0,0238;Редкое
4;суббота;6;2;0,1667;Частое
4;суббота;12;2;0,1667;Частое
4;суббота;10;1;0,0833;Частое
4;суббота;16;1;0,0833;Частое
4;суббота;3;1;0,0833;Частое
4;суббота;7;1;0,0833;Частое
4;суббота;18;1;0,0833;Частое
4;суббота;2;1;0,0833;Частое
4;суббота;5;1;0,0833;Частое
4;суббота;13;1;0,0833;Частое
4;суббота;6;2;0,1667;Редкое
4;суббота;12;2;0,1667;Редкое
4;суббота;10;1;0,0833;Редкое
4;суббота;16;1;0,0833;Редкое
4;суббота;3;1;0,0833;Редкое
4;суббота;7;1;0,0833;Редкое
4;суббота;18;1;0,0833;Редкое
4;суббота;2;1;0,0833;Редкое
4;суббота;5;1;0,0833;Редкое
4;суббота;13;1;0,0833;Редкое
4;воскресенье;2;2;0,1667;Частое
4;воскресенье;9;1;0,0833;Частое
4;воскресенье;10;1;0,0833;Частое
4;воскресенье;5;1;0,0833;Частое
4;воскресенье;17;1;0,0833;Частое
4;воскресенье;3;1;0,0833;Частое
4;воскресенье;11;1;0,0833;Частое
4;воскресенье;12;1;0,0833;Частое
4;воскресенье;4;1;0,0833;Частое
4;воскресенье;6;1;0,0833;Частое
4;воскресенье;9;1;0,0833;Редкое
4;воскресенье;10;1;0,0833;Редкое
4;воскресенье;5;1;0,0833;Редкое
4;воскресенье;17;1;0,0833;Редкое
4;воскресенье;3;1;0,0833;Редкое
4;воскресенье;11;1;0,0833;Редкое
4;воскресенье;12;1;0,0833;Редкое
4;воскресенье;4;1;0,0833;Редкое
4;воскресенье;6;1;0,0833;Редкое
4;воскресенье;16;1;0,0833;Редкое
5;понедельник;8;2;0,1667;Частое
5;понедельник;12;2;0,1667;Частое
5;понедельник;11;2;0,1667;Частое
5;понедельник;14;1;0,0833;Частое
5;понедельник;2;1;0,0833;Частое
5;понедельник;18;1;0,0833;Частое
5;понедельник;5;1;0,0833;Частое
5;понедельник;15;1;0,0833;Частое
5;понедельник;3;1;0,0833;Частое
5;понедельник;8;2;0,1667;Редкое
5;понедельник;12;2;0,1667;Редкое
5;понедельник;11;2;0,1667;Редкое
5;понедельник;14;1;0,0833;Редкое
5;понедельник;2;1;0,0833;Редкое
5;понедельник;18;1;0,0833;Редкое
5;понедельник;5;1;0,0833;Редкое
5;понедельник;15;1;0,0833;Редкое
5;понедельник;3;1;0,0833;Редкое
5;вторник;16;2;0,1667;Частое
5;вторник;15;2;0,1667;Частое
5;вторник;19;2;0,1667;Частое
5;вторник;13;1;0,0833;Частое
5;вторник;18;1;0,0833;Частое
5;вторник;7;1;0,0833;Частое
5;вторник;10;1;0,0833;Частое
5;вторник;5;1;0,0833;Частое
5;вторник;6;1;0,0833;Частое
5;вторник;16;2;0,1667;Редкое
5;вторник;15;2;0,1667;Редкое
5;вторник;19;2;0,1667;Редкое
5;вторник;13;1;0,0833;Редкое
5;вторник;18;1;0,0833;Редкое
5;вторник;7;1;0,0833;Редкое
5;вторник;10;1;0,0833;Редкое
5;вторник;5;1;0,0833;Редкое
5;вторник;6;1;0,0833;Редкое
5;среда;4;2;0,1667;Частое
5;среда;10;2;0,1667;Частое
5;среда;16;2;0,1667;Частое
5;среда;2;1;0,0833;Частое
5;среда;3;1;0,0833;Частое
5;среда;17;1;0,0833;Частое
5;среда;18;1;0,0833;Частое
5;среда;6;1;0,0833;Частое
5;среда;11;1;0,0833;Частое
5;среда;4;2;0,1667;Редкое
5;среда;10;2;0,1667;Редкое
5;среда;16;2;0,1667;Редкое
5;среда;2;1;0,0833;Редкое
5;среда;3;1;0,0833;Редкое
5;среда;17;1;0,0833;Редкое
5;среда;18;1;0,0833;Редкое
5;среда;6;1;0,0833;Редкое
5;среда;11;1;0,0833;Редкое
5;четверг;16;6;0,25;Частое
5;четверг;9;2;0,0833;Частое
5;четверг;4;2;0,0833;Частое
5;четверг;8;2;0,0833;Частое
5;четверг;12;1;0,0417;Частое
5;четверг;10;1;0,0417;Частое
5;четверг;19;1;0,0417;Частое
5;четверг;1;1;0,0417;Частое
5;четверг;14;1;0,0417;Частое
5;четверг;7;1;0,0417;Частое
5;четверг;19;1;0,0417;Редкое
5;четверг;1;1;0,0417;Редкое
5;четверг;14;1;0,0417;Редкое
5;четверг;7;1;0,0417;Редкое
5;четверг;13;1;0,0417;Редкое
5;четверг;20;1;0,0417;Редкое
5;четверг;11;1;0,0417;Редкое
5;четверг;17;1;0,0417;Редкое
5;четверг;2;1;0,0417;Редкое
5;четверг;6;1;0,0417;Редкое
5;пятница;8;6;0,1429;Частое
5;пятница;18;5;0,119;Частое
5;пятница;12;4;0,0952;Частое
5;пятница;1;3;0,0714;Частое
5;пятница;2;3;0,0714;Частое
5;пятница;4;3;0,0714;Частое
5;пятница;19;2;0,0476;Частое
5;пятница;5;2;0,0476;Частое
5;пятница;10;2;0,0476;Частое
5;пятница;20;2;0,0476;Частое
5;пятница;5;2;0,0476;Редкое
5;пятница;10;2;0,0476;Редкое
5;пятница;20;2;0,0476;Редкое
5;пятница;3;2;0,0476;Редкое
5;пятница;14;2;0,0476;Редкое
5;пятница;16;2;0,0476;Редкое
5;пятница;7;1;0,0238;Редкое
5;пятница;15;1;0,0238;Редкое
5;пятница;6;1;0,0238;Редкое
5;пятница;11;1;0,0238;Редкое
5;воскресенье;5;2;0,1667;Частое
5;воскресенье;14;2;0,1667;Частое
5;воскресенье;20;2;0,1667;Частое
5;воскресенье;8;1;0,0833;Частое
5;воскресенье;13;1;0,0833;Частое
5;воскресенье;7;1;0,0833;Частое
5;воскресенье;4;1;0,0833;Частое
5;воскресенье;17;1;0,0833;Частое
5;воскресенье;12;1;0,0833;Частое
5;воскресенье;5;2;0,1667;Редкое
5;воскресенье;14;2;0,1667;Редкое
5;воскресенье;20;2;0,1667;Редкое
5;воскресенье;8;1;0,0833;Редкое
5;воскресенье;13;1;0,0833;Редкое
5;воскресенье;7;1;0,0833;Редкое
5;воскресенье;4;1;0,0833;Редкое
5;воскресенье;17;1;0,0833;Редкое
5;воскресенье;12;1;0,0833;Редкое
6;понедельник;7;3;0,25;Частое
6;понедельник;3;1;0,0833;Частое
6;понедельник;18;1;0,0833;Частое
6;понедельник;4;1;0,0833;Частое
6;понедельник;12;1;0,0833;Частое
6;понедельник;1;1;0,0833;Частое
6;понедельник;11;1;0,0833;Частое
6;понедельник;15;1;0,0833;Частое
6;понедельник;8;1;0,0833;Частое
6;понедельник;20;1;0,0833;Частое
6;понедельник;7;3;0,25;Редкое
6;понедельник;3;1;0,0833;Редкое
6;понедельник;18;1;0,0833;Редкое
6;понедельник;4;1;0,0833;Редкое
6;понедельник;12;1;0,0833;Редкое
6;понедельник;1;1;0,0833;Редкое
6;понедельник;11;1;0,0833;Редкое
6;понедельник;15;1;0,0833;Редкое
6;понедельник;8;1;0,0833;Редкое
6;понедельник;20;1;0,0833;Редкое
6;вторник;8;2;0,1667;Частое
6;вторник;14;2;0,1667;Частое
6;вторник;2;2;0,1667;Частое
6;вторник;5;1;0,0833;Частое
6;вторник;6;1;0,0833;Частое
6;вторник;13;1;0,0833;Частое
6;вторник;16;1;0,0833;Частое
6;вторник;18;1;0,0833;Частое
6;вторник;3;1;0,0833;Частое
6;вторник;8;2;0,1667;Редкое
6;вторник;14;2;0,1667;Редкое
6;вторник;2;2;0,1667;Редкое
6;вторник;5;1;0,0833;Редкое
6;вторник;6;1;0,0833;Редкое
6;вторник;13;1;0,0833;Редкое
6;вторник;16;1;0,0833;Редкое
6;вторник;18;1;0,0833;Редкое
6;вторник;3;1;0,0833;Редкое
6;среда;7;3;0,25;Частое
6;среда;2;2;0,1667;Частое
6;среда;1;1;0,0833;Частое
6;среда;20;1;0,0833;Частое
6;среда;5;1;0,0833;Частое
6;среда;14;1;0,0833;Частое
6;среда;19;1;0,0833;Частое
6;среда;8;1;0,0833;Частое
6;среда;10;1;0,0833;Частое
6;среда;7;3;0,25;Редкое
6;среда;2;2;0,1667;Редкое
6;среда;1;1;0,0833;Редкое
6;среда;20;1;0,0833;Редкое
6;среда;5;1;0,0833;Редкое
6;среда;14;1;0,0833;Редкое
6;среда;19;1;0,0833;Редкое
6;среда;8;1;0,0833;Редкое
6;среда;10;1;0,0833;Редкое
6;четверг;18;3;0,25;Частое
6;четверг;1;2;0,1667;Частое
6;четверг;19;2;0,1667;Частое
6;четверг;16;1;0,0833;Частое
6;четверг;3;1;0,0833;Частое
6;четверг;10;1;0,0833;Частое
6;четверг;6;1;0,0833;Частое
6;четверг;13;1;0,0833;Частое
6;четверг;18;3;0,25;Редкое
6;четверг;1;2;0,1667;Редкое
6;четверг;19;2;0,1667;Редкое
6;четверг;16;1;0,0833;Редкое
6;четверг;3;1;0,0833;Редкое
6;четверг;10;1;0,0833;Редкое
6;четверг;6;1;0,0833;Редкое
6;четверг;13;1;0,0833;Редкое
6;пятница;9;3;0,125;Частое
6;пятница;1;2;0,0833;Частое
6;пятница;7;2;0,0833;Частое
6;пятница;12;2;0,0833;Частое
6;пятница;2;2;0,0833;Частое
6;пятница;6;2;0,0833;Частое
6;пятница;15;2;0,0833;Частое
6;пятница;3;2;0,0833;Частое
6;пятница;4;1;0,0417;Частое
6;пятница;17;1;0,0417;Частое
6;пятница;6;2;0,0833;Редкое
6;пятница;15;2;0,0833;Редкое
6;пятница;3;2;0,0833;Редкое
6;пятница;4;1;0,0417;Редкое
6;пятница;17;1;0,0417;Редкое
6;пятница;13;1;0,0417;Редкое
6;пятница;8;1;0,0417;Редкое
6;пятница;16;1;0,0417;Редкое
6;пятница;18;1;0,0417;Редкое
6;пятница;5;1;0,0417;Редкое
6;суббота;6;4;0,0952;Частое
6;суббота;17;4;0,0952;Частое
6;суббота;7;4;0,0952;Частое
6;суббота;5;4;0,0952;Частое
6;суббота;4;3;0,0714;Частое
6;суббота;16;3;0,0714;Частое
6;суббота;1;3;0,0714;Частое
6;суббота;18;2;0,0476;Частое
6;суббота;11;2;0,0476;Частое
6;суббота;10;2;0,0476;Частое
6;суббота;11;2;0,0476;Редкое
6;суббота;10;2;0,0476;Редкое
6;суббота;15;2;0,0476;Редкое
6;суббота;3;2;0,0476;Редкое
6;суббота;9;2;0,0476;Редкое
6;суббота;2;1;0,0238;Редкое
6;суббота;13;1;0,0238;Редкое
6;суббота;14;1;0,0238;Редкое
6;суббота;20;1;0,0238;Редкое
6;суббота;19;1;0,0238;Редкое
7;вторник;4;2;0,1667;Частое
7;вторник;12;2;0,1667;Частое
7;вторник;17;2;0,1667;Частое
7;вторник;15;2;0,1667;Частое
7;вторник;18;1;0,0833;Частое
7;вторник;8;1;0,0833;Частое
7;вторник;11;1;0,0833;Частое
7;вторник;20;1;0,0833;Частое
7;вторник;4;2;0,1667;Редкое
7;вторник;12;2;0,1667;Редкое
7;вторник;17;2;0,1667;Редкое
7;вторник;15;2;0,1667;Редкое
7;вторник;18;1;0,0833;Редкое
7;вторник;8;1;0,0833;Редкое
7;вторник;11;1;0,0833;Редкое
7;вторник;20;1;0,0833;Редкое
7;среда;4;2;0,1667;Частое
7;среда;7;2;0,1667;Частое
7;среда;10;1;0,0833;Частое
7;среда;17;1;0,0833;Частое
7;среда;18;1;0,0833;Частое
7;среда;13;1;0,0833;Частое
7;среда;8;1;0,0833;Частое
7;среда;14;1;0,0833;Частое
7;среда;5;1;0,0833;Частое
7;среда;15;1;0,0833;Частое
7;среда;4;2;0,1667;Редкое
7;среда;7;2;0,1667;Редкое
7;среда;10;1;0,0833;Редкое
7;среда;17;1;0,0833;Редкое
7;среда;18;1;0,0833;Редкое
7;среда;13;1;0,0833;Редкое
7;среда;8;1;0,0833;Редкое
7;среда;14;1;0,0833;Редкое
7;среда;5;1;0,0833;Редкое
7;среда;15;1;0,0833;Редкое
7;четверг;7;2;0,1667;Частое
7;четверг;6;1;0,0833;Частое
7;четверг;11;1;0,0833;Частое
7;четверг;1;1;0,0833;Частое
7;четверг;5;1;0,0833;Частое
7;четверг;12;1;0,0833;Частое
7;четверг;10;1;0,0833;Частое
7;четверг;18;1;0,0833;Частое
7;четверг;19;1;0,0833;Частое
7;четверг;16;1;0,0833;Частое
7;четверг;6;1;0,0833;Редкое
7;четверг;11;1;0,0833;Редкое
7;четверг;1;1;0,0833;Редкое
7;четверг;5;1;0,0833;Редкое
7;четверг;12;1;0,0833;Редкое
7;четверг;10;1;0,0833;Редкое
7;четверг;18;1;0,0833;Редкое
7;четверг;19;1;0,0833;Редкое
7;четверг;16;1;0,0833;Редкое
7;четверг;17;1;0,0833;Редкое
7;пятница;11;2;0,1667;Частое
7;пятница;7;1;0,0833;Частое
7;пятница;9;1;0,0833;Частое
7;пятница;18;1;0,0833;Частое
7;пятница;8;1;0,0833;Частое
7;пятница;20;1;0,0833;Частое
7;пятница;2;1;0,0833;Частое
7;пятница;5;1;0,0833;Частое
7;пятница;16;1;0,0833;Частое
7;пятница;13;1;0,0833;Частое
7;пятница;7;1;0,0833;Редкое
7;пятница;9;1;0,0833;Редкое
7;пятница;18;1;0,0833;Редкое
7;пятница;8;1;0,0833;Редкое
7;пятница;20;1;0,0833;Редкое
7;пятница;2;1;0,0833;Редкое
7;пятница;5;1;0,0833;Редкое
7;пятница;16;1;0,0833;Редкое
7;пятница;13;1;0,0833;Редкое
7;пятница;19;1;0,0833;Редкое
7;суббота;8;3;0,125;Частое
7;суббота;9;2;0,0833;Частое
7;суббота;3;2;0,0833;Частое
7;суббота;13;2;0,0833;Частое
7;суббота;12;2;0,0833;Частое
7;суббота;14;2;0,0833;Частое
7;суббота;11;1;0,0417;Частое
7;суббота;16;1;0,0417;Частое
7;суббота;1;1;0,0417;Частое
7;суббота;6;1;0,0417;Частое
7;суббота;16;1;0,0417;Редкое
7;суббота;1;1;0,0417;Редкое
7;суббота;6;1;0,0417;Редкое
7;суббота;7;1;0,0417;Редкое
7;суббота;4;1;0,0417;Редкое
7;суббота;19;1;0,0417;Редкое
7;суббота;2;1;0,0417;Редкое
7;суббота;17;1;0,0417;Редкое
7;суббота;20;1;0,0417;Редкое
7;суббота;15;1;0,0417;Редкое
7;воскресенье;18;6;0,1429;Частое
7;воскресенье;8;4;0,0952;Частое
7;воскресенье;11;4;0,0952;Частое
7;воскресенье;15;3;0,0714;Частое
7;воскресенье;17;3;0,0714;Частое
7;воскресенье;10;3;0,0714;Частое
7;воскресенье;5;3;0,0714;Частое
7;воскресенье;7;2;0,0476;Частое
7;воскресенье;16;2;0,0476;Частое
7;воскресенье;19;2;0,0476;Частое
7;воскресенье;16;2;0,0476;Редкое
7;воскресенье;19;2;0,0476;Редкое
7;воскресенье;9;2;0,0476;Редкое
7;воскресенье;14;2;0,0476;Редкое
7;воскресенье;4;1;0,0238;Редкое
7;воскресенье;12;1;0,0238;Редкое
7;воскресенье;13;1;0,0238;Редкое
7;воскресенье;6;1;0,0238;Редкое
7;воскресенье;2;1;0,0238;Редкое
7;воскресенье;3;1;0,0238;Редкое
8;понедельник;16;4;0,0952;Частое
8;понедельник;13;4;0,0952;Частое
8;понедельник;12;3;0,0714;Частое
8;понедельник;18;3;0,0714;Частое
8;понедельник;1;3;0,0714;Частое
8;понедельник;20;3;0,0714;Частое
8;понедельник;5;3;0,0714;Частое
8;понедельник;11;3;0,0714;Частое
8;понедельник;3;2;0,0476;Частое
8;понедельник;17;2;0,0476;Частое
8;понедельник;9;2;0,0476;Редкое
8;понедельник;8;2;0,0476;Редкое
8;понедельник;15;1;0,0238;Редкое
8;понедельник;10;1;0,0238;Редкое
8;понедельник;6;1;0,0238;Редкое
8;понедельник;19;1;0,0238;Редкое
8;понедельник;7;1;0,0238;Редкое
8;понедельник;2;1;0,0238;Редкое
8;понедельник;4;1;0,0238;Редкое
8;понедельник;14;1;0,0238;Редкое
8;среда;5;2;0,1667;Частое
8;среда;20;2;0,1667;Частое
8;среда;3;2;0,1667;Частое
8;среда;16;1;0,0833;Частое
8;среда;2;1;0,0833;Частое
8;среда;13;1;0,0833;Частое
8;среда;1;1;0,0833;Частое
8;среда;7;1;0,0833;Частое
8;среда;9;1;0,0833;Частое
8;среда;5;2;0,1667;Редкое
8;среда;20;2;0,1667;Редкое
8;среда;3;2;0,1667;Редкое
8;среда;16;1;0,0833;Редкое
8;среда;2;1;0,0833;Редкое
8;среда;13;1;0,0833;Редкое
8;среда;1;1;0,0833;Редкое
8;среда;7;1;0,0833;Редкое
8;среда;9;1;0,0833;Редкое
8;четверг;1;2;0,1667;Частое
8;четверг;12;2;0,1667;Частое
8;четверг;10;2;0,1667;Частое
8;четверг;8;1;0,0833;Частое
8;четверг;18;1;0,0833;Частое
8;четверг;9;1;0,0833;Частое
8;четверг;19;1;0,0833;Частое
8;четверг;2;1;0,0833;Частое
8;четверг;7;1;0,0833;Частое
8;четверг;1;2;0,1667;Редкое
8;четверг;12;2;0,1667;Редкое
8;четверг;10;2;0,1667;Редкое
8;четверг;8;1;0,0833;Редкое
8;четверг;18;1;0,0833;Редкое
8;четверг;9;1;0,0833;Редкое
8;четверг;19;1;0,0833;Редкое
8;четверг;2;1;0,0833;Редкое
8;четверг;7;1;0,0833;Редкое
8;пятница;14;2;0,1667;Частое
8;пятница;15;2;0,1667;Частое
8;пятница;13;2;0,1667;Частое
8;пятница;12;1;0,0833;Частое
8;пятница;4;1;0,0833;Частое
8;пятница;16;1;0,0833;Частое
8;пятница;2;1;0,0833;Частое
8;пятница;3;1;0,0833;Частое
8;пятница;20;1;0,0833;Частое
8;пятница;14;2;0,1667;Редкое
8;пятница;15;2;0,1667;Редкое
8;пятница;13;2;0,1667;Редкое
8;пятница;12;1;0,0833;Редкое
8;пятница;4;1;0,0833;Редкое
8;пятница;16;1;0,0833;Редкое
8;пятница;2;1;0,0833;Редкое
8;пятница;3;1;0,0833;Редкое
8;пятница;20;1;0,0833;Редкое
8;суббота;1;3;0,25;Частое
8;суббота;20;2;0,1667;Частое
8;суббота;17;1;0,0833;Частое
8;суббота;18;1;0,0833;Частое
8;суббота;10;1;0,0833;Частое
8;суббота;15;1;0,0833;Частое
8;суббота;12;1;0,0833;Частое
8;суббота;4;1;0,0833;Частое
8;суббота;8;1;0,0833;Частое
8;суббота;1;3;0,25;Редкое
8;суббота;20;2;0,1667;Редкое
8;суббота;17;1;0,0833;Редкое
8;суббота;18;1;0,0833;Редкое
8;суббота;10;1;0,0833;Редкое
8;суббота;15;1;0,0833;Редкое
8;суббота;12;1;0,0833;Редкое
8;суббота;4;1;0,0833;Редкое
8;суббота;8;1;0,0833;Редкое
8;воскресенье;5;4;0,1667;Частое
8;воскресенье;18;3;0,125;Частое
8;воскресенье;19;2;0,0833;Частое
8;воскресенье;14;2;0,0833;Частое
8;воскресенье;17;2;0,0833;Частое
8;воскресенье;2;2;0,0833;Частое
8;воскресенье;16;2;0,0833;Частое
8;воскресенье;3;1;0,0417;Частое
8;воскресенье;20;1;0,0417;Частое
8;воскресенье;9;1;0,0417;Частое
8;воскресенье;17;2;0,0833;Редкое
8;воскресенье;2;2;0,0833;Редкое
8;воскресенье;16;2;0,0833;Редкое
8;воскресенье;3;1;0,0417;Редкое
8;воскресенье;20;1;0,0417;Редкое
8;воскресенье;9;1;0,0417;Редкое
8;воскресенье;12;1;0,0417;Редкое
8;воскресенье;1;1;0,0417;Редкое
8;воскресенье;6;1;0,0417;Редкое
8;воскресенье;8;1;0,0417;Редкое
9;понедельник;8;4;0,1667;Частое
9;понедельник;20;3;0,125;Частое
9;понедельник;13;2;0,0833;Частое
9;понедельник;2;2;0,0833;Частое
9;понедельник;9;2;0,0833;Частое
9;понедельник;17;2;0,0833;Частое
9;понедельник;14;2;0,0833;Частое
9;понедельник;3;1;0,0417;Частое
9;понедельник;18;1;0,0417;Частое
9;понедельник;12;1;0,0417;Частое
9;понедельник;9;2;0,0833;Редкое
9;понедельник;17;2;0,0833;Редкое
9;понедельник;14;2;0,0833;Редкое
9;понедельник;3;1;0,0417;Редкое
9;понедельник;18;1;0,0417;Редкое
9;понедельник;12;1;0,0417;Редкое
9;понедельник;15;1;0,0417;Редкое
9;понедельник;1;1;0,0417;Редкое
9;понедельник;4;1;0,0417;Редкое
9;понедельник;11;1;0,0417;Редкое
9;вторник;2;5;0,119;Частое
9;вторник;9;4;0,0952;Частое
9;вторник;18;4;0,0952;Частое
9;вторник;13;3;0,0714;Частое
9;вторник;16;3;0,0714;Частое
9;вторник;3;3;0,0714;Частое
9;вторник;10;2;0,0476;Частое
9;вторник;6;2;0,0476;Частое
9;вторник;15;2;0,0476;Частое
9;вторник;7;2;0,0476;Частое
9;вторник;15;2;0,0476;Редкое
9;вторник;7;2;0,0476;Редкое
9;вторник;11;2;0,0476;Редкое
9;вторник;8;2;0,0476;Редкое
9;вторник;14;2;0,0476;Редкое
9;вторник;20;2;0,0476;Редкое
9;вторник;4;1;0,0238;Редкое
9;вторник;17;1;0,0238;Редкое
9;вторник;19;1;0,0238;Редкое
9;вторник;1;1;0,0238;Редкое
9;четверг;1;2;0,1667;Частое
9;четверг;12;2;0,1667;Частое
9;четверг;15;2;0,1667;Частое
9;четверг;2;1;0,0833;Частое
9;четверг;18;1;0,0833;Частое
9;четверг;14;1;0,0833;Частое
9;четверг;17;1;0,0833;Частое
9;четверг;5;1;0,0833;Частое
9;четверг;16;1;0,0833;Частое
9;четверг;1;2;0,1667;Редкое
9;четверг;12;2;0,1667;Редкое
9;четверг;15;2;0,1667;Редкое
9;четверг;2;1;0,0833;Редкое
9;четверг;18;1;0,0833;Редкое
9;четверг;14;1;0,0833;Редкое
9;четверг;17;1;0,0833;Редкое
9;четверг;5;1;0,0833;Редкое
9;четверг;16;1;0,0833;Редкое
9;пятница;6;2;0,1667;Частое
9;пятница;4;2;0,1667;Частое
9;пятница;14;2;0,1667;Частое
9;пятница;5;1;0,0833;Частое
9;пятница;8;1;0,0833;Частое
9;пятница;10;1;0,0833;Частое
9;пятница;19;1;0,0833;Частое
9;пятница;18;1;0,0833;Частое
9;пятница;20;1;0,0833;Частое
9;пятница;6;2;0,1667;Редкое
9;пятница;4;2;0,1667;Редкое
9;пятница;14;2;0,1667;Редкое
9;пятница;5;1;0,0833;Редкое
9;пятница;8;1;0,0833;Редкое
9;пятница;10;1;0,0833;Редкое
9;пятница;19;1;0,0833;Редкое
9;пятница;18;1;0,0833;Редкое
9;пятница;20;1;0,0833;Редкое
9;суббота;14;3;0,25;Частое
9;суббота;7;2;0,1667;Частое
9;суббота;1;1;0,0833;Частое
9;суббота;13;1;0,0833;Частое
9;суббота;5;1;0,0833;Частое
9;суббота;6;1;0,0833;Частое
9;суббота;10;1;0,0833;Частое
9;суббота;3;1;0,0833;Частое
9;суббота;11;1;0,0833;Частое
9;суббота;14;3;0,25;Редкое
9;суббота;7;2;0,1667;Редкое
9;суббота;1;1;0,0833;Редкое
9;суббота;13;1;0,0833;Редкое
9;суббота;5;1;0,0833;Редкое
9;суббота;6;1;0,0833;Редкое
9;суббота;10;1;0,0833;Редкое
9;суббота;3;1;0,0833;Редкое
9;суббота;11;1;0,0833;Редкое
9;воскресенье;15;3;0,25;Частое
9;воскресенье;11;2;0,1667;Частое
9;воскресенье;10;1;0,0833;Частое
9;воскресенье;20;1;0,0833;Частое
9;воскресенье;1;1;0,0833;Частое
9;воскресенье;2;1;0,0833;Частое
9;воскресенье;13;1;0,0833;Частое
9;воскресенье;12;1;0,0833;Частое
9;воскресенье;17;1;0,0833;Частое
9;воскресенье;15;3;0,25;Редкое
9;воскресенье;11;2;0,1667;Редкое
9;воскресенье;10;1;0,0833;Редкое
9;воскресенье;20;1;0,0833;Редкое
9;воскресенье;1;1;0,0833;Редкое
9;воскресенье;2;1;0,0833;Редкое
9;воскресенье;13;1;0,0833;Редкое
9;воскресенье;12;1;0,0833;Редкое
9;воскресенье;17;1;0,0833;Редкое
10;понедельник;5;2;0,1667;Частое
10;понедельник;14;2;0,1667;Частое
10;понедельник;19;2;0,1667;Частое
10;понедельник;2;1;0,0833;Частое
10;понедельник;12;1;0,0833;Частое
10;понедельник;10;1;0,0833;Частое
10;понедельник;7;1;0,0833;Частое
10;понедельник;1;1;0,0833;Частое
10;понедельник;17;1;0,0833;Частое
10;понедельник;5;2;0,1667;Редкое
10;понедельник;14;2;0,1667;Редкое
10;понедельник;19;2;0,1667;Редкое
10;понедельник;2;1;0,0833;Редкое
10;понедельник;12;1;0,0833;Редкое
10;понедельник;10;1;0,0833;Редкое
10;понедельник;7;1;0,0833;Редкое
10;понедельник;1;1;0,0833;Редкое
10;понедельник;17;1;0,0833;Редкое
10;вторник;3;3;0,125;Частое
10;вторник;14;3;0,125;Частое
10;вторник;13;2;0,0833;Частое
10;вторник;16;2;0,0833;Частое
10;вторник;9;2;0,0833;Частое
10;вторник;12;2;0,0833;Частое
10;вторник;4;1;0,0417;Частое
10;вторник;11;1;0,0417;Частое
10;вторник;20;1;0,0417;Частое
10;вторник;1;1;0,0417;Частое
10;вторник;4;1;0,0417;Редкое
10;вторник;11;1;0,0417;Редкое
10;вторник;20;1;0,0417;Редкое
10;вторник;1;1;0,0417;Редкое
10;вторник;15;1;0,0417;Редкое
10;вторник;7;1;0,0417;Редкое
10;вторник;19;1;0,0417;Редкое
10;вторник;10;1;0,0417;Редкое
10;вторник;2;1;0,0417;Редкое
10;вторник;8;1;0,0417;Редкое
10;среда;20;6;0,1429;Частое
10;среда;19;5;0,119;Частое
10;среда;4;3;0,0714;Частое
10;среда;8;3;0,0714;Частое
10;среда;15;3;0,0714;Частое
10;среда;1;3;0,0714;Частое
10;среда;18;3;0,0714;Частое
10;среда;7;3;0,0714;Частое
10;среда;6;2;0,0476;Частое
10;среда;5;2;0,0476;Частое
10;среда;5;2;0,0476;Редкое
10;среда;14;1;0,0238;Редкое
10;среда;17;1;0,0238;Редкое
10;среда;11;1;0,0238;Редкое
10;среда;16;1;0,0238;Редкое
10;среда;2;1;0,0238;Редкое
10;среда;10;1;0,0238;Редкое
10;среда;12;1;0,0238;Редкое
10;среда;13;1;0,0238;Редкое
10;среда;3;1;0,0238;Редкое
10;пятница;16;2;0,1667;Частое
10;пятница;2;1;0,0833;Частое
10;пятница;3;1;0,0833;Частое
10;пятница;15;1;0,0833;Частое
10;пятница;14;1;0,0833;Частое
10;пятница;18;1;0,0833;Частое
10;пятница;1;1;0,0833;Частое
10;пятница;7;1;0,0833;Частое
10;пятница;20;1;0,0833;Частое
10;пятница;6;1;0,0833;Частое
10;пятница;2;1;0,0833;Редкое
10;пятница;3;1;0,0833;Редкое
10;пятница;15;1;0,0833;Редкое
10;пятница;14;1;0,0833;Редкое
10;пятница;18;1;0,0833;Редкое
10;пятница;1;1;0,0833;Редкое
10;пятница;7;1;0,0833;Редкое
10;пятница;20;1;0,0833;Редкое
10;пятница;6;1;0,0833;Редкое
10;пятница;19;1;0,0833;Редкое
10;суббота;8;3;0,25;Частое
10;суббота;17;2;0,1667;Частое
10;суббота;13;2;0,1667;Частое
10;суббота;19;1;0,0833;Частое
10;суббота;11;1;0,0833;Частое
10;суббота;18;1;0,0833;Частое
10;суббота;7;1;0,0833;Частое
10;суббота;16;1;0,0833;Частое
10;суббота;8;3;0,25;Редкое
10;суббота;17;2;0,1667;Редкое
10;суббота;13;2;0,1667;Редкое
10;суббота;19;1;0,0833;Редкое
10;суббота;11;1;0,0833;Редкое
10;суббота;18;1;0,0833;Редкое
10;суббота;7;1;0,0833;Редкое
10;суббота;16;1;0,0833;Редкое
10;воскресенье;15;3;0,25;Частое
10;воскресенье;8;2;0,1667;Частое
10;воскресенье;10;2;0,1667;Частое
10;воскресенье;14;1;0,0833;Частое
10;воскресенье;6;1;0,0833;Частое
10;воскресенье;1;1;0,0833;Частое
10;воскресенье;4;1;0,0833;Частое
10;воскресенье;19;1;0,0833;Частое
10;воскресенье;15;3;0,25;Редкое
10;воскресенье;8;2;0,1667;Редкое
10;воскресенье;10;2;0,1667;Редкое
10;воскресенье;14;1;0,0833;Редкое
10;воскресенье;6;1;0,0833;Редкое
10;воскресенье;1;1;0,0833;Редкое
10;воскресенье;4;1;0,0833;Редкое
10;воскресенье;19;1;0,0833;Редкое
11;понедельник;11;3;0,25;Частое
11;понедельник;14;2;0,1667;Частое
11;понедельник;10;2;0,1667;Частое
11;понедельник;2;1;0,0833;Частое
11;понедельник;7;1;0,0833;Частое
11;понедельник;19;1;0,0833;Частое
11;понедельник;3;1;0,0833;Частое
11;понедельник;17;1;0,0833;Частое
11;понедельник;11;3;0,25;Редкое
11;понедельник;14;2;0,1667;Редкое
11;понедельник;10;2;0,1667;Редкое
11;понедельник;2;1;0,0833;Редкое
11;понедельник;7;1;0,0833;Редкое
11;понедельник;19;1;0,0833;Редкое
11;понедельник;3;1;0,0833;Редкое
11;понедельник;17;1;0,0833;Редкое
11;вторник;11;2;0,1667;Частое
11;вторник;15;2;0,1667;Частое
11;вторник;20;2;0,1667;Частое
11;вторник;17;2;0,1667;Частое
11;вторник;18;1;0,0833;Частое
11;вторник;2;1;0,0833;Частое
11;вторник;19;1;0,0833;Частое
11;вторник;12;1;0,0833;Частое
11;вторник;11;2;0,1667;Редкое
11;вторник;15;2;0,1667;Редкое
11;вторник;20;2;0,1667;Редкое
11;вторник;17;2;0,1667;Редкое
11;вторник;18;1;0,0833;Редкое
11;вторник;2;1;0,0833;Редкое
11;вторник;19;1;0,0833;Редкое
11;вторник;12;1;0,0833;Редкое
11;среда;12;3;0,125;Частое
11;среда;20;2;0,0833;Частое
11;среда;16;2;0,0833;Частое
11;среда;13;2;0,0833;Частое
11;среда;17;2;0,0833;Частое
11;среда;11;2;0,0833;Частое
11;среда;10;2;0,0833;Частое
11;среда;4;1;0,0417;Частое
11;среда;7;1;0,0417;Частое
11;среда;14;1;0,0417;Частое
11;среда;10;2;0,0833;Редкое
11;среда;4;1;0,0417;Редкое
11;среда;7;1;0,0417;Редкое
11;среда;14;1;0,0417;Редкое
11;среда;3;1;0,0417;Редкое
11;среда;19;1;0,0417;Редкое
11;среда;6;1;0,0417;Редкое
11;среда;5;1;0,0417;Редкое
11;среда;8;1;0,0417;Редкое
11;среда;18;1;0,0417;Редкое
11;четверг;8;5;0,119;Частое
11;четверг;2;4;0,0952;Частое
11;четверг;15;4;0,0952;Частое
11;четверг;1;4;0,0952;Частое
11;четверг;4;4;0,0952;Частое
11;четверг;18;4;0,0952;Частое
11;четверг;9;3;0,0714;Частое
11;четверг;12;2;0,0476;Частое
11;четверг;16;2;0,0476;Частое
11;четверг;6;2;0,0476;Частое
11;четверг;16;2;0,0476;Редкое
11;четверг;6;2;0,0476;Редкое
11;четверг;19;1;0,0238;Редкое
11;четверг;14;1;0,0238;Редкое
11;четверг;17;1;0,0238;Редкое
11;четверг;5;1;0,0238;Редкое
11;четверг;11;1;0,0238;Редкое
11;четверг;10;1;0,0238;Редкое
11;четверг;3;1;0,0238;Редкое
11;четверг;13;1;0,0238;Редкое
11;суббота;18;2;0,1667;Частое
11;суббота;20;2;0,1667;Частое
11;суббота;5;1;0,0833;Частое
11;суббота;6;1;0,0833;Частое
11;суббота;16;1;0,0833;Частое
11;суббота;12;1;0,0833;Частое
11;суббота;13;1;0,0833;Частое
11;суббота;3;1;0,0833;Частое
11;суббота;11;1;0,0833;Частое
11;суббота;15;1;0,0833;Частое
11;суббота;18;2;0,1667;Редкое
11;суббота;20;2;0,1667;Редкое
11;суббота;5;1;0,0833;Редкое
11;суббота;6;1;0,0833;Редкое
11;суббота;16;1;0,0833;Редкое
11;суббота;12;1;0,0833;Редкое
11;суббота;13;1;0,0833;Редкое
11;суббота;3;1;0,0833;Редкое
11;суббота;11;1;0,0833;Редкое
11;суббота;15;1;0,0833;Редкое
11;воскресенье;17;3;0,25;Частое
11;воскресенье;2;1;0,0833;Частое
11;воскресенье;14;1;0,0833;Частое
11;воскресенье;4;1;0,0833;Частое
11;воскресенье;8;1;0,0833;Частое
11;воскресенье;15;1;0,0833;Частое
11;воскресенье;9;1;0,0833;Частое
11;воскресенье;20;1;0,0833;Частое
11;воскресенье;12;1;0,0833;Частое
11;воскресенье;13;1;0,0833;Частое
11;воскресенье;17;3;0,25;Редкое
11;воскресенье;2;1;0,0833;Редкое
11;воскресенье;14;1;0,0833;Редкое
11;воскресенье;4;1;0,0833;Редкое
11;воскресенье;8;1;0,0833;Редкое
11;воскресенье;15;1;0,0833;Редкое
11;воскресенье;9;1;0,0833;Редкое
11;воскресенье;20;1;0,0833;Редкое
11;воскресенье;12;1;0,0833;Редкое
11;воскресенье;13;1;0,0833;Редкое
12;понедельник;1;2;0,1667;Частое
12;понедельник;4;2;0,1667;Частое
12;понедельник;7;1;0,0833;Частое
12;понедельник;8;1;0,0833;Частое
12;понедельник;5;1;0,0833;Частое
12;понедельник;19;1;0,0833;Частое
12;понедельник;3;1;0,0833;Частое
12;понедельник;2;1;0,0833;Частое
12;понедельник;13;1;0,0833;Частое
12;понедельник;17;1;0,0833;Частое
12;понедельник;1;2;0,1667;Редкое
12;понедельник;4;2;0,1667;Редкое
12;понедельник;7;1;0,0833;Редкое
12;понедельник;8;1;0,0833;Редкое
12;понедельник;5;1;0,0833;Редкое
12;понедельник;19;1;0,0833;Редкое
12;понедельник;3;1;0,0833;Редкое
12;понедельник;2;1;0,0833;Редкое
12;понедельник;13;1;0,0833;Редкое
12;понедельник;17;1;0,0833;Редкое
12;вторник;9;2;0,1667;Частое
12;вторник;12;2;0,1667;Частое
12;вторник;20;2;0,1667;Частое
12;вторник;11;1;0,0833;Частое
12;вторник;5;1;0,0833;Частое
12;вторник;18;1;0,0833;Частое
12;вторник;7;1;0,0833;Частое
12;вторник;8;1;0,0833;Частое
12;вторник;15;1;0,0833;Частое
12;вторник;9;2;0,1667;Редкое
12;вторник;12;2;0,1667;Редкое
12;вторник;20;2;0,1667;Редкое
12;вторник;11;1;0,0833;Редкое
12;вторник;5;1;0,0833;Редкое
12;вторник;18;1;0,0833;Редкое
12;вторник;7;1;0,0833;Редкое
12;вторник;8;1;0,0833;Редкое
12;вторник;15;1;0,0833;Редкое
12;среда;4;2;0,1667;Частое
12;среда;5;2;0,1667;Частое
12;среда;1;2;0,1667;Частое
12;среда;16;1;0,0833;Частое
12;среда;9;1;0,0833;Частое
12;среда;20;1;0,0833;Частое
12;среда;2;1;0,0833;Частое
12;среда;13;1;0,0833;Частое
12;среда;12;1;0,0833;Частое
12;среда;4;2;0,1667;Редкое
12;среда;5;2;0,1667;Редкое
12;среда;1;2;0,1667;Редкое
12;среда;16;1;0,0833;Редкое
12;среда;9;1;0,0833;Редкое
12;среда;20;1;0,0833;Редкое
12;среда;2;1;0,0833;Редкое
12;среда;13;1;0,0833;Редкое
12;среда;12;1;0,0833;Редкое
12;четверг;3;4;0,1667;Частое
12;четверг;7;3;0,125;Частое
12;четверг;1;3;0,125;Частое
12;четверг;10;2;0,0833;Частое
12;четверг;9;2;0,0833;Частое
12;четверг;11;2;0,0833;Частое
12;четверг;14;2;0,0833;Частое
12;четверг;2;2;0,0833;Частое
12;четверг;4;2;0,0833;Частое
12;четверг;15;1;0,0417;Частое
12;четверг;7;3;0,125;Редкое
12;четверг;1;3;0,125;Редкое
12;четверг;10;2;0,0833;Редкое
12;четверг;9;2;0,0833;Редкое
12;четверг;11;2;0,0833;Редкое
12;четверг;14;2;0,0833;Редкое
12;четверг;2;2;0,0833;Редкое
12;четверг;4;2;0,0833;Редкое
12;четверг;15;1;0,0417;Редкое
12;четверг;17;1;0,0417;Редкое
12;пятница;2;5;0,119;Частое
12;пятница;4;4;0,0952;Частое
12;пятница;6;4;0,0952;Частое
12;пятница;8;4;0,0952;Частое
12;пятница;9;4;0,0952;Частое
12;пятница;1;3;0,0714;Частое
12;пятница;20;3;0,0714;Частое
12;пятница;3;2;0,0476;Частое
12;пятница;12;2;0,0476;Частое
12;пятница;11;2;0,0476;Частое
12;пятница;3;2;0,0476;Редкое
12;пятница;12;2;0,0476;Редкое
12;пятница;11;2;0,0476;Редкое
12;пятница;15;2;0,0476;Редкое
12;пятница;18;2;0,0476;Редкое
12;пятница;14;1;0,0238;Редкое
12;пятница;5;1;0,0238;Редкое
12;пятница;13;1;0,0238;Редкое
12;пятница;10;1;0,0238;Редкое
12;пятница;7;1;0,0238;Редкое
12;воскресенье;18;2;0,1667;Частое
12;воскресенье;2;2;0,1667;Частое
12;воскресенье;17;2;0,1667;Частое
12;воскресенье;10;1;0,0833;Частое
12;воскресенье;16;1;0,0833;Частое
12;воскресенье;3;1;0,0833;Частое
12;воскресенье;8;1;0,0833;Частое
12;воскресенье;4;1;0,0833;Частое
12;воскресенье;5;1;0,0833;Частое
12;воскресенье;18;2;0,1667;Редкое
12;воскресенье;2;2;0,1667;Редкое
12;воскресенье;17;2;0,1667;Редкое
12;воскресенье;10;1;0,0833;Редкое
12;воскресенье;16;1;0,0833;Редкое
12;воскресенье;3;1;0,0833;Редкое
12;воскресенье;8;1;0,0833;Редкое
12;воскресенье;4;1;0,0833;Редкое
12;воскресенье;5;1;0,0833;Редкое
13;понедельник;2;3;0,25;Частое
13;понедельник;6;2;0,1667;Частое
13;понедельник;16;2;0,1667;Частое
13;понедельник;18;1;0,0833;Частое
13;понедельник;19;1;0,0833;Частое
13;понедельник;12;1;0,0833;Частое
13;понедельник;15;1;0,0833;Частое
13;понедельник;7;1;0,0833;Частое
13;понедельник;2;3;0,25;Редкое
13;понедельник;6;2;0,1667;Редкое
13;понедельник;16;2;0,1667;Редкое
13;понедельник;18;1;0,0833;Редкое
13;понедельник;19;1;0,0833;Редкое
13;понедельник;12;1;0,0833;Редкое
13;понедельник;15;1;0,0833;Редкое
13;понедельник;7;1;0,0833;Редкое
13;вторник;14;2;0,1667;Частое
13;вторник;1;2;0,1667;Частое
13;вторник;18;2;0,1667;Частое
13;вторник;9;2;0,1667;Частое
13;вторник;10;1;0,0833;Частое
13;вторник;12;1;0,0833;Частое
13;вторник;16;1;0,0833;Частое
13;вторник;2;1;0,0833;Частое
13;вторник;14;2;0,1667;Редкое
13;вторник;1;2;0,1667;Редкое
13;вторник;18;2;0,1667;Редкое
13;вторник;9;2;0,1667;Редкое
13;вторник;10;1;0,0833;Редкое
13;вторник;12;1;0,0833;Редкое
13;вторник;16;1;0,0833;Редкое
13;вторник;2;1;0,0833;Редкое
13;среда;18;2;0,1667;Частое
13;среда;14;1;0,0833;Частое
13;среда;19;1;0,0833;Частое
13;среда;9;1;0,0833;Частое
13;среда;17;1;0,0833;Частое
13;среда;4;1;0,0833;Частое
13;среда;11;1;0,0833;Частое
13;среда;15;1;0,0833;Частое
13;среда;6;1;0,0833;Частое
13;среда;7;1;0,0833;Частое
13;среда;14;1;0,0833;Редкое
13;среда;19;1;0,0833;Редкое
13;среда;9;1;0,0833;Редкое
13;среда;17;1;0,0833;Редкое
13;среда;4;1;0,0833;Редкое
13;среда;11;1;0,0833;Редкое
13;среда;15;1;0,0833;Редкое
13;среда;6;1;0,0833;Редкое
13;среда;7;1;0,0833;Редкое
13;среда;20;1;0,0833;Редкое
13;четверг;13;2;0,1667;Частое
13;четверг;19;2;0,1667;Частое
13;четверг;11;2;0,1667;Частое
13;четверг;5;1;0,0833;Частое
13;четверг;3;1;0,0833;Частое
13;четверг;8;1;0,0833;Частое
13;четверг;20;1;0,0833;Частое
13;четверг;4;1;0,0833;Частое
13;четверг;12;1;0,0833;Частое
13;четверг;13;2;0,1667;Редкое
13;четверг;19;2;0,1667;Редкое
13;четверг;11;2;0,1667;Редкое
13;четверг;5;1;0,0833;Редкое
13;четверг;3;1;0,0833;Редкое
13;четверг;8;1;0,0833;Редкое
13;четверг;20;1;0,0833;Редкое
13;четверг;4;1;0,0833;Редкое
13;четверг;12;1;0,0833;Редкое
13;пятница;18;3;0,125;Частое
13;пятница;4;2;0,0833;Частое
13;пятница;7;2;0,0833;Частое
13;пятница;19;2;0,0833;Частое
13;пятница;13;2;0,0833;Частое
13;пятница;20;2;0,0833;Частое
13;пятница;3;2;0,0833;Частое
13;пятница;16;2;0,0833;Частое
13;пятница;9;1;0,0417;Частое
13;пятница;8;1;0,0417;Частое
13;пятница;20;2;0,0833;Редкое
13;пятница;3;2;0,0833;Редкое
13;пятница;16;2;0,0833;Редкое
13;пятница;9;1;0,0417;Редкое
13;пятница;8;1;0,0417;Редкое
13;пятница;11;1;0,0417;Редкое
13;пятница;5;1;0,0417;Редкое
13;пятница;12;1;0,0417;Редкое
13;пятница;14;1;0,0417;Редкое
13;пятница;6;1;0,0417;Редкое
13;суббота;13;4;0,0952;Частое
13;суббота;17;4;0,0952;Частое
13;суббота;15;3;0,0714;Частое
13;суббота;10;3;0,0714;Частое
13;суббота;18;3;0,0714;Частое
13;суббота;20;3;0,0714;Частое
13;суббота;16;2;0,0476;Частое
13;суббота;19;2;0,0476;Частое
13;суббота;6;2;0,0476;Частое
13;суббота;8;2;0,0476;Частое
13;суббота;1;2;0,0476;Редкое
13;суббота;9;2;0,0476;Редкое
13;суббота;7;2;0,0476;Редкое
13;суббота;14;2;0,0476;Редкое
13;суббота;11;1;0,0238;Редкое
13;суббота;12;1;0,0238;Редкое
13;суббота;4;1;0,0238;Редкое
13;суббота;2;1;0,0238;Редкое
13;суббота;3;1;0,0238;Редкое
13;суббота;5;1;0,0238;Редкое
14;вторник;10;2;0,1667;Частое
14;вторник;11;2;0,1667;Частое
14;вторник;3;2;0,1667;Частое
14;вторник;2;1;0,0833;Частое
14;вторник;4;1;0,0833;Частое
14;вторник;7;1;0,0833;Частое
14;вторник;8;1;0,0833;Частое
14;вторник;19;1;0,0833;Частое
14;вторник;17;1;0,0833;Частое
14;вторник;10;2;0,1667;Редкое
14;вторник;11;2;0,1667;Редкое
14;вторник;3;2;0,1667;Редкое
14;вторник;2;1;0,0833;Редкое
14;вторник;4;1;0,0833;Редкое
14;вторник;7;1;0,0833;Редкое
14;вторник;8;1;0,0833;Редкое
14;вторник;19;1;0,0833;Редкое
14;вторник;17;1;0,0833;Редкое
14;среда;20;2;0,1667;Частое
14;среда;19;2;0,1667;Частое
14;среда;18;2;0,1667;Частое
14;среда;4;1;0,0833;Частое
14;среда;13;1;0,0833;Частое
14;среда;9;1;0,0833;Частое
14;среда;11;1;0,0833;Частое
14;среда;17;1;0,0833;Частое
14;среда;14;1;0,0833;Частое
14;среда;20;2;0,1667;Редкое
14;среда;19;2;0,1667;Редкое
14;среда;18;2;0,1667;Редкое
14;среда;4;1;0,0833;Редкое
14;среда;13;1;0,0833;Редкое
14;среда;9;1;0,0833;Редкое
14;среда;11;1;0,0833;Редкое
14;среда;17;1;0,0833;Редкое
14;среда;14;1;0,0833;Редкое
14;четверг;18;2;0,1667;Частое
14;четверг;10;2;0,1667;Частое
14;четверг;12;2;0,1667;Частое
14;четверг;8;1;0,0833;Частое
14;четверг;11;1;0,0833;Частое
14;четверг;15;1;0,0833;Частое
14;четверг;4;1;0,0833;Частое
14;четверг;9;1;0,0833;Частое
14;четверг;13;1;0,0833;Частое
14;четверг;18;2;0,1667;Редкое
14;четверг;10;2;0,1667;Редкое
14;четверг;12;2;0,1667;Редкое
14;четверг;8;1;0,0833;Редкое
14;четверг;11;1;0,0833;Редкое
14;четверг;15;1;0,0833;Редкое
14;четверг;4;1;0,0833;Редкое
14;четверг;9;1;0,0833;Редкое
14;четверг;13;1;0,0833;Редкое
14;пятница;10;2;0,1667;Частое
14;пятница;11;1;0,0833;Частое
14;пятница;16;1;0,0833;Частое
14;пятница;17;1;0,0833;Частое
14;пятница;14;1;0,0833;Частое
14;пятница;20;1;0,0833;Частое
14;пятница;2;1;0,0833;Частое
14;пятница;3;1;0,0833;Частое
14;пятница;9;1;0,0833;Частое
14;пятница;7;1;0,0833;Частое
14;пятница;11;1;0,0833;Редкое
14;пятница;16;1;0,0833;Редкое
14;пятница;17;1;0,0833;Редкое
14;пятница;14;1;0,0833;Редкое
14;пятница;20;1;0,0833;Редкое
14;пятница;2;1;0,0833;Редкое
14;пятница;3;1;0,0833;Редкое
14;пятница;9;1;0,0833;Редкое
14;пятница;7;1;0,0833;Редкое
14;пятница;8;1;0,0833;Редкое
14;суббота;17;3;0,125;Частое
14;суббота;11;2;0,0833;Частое
14;суббота;14;2;0,0833;Частое
14;суббота;15;2;0,0833;Частое
14;суббота;3;2;0,0833;Частое
14;суббота;9;2;0,0833;Частое
14;суббота;7;2;0,0833;Частое
14;суббота;1;1;0,0417;Частое
14;суббота;10;1;0,0417;Частое
14;суббота;8;1;0,0417;Частое
14;суббота;7;2;0,0833;Редкое
14;суббота;1;1;0,0417;Редкое
14;суббота;10;1;0,0417;Редкое
14;суббота;8;1;0,0417;Редкое
14;суббота;13;1;0,0417;Редкое
14;суббота;18;1;0,0417;Редкое
14;суббота;20;1;0,0417;Редкое
14;суббота;12;1;0,0417;Редкое
14;суббота;4;1;0,0417;Редкое
14;суббота;6;1;0,0417;Редкое
14;воскресенье;3;5;0,119;Частое
14;воскресенье;7;4;0,0952;Частое
14;воскресенье;6;4;0,0952;Частое
14;воскресенье;2;3;0,0714;Частое
14;воскресенье;18;3;0,0714;Частое
14;воскресенье;8;3;0,0714;Частое
14;воскресенье;20;3;0,0714;Частое
14;воскресенье;11;2;0,0476;Частое
14;воскресенье;1;2;0,0476;Частое
14;воскресенье;9;2;0,0476;Частое
14;воскресенье;1;2;0,0476;Редкое
14;воскресенье;9;2;0,0476;Редкое
14;воскресенье;12;2;0,0476;Редкое
14;воскресенье;17;2;0,0476;Редкое
14;воскресенье;14;2;0,0476;Редкое
14;воскресенье;13;1;0,0238;Редкое
14;воскресенье;19;1;0,0238;Редкое
14;воскресенье;5;1;0,0238;Редкое
14;воскресенье;15;1;0,0238;Редкое
14;воскресенье;16;1;0,0238;Редкое
15;понедельник;20;3;0,25;Частое
15;понедельник;6;3;0,25;Частое
15;понедельник;1;1;0,0833;Частое
15;понедельник;14;1;0,0833;Частое
15;понедельник;16;1;0,0833;Частое
15;понедельник;19;1;0,0833;Частое
15;понедельник;4;1;0,0833;Частое
15;понедельник;17;1;0,0833;Частое
15;понедельник;20;3;0,25;Редкое
15;понедельник;6;3;0,25;Редкое
15;понедельник;1;1;0,0833;Редкое
15;понедельник;14;1;0,0833;Редкое
15;понедельник;16;1;0,0833;Редкое
15;понедельник;19;1;0,0833;Редкое
15;понедельник;4;1;0,0833;Редкое
15;понедельник;17;1;0,0833;Редкое
15;среда;6;2;0,1667;Частое
15;среда;12;2;0,1667;Частое
15;среда;1;2;0,1667;Частое
15;среда;13;1;0,0833;Частое
15;среда;11;1;0,0833;Частое
15;среда;5;1;0,0833;Частое
15;среда;20;1;0,0833;Частое
15;среда;15;1;0,0833;Частое
15;среда;17;1;0,0833;Частое
15;среда;6;2;0,1667;Редкое
15;среда;12;2;0,1667;Редкое
15;среда;1;2;0,1667;Редкое
15;среда;13;1;0,0833;Редкое
15;среда;11;1;0,0833;Редкое
15;среда;5;1;0,0833;Редкое
15;среда;20;1;0,0833;Редкое
15;среда;15;1;0,0833;Редкое
15;среда;17;1;0,0833;Редкое
15;четверг;9;2;0,1667;Частое
15;четверг;7;2;0,1667;Частое
15;четверг;12;2;0,1667;Частое
15;четверг;6;1;0,0833;Частое
15;четверг;19;1;0,0833;Частое
15;четверг;20;1;0,0833;Частое
15;четверг;4;1;0,0833;Частое
15;четверг;11;1;0,0833;Частое
15;четверг;10;1;0,0833;Частое
15;четверг;9;2;0,1667;Редкое
15;четверг;7;2;0,1667;Редкое
15;четверг;12;2;0,1667;Редкое
15;четверг;6;1;0,0833;Редкое
15;четверг;19;1;0,0833;Редкое
15;четверг;20;1;0,0833;Редкое
15;четверг;4;1;0,0833;Редкое
15;четверг;11;1;0,0833;Редкое
15;четверг;10;1;0,0833;Редкое
15;пятница;2;2;0,1667;Частое
15;пятница;20;2;0,1667;Частое
15;пятница;5;2;0,1667;Частое
15;пятница;18;1;0,0833;Частое
15;пятница;14;1;0,0833;Частое
15;пятница;7;1;0,0833;Частое
15;пятница;10;1;0,0833;Частое
15;пятница;3;1;0,0833;Частое
15;пятница;17;1;0,0833;Частое
15;пятница;2;2;0,1667;Редкое
15;пятница;20;2;0,1667;Редкое
15;пятница;5;2;0,1667;Редкое
15;пятница;18;1;0,0833;Редкое
15;пятница;14;1;0,0833;Редкое
15;пятница;7;1;0,0833;Редкое
15;пятница;10;1;0,0833;Редкое
15;пятница;3;1;0,0833;Редкое
15;пятница;17;1;0,0833;Редкое
15;суббота;5;3;0,25;Частое
15;суббота;11;2;0,1667;Частое
15;суббота;2;2;0,1667;Частое
15;суббота;7;2;0,1667;Частое
15;суббота;9;1;0,0833;Частое
15;суббота;16;1;0,0833;Частое
15;суббота;14;1;0,0833;Частое
15;суббота;5;3;0,25;Редкое
15;суббота;11;2;0,1667;Редкое
15;суббота;2;2;0,1667;Редкое
15;суббота;7;2;0,1667;Редкое
15;суббота;9;1;0,0833;Редкое
15;суббота;16;1;0,0833;Редкое
15;суббота;14;1;0,0833;Редкое
15;воскресенье;16;3;0,125;Частое
15;воскресенье;4;2;0,0833;Частое
15;воскресенье;18;2;0,0833;Частое
15;воскресенье;20;2;0,0833;Частое
15;воскресенье;2;2;0,0833;Частое
15;воскресенье;3;2;0,0833;Частое
15;воскресенье;6;2;0,0833;Частое
15;воскресенье;7;2;0,0833;Частое
15;воскресенье;9;1;0,0417;Частое
15;воскресенье;12;1;0,0417;Частое
15;воскресенье;3;2;0,0833;Редкое
15;воскресенье;6;2;0,0833;Редкое
15;воскресенье;7;2;0,0833;Редкое
15;воскресенье;9;1;0,0417;Редкое
15;воскресенье;12;1;0,0417;Редкое
15;воскресенье;11;1;0,0417;Редкое
15;воскресенье;10;1;0,0417;Редкое
15;воскресенье;1;1;0,0417;Редкое
15;воскресенье;5;1;0,0417;Редкое
15;воскресенье;15;1;0,0417;Редкое
16;понедельник;20;3;0,125;Частое
16;понедельник;6;2;0,0833;Частое
16;понедельник;13;2;0,0833;Частое
16;понедельник;9;2;0,0833;Частое
16;понедельник;11;2;0,0833;Частое
16;понедельник;7;2;0,0833;Частое
16;понедельник;14;2;0,0833;Частое
16;понедельник;3;1;0,0417;Частое
16;понедельник;10;1;0,0417;Частое
16;понедельник;5;1;0,0417;Частое
16;понедельник;14;2;0,0833;Редкое
16;понедельник;3;1;0,0417;Редкое
16;понедельник;10;1;0,0417;Редкое
16;понедельник;5;1;0,0417;Редкое
16;понедельник;12;1;0,0417;Редкое
16;понедельник;2;1;0,0417;Редкое
16;понедельник;1;1;0,0417;Редкое
16;понедельник;16;1;0,0417;Редкое
16;понедельник;4;1;0,0417;Редкое
16;понедельник;19;1;0,0417;Редкое
16;вторник;16;2;0,1667;Частое
16;вторник;13;2;0,1667;Частое
16;вторник;5;2;0,1667;Частое
16;вторник;11;1;0,0833;Частое
16;вторник;19;1;0,0833;Частое
16;вторник;6;1;0,0833;Частое
16;вторник;14;1;0,0833;Частое
16;вторник;17;1;0,0833;Частое
16;вторник;8;1;0,0833;Частое
16;вторник;16;2;0,1667;Редкое
16;вторник;13;2;0,1667;Редкое
16;вторник;5;2;0,1667;Редкое
16;вторник;11;1;0,0833;Редкое
16;вторник;19;1;0,0833;Редкое
16;вторник;6;1;0,0833;Редкое
16;вторник;14;1;0,0833;Редкое
16;вторник;17;1;0,0833;Редкое
16;вторник;8;1;0,0833;Редкое
16;четверг;5;2;0,1667;Частое
16;четверг;4;2;0,1667;Частое
16;четверг;6;1;0,0833;Частое
16;четверг;14;1;0,0833;Частое
16;четверг;8;1;0,0833;Частое
16;четверг;10;1;0,0833;Частое
16;четверг;17;1;0,0833;Частое
16;четверг;20;1;0,0833;Частое
16;четверг;3;1;0,0833;Частое
16;четверг;7;1;0,0833;Частое
16;четверг;5;2;0,1667;Редкое
16;четверг;4;2;0,1667;Редкое
16;четверг;6;1;0,0833;Редкое
16;четверг;14;1;0,0833;Редкое
16;четверг;8;1;0,0833;Редкое
16;четверг;10;1;0,0833;Редкое
16;четверг;17;1;0,0833;Редкое
16;четверг;20;1;0,0833;Редкое
16;четверг;3;1;0,0833;Редкое
16;четверг;7;1;0,0833;Редкое
16;пятница;12;2;0,1667;Частое
16;пятница;17;2;0,1667;Частое
16;пятница;15;2;0,1667;Частое
16;пятница;7;1;0,0833;Частое
16;пятница;9;1;0,0833;Частое
16;пятница;14;1;0,0833;Частое
16;пятница;4;1;0,0833;Частое
16;пятница;16;1;0,0833;Частое
16;пятница;3;1;0,0833;Частое
16;пятница;12;2;0,1667;Редкое
16;пятница;17;2;0,1667;Редкое
16;пятница;15;2;0,1667;Редкое
16;пятница;7;1;0,0833;Редкое
16;пятница;9;1;0,0833;Редкое
16;пятница;14;1;0,0833;Редкое
16;пятница;4;1;0,0833;Редкое
16;пятница;16;1;0,0833;Редкое
16;пятница;3;1;0,0833;Редкое
16;суббота;6;2;0,1667;Частое
16;суббота;3;2;0,1667;Частое
16;суббота;7;2;0,1667;Частое
16;суббота;11;1;0,0833;Частое
16;суббота;12;1;0,0833;Частое
16;суббота;20;1;0,0833;Частое
16;суббота;4;1;0,0833;Частое
16;суббота;15;1;0,0833;Частое
16;суббота;14;1;0,0833;Частое
16;суббота;6;2;0,1667;Редкое
16;суббота;3;2;0,1667;Редкое
16;суббота;7;2;0,1667;Редкое
16;суббота;11;1;0,0833;Редкое
16;суббота;12;1;0,0833;Редкое
16;суббота;20;1;0,0833;Редкое
16;суббота;4;1;0,0833;Редкое
16;суббота;15;1;0,0833;Редкое
16;суббота;14;1;0,0833;Редкое
16;воскресенье;3;2;0,1667;Частое
16;воскресенье;2;1;0,0833;Частое
16;воскресенье;15;1;0,0833;Частое
16;воскресенье;20;1;0,0833;Частое
16;воскресенье;7;1;0,0833;Частое
16;воскресенье;8;1;0,0833;Частое
16;воскресенье;18;1;0,0833;Частое
16;воскресенье;5;1;0,0833;Частое
16;воскресенье;17;1;0,0833;Частое
16;воскресенье;12;1;0,0833;Частое
16;воскресенье;2;1;0,0833;Редкое
16;воскресенье;15;1;0,0833;Редкое
16;воскресенье;20;1;0,0833;Редкое
16;воскресенье;7;1;0,0833;Редкое
16;воскресенье;8;1;0,0833;Редкое
16;воскресенье;18;1;0,0833;Редкое
16;воскресенье;5;1;0,0833;Редкое
16;воскресенье;17;1;0,0833;Редкое
16;воскресенье;12;1;0,0833;Редкое
16;воскресенье;16;1;0,0833;Редкое
17;понедельник;2;2;0,1667;Частое
17;понедельник;19;2;0,1667;Частое
17;понедельник;11;1;0,0833;Частое
17;понедельник;12;1;0,0833;Частое
17;понедельник;16;1;0,0833;Частое
17;понедельник;14;1;0,0833;Частое
17;понедельник;1;1;0,0833;Частое
17;понедельник;6;1;0,0833;Частое
17;понедельник;10;1;0,0833;Частое
17;понедельник;8;1;0,0833;Частое
17;понедельник;2;2;0,1667;Редкое
17;понедельник;19;2;0,1667;Редкое
17;понедельник;11;1;0,0833;Редкое
17;понедельник;12;1;0,0833;Редкое
17;понедельник;16;1;0,0833;Редкое
17;понедельник;14;1;0,0833;Редкое
17;понедельник;1;1;0,0833;Редкое
17;понедельник;6;1;0,0833;Редкое
17;понедельник;10;1;0,0833;Редкое
17;понедельник;8;1;0,0833;Редкое
17;вторник;20;3;0,125;Частое
17;вторник;2;2;0,0833;Частое
17;вторник;14;2;0,0833;Частое
17;вторник;10;2;0,0833;Частое
17;вторник;17;2;0,0833;Частое
17;вторник;8;2;0,0833;Частое
17;вторник;16;2;0,0833;Частое
17;вторник;19;1;0,0417;Частое
17;вторник;9;1;0,0417;Частое
17;вторник;5;1;0,0417;Частое
17;вторник;16;2;0,0833;Редкое
17;вторник;19;1;0,0417;Редкое
17;вторник;9;1;0,0417;Редкое
17;вторник;5;1;0,0417;Редкое
17;вторник;11;1;0,0417;Редкое
17;вторник;15;1;0,0417;Редкое
17;вторник;7;1;0,0417;Редкое
17;вторник;6;1;0,0417;Редкое
17;вторник;1;1;0,0417;Редкое
17;вторник;12;1;0,0417;Редкое
17;среда;8;2;0,1667;Частое
17;среда;9;1;0,0833;Частое
17;среда;12;1;0,0833;Частое
17;среда;17;1;0,0833;Частое
17;среда;2;1;0,0833;Частое
17;среда;5;1;0,0833;Частое
17;среда;6;1;0,0833;Частое
17;среда;7;1;0,0833;Частое
17;среда;20;1;0,0833;Частое
17;среда;10;1;0,0833;Частое
17;среда;9;1;0,0833;Редкое
17;среда;12;1;0,0833;Редкое
17;среда;17;1;0,0833;Редкое
17;среда;2;1;0,0833;Редкое
17;среда;5;1;0,0833;Редкое
17;среда;6;1;0,0833;Редкое
17;среда;7;1;0,0833;Редкое
17;среда;20;1;0,0833;Редкое
17;среда;10;1;0,0833;Редкое
17;среда;19;1;0,0833;Редкое
17;пятница;4;2;0,1667;Частое
17;пятница;14;2;0,1667;Частое
17;пятница;7;1;0,0833;Частое
17;пятница;11;1;0,0833;Частое
17;пятница;3;1;0,0833;Частое
17;пятница;5;1;0,0833;Частое
17;пятница;12;1;0,0833;Частое
17;пятница;15;1;0,0833;Частое
17;пятница;1;1;0,0833;Частое
17;пятница;2;1;0,0833;Частое
17;пятница;4;2;0,1667;Редкое
17;пятница;14;2;0,1667;Редкое
17;пятница;7;1;0,0833;Редкое
17;пятница;11;1;0,0833;Редкое
17;пятница;3;1;0,0833;Редкое
17;пятница;5;1;0,0833;Редкое
17;пятница;12;1;0,0833;Редкое
17;пятница;15;1;0,0833;Редкое
17;пятница;1;1;0,0833;Редкое
17;пятница;2;1;0,0833;Редкое
17;суббота;14;2;0,1667;Частое
17;суббота;18;2;0,1667;Частое
17;суббота;2;2;0,1667;Частое
17;суббота;10;1;0,0833;Частое
17;суббота;9;1;0,0833;Частое
17;суббота;12;1;0,0833;Частое
17;суббота;8;1;0,0833;Частое
17;суббота;13;1;0,0833;Частое
17;суббота;15;1;0,0833;Частое
17;суббота;14;2;0,1667;Редкое
17;суббота;18;2;0,1667;Редкое
17;суббота;2;2;0,1667;Редкое
17;суббота;10;1;0,0833;Редкое
17;суббота;9;1;0,0833;Редкое
17;суббота;12;1;0,0833;Редкое
17;суббота;8;1;0,0833;Редкое
17;суббота;13;1;0,0833;Редкое
17;суббота;15;1;0,0833;Редкое
17;воскресенье;1;2;0,1667;Частое
17;воскресенье;11;2;0,1667;Частое
17;воскресенье;9;1;0,0833;Частое
17;воскресенье;14;1;0,0833;Частое
17;воскресенье;17;1;0,0833;Частое
17;воскресенье;13;1;0,0833;Частое
17;воскресенье;6;1;0,0833;Частое
17;воскресенье;7;1;0,0833;Частое
17;воскресенье;10;1;0,0833;Частое
17;воскресенье;18;1;0,0833;Частое
17;воскресенье;1;2;0,1667;Редкое
17;воскресенье;11;2;0,1667;Редкое
17;воскресенье;9;1;0,0833;Редкое
17;воскресенье;14;1;0,0833;Редкое
17;воскресенье;17;1;0,0833;Редкое
17;воскресенье;13;1;0,0833;Редкое
17;воскресенье;6;1;0,0833;Редкое
17;воскресенье;7;1;0,0833;Редкое
17;воскресенье;10;1;0,0833;Редкое
17;воскресенье;18;1;0,0833;Редкое
18;понедельник;1;2;0,1667;Частое
18;понедельник;7;2;0,1667;Частое
18;понедельник;20;2;0,1667;Частое
18;понедельник;2;1;0,0833;Частое
18;понедельник;13;1;0,0833;Частое
18;понедельник;12;1;0,0833;Частое
18;понедельник;16;1;0,0833;Частое
18;понедельник;3;1;0,0833;Частое
18;понедельник;15;1;0,0833;Частое
18;понедельник;1;2;0,1667;Редкое
18;понедельник;7;2;0,1667;Редкое
18;понедельник;20;2;0,1667;Редкое
18;понедельник;2;1;0,0833;Редкое
18;понедельник;13;1;0,0833;Редкое
18;понедельник;12;1;0,0833;Редкое
18;понедельник;16;1;0,0833;Редкое
18;понедельник;3;1;0,0833;Редкое
18;понедельник;15;1;0,0833;Редкое
18;вторник;3;2;0,1667;Частое
18;вторник;5;1;0,0833;Частое
18;вторник;17;1;0,0833;Частое
18;вторник;1;1;0,0833;Частое
18;вторник;16;1;0,0833;Частое
18;вторник;11;1;0,0833;Частое
18;вторник;14;1;0,0833;Частое
18;вторник;19;1;0,0833;Частое
18;вторник;2;1;0,0833;Частое
18;вторник;8;1;0,0833;Частое
18;вторник;5;1;0,0833;Редкое
18;вторник;17;1;0,0833;Редкое
18;вторник;1;1;0,0833;Редкое
18;вторник;16;1;0,0833;Редкое
18;вторник;11;1;0,0833;Редкое
18;вторник;14;1;0,0833;Редкое
18;вторник;19;1;0,0833;Редкое
18;вторник;2;1;0,0833;Редкое
18;вторник;8;1;0,0833;Редкое
18;вторник;9;1;0,0833;Редкое
18;среда;13;2;0,0833;Частое
18;среда;15;2;0,0833;Частое
18;среда;7;2;0,0833;Частое
18;среда;10;2;0,0833;Частое
18;среда;19;2;0,0833;Частое
18;среда;2;2;0,0833;Частое
18;среда;5;2;0,0833;Частое
18;среда;18;2;0,0833;Частое
18;среда;6;1;0,0417;Частое
18;среда;12;1;0,0417;Частое
18;среда;5;2;0,0833;Редкое
18;среда;18;2;0,0833;Редкое
18;среда;6;1;0,0417;Редкое
18;среда;12;1;0,0417;Редкое
18;среда;17;1;0,0417;Редкое
18;среда;3;1;0,0417;Редкое
18;среда;20;1;0,0417;Редкое
18;среда;4;1;0,0417;Редкое
18;среда;8;1;0,0417;Редкое
18;среда;9;1;0,0417;Редкое
18;четверг;18;3;0,25;Частое
18;четверг;1;2;0,1667;Частое
18;четверг;10;1;0,0833;Частое
18;четверг;3;1;0,0833;Частое
18;четверг;4;1;0,0833;Частое
18;четверг;13;1;0,0833;Частое
18;четверг;17;1;0,0833;Частое
18;четверг;2;1;0,0833;Частое
18;четверг;9;1;0,0833;Частое
18;четверг;18;3;0,25;Редкое
18;четверг;1;2;0,1667;Редкое
18;четверг;10;1;0,0833;Редкое
18;четверг;3;1;0,0833;Редкое
18;четверг;4;1;0,0833;Редкое
18;четверг;13;1;0,0833;Редкое
18;четверг;17;1;0,0833;Редкое
18;четверг;2;1;0,0833;Редкое
18;четверг;9;1;0,0833;Редкое
18;суббота;5;2;0,1667;Частое
18;суббота;12;2;0,1667;Частое
18;суббота;6;2;0,1667;Частое
18;суббота;9;2;0,1667;Частое
18;суббота;17;1;0,0833;Частое
18;суббота;20;1;0,0833;Частое
18;суббота;2;1;0,0833;Частое
18;суббота;10;1;0,0833;Частое
18;суббота;5;2;0,1667;Редкое
18;суббота;12;2;0,1667;Редкое
18;суббота;6;2;0,1667;Редкое
18;суббота;9;2;0,1667;Редкое
18;суббота;17;1;0,0833;Редкое
18;суббота;20;1;0,0833;Редкое
18;суббота;2;1;0,0833;Редкое
18;суббота;10;1;0,0833;Редкое
18;воскресенье;12;2;0,1667;Частое
18;воскресенье;8;2;0,1667;Частое
18;воскресенье;14;1;0,0833;Частое
18;воскресенье;19;1;0,0833;Частое
18;воскресенье;3;1;0,0833;Частое
18;воскресенье;18;1;0,0833;Частое
18;воскресенье;13;1;0,0833;Частое
18;воскресенье;16;1;0,0833;Частое
18;воскресенье;9;1;0,0833;Частое
18;воскресенье;11;1;0,0833;Частое
18;воскресенье;12;2;0,1667;Редкое
18;воскресенье;8;2;0,1667;Редкое
18;воскресенье;14;1;0,0833;Редкое
18;воскресенье;19;1;0,0833;Редкое
18;воскресенье;3;1;0,0833;Редкое
18;воскресенье;18;1;0,0833;Редкое
18;воскресенье;13;1;0,0833;Редкое
18;воскресенье;16;1;0,0833;Редкое
18;воскресенье;9;1;0,0833;Редкое
18;воскресенье;11;1;0,0833;Редкое
19;понедельник;12;2;0,1667;Частое
19;понедельник;7;1;0,0833;Частое
19;понедельник;17;1;0,0833;Частое
19;понедельник;19;1;0,0833;Частое
19;понедельник;2;1;0,0833;Частое
19;понедельник;16;1;0,0833;Частое
19;понедельник;5;1;0,0833;Частое
19;понедельник;20;1;0,0833;Частое
19;понедельник;8;1;0,0833;Частое
19;понедельник;10;1;0,0833;Частое
19;понедельник;7;1;0,0833;Редкое
19;понедельник;17;1;0,0833;Редкое
19;понедельник;19;1;0,0833;Редкое
19;понедельник;2;1;0,0833;Редкое
19;понедельник;16;1;0,0833;Редкое
19;понедельник;5;1;0,0833;Редкое
19;понедельник;20;1;0,0833;Редкое
19;понедельник;8;1;0,0833;Редкое
19;понедельник;10;1;0,0833;Редкое
19;понедельник;15;1;0,0833;Редкое
19;вторник;11;2;0,1667;Частое
19;вторник;13;2;0,1667;Частое
19;вторник;12;2;0,1667;Частое
19;вторник;6;1;0,0833;Частое
19;вторник;3;1;0,0833;Частое
19;вторник;15;1;0,0833;Частое
19;вторник;2;1;0,0833;Частое
19;вторник;14;1;0,0833;Частое
19;вторник;7;1;0,0833;Частое
19;вторник;11;2;0,1667;Редкое
19;вторник;13;2;0,1667;Редкое
19;вторник;12;2;0,1667;Редкое
19;вторник;6;1;0,0833;Редкое
19;вторник;3;1;0,0833;Редкое
19;вторник;15;1;0,0833;Редкое
19;вторник;2;1;0,0833;Редкое
19;вторник;14;1;0,0833;Редкое
19;вторник;7;1;0,0833;Редкое
19;среда;7;2;0,1667;Частое
19;среда;3;1;0,0833;Частое
19;среда;4;1;0,0833;Частое
19;среда;15;1;0,0833;Частое
19;среда;5;1;0,0833;Частое
19;среда;12;1;0,0833;Частое
19;среда;16;1;0,0833;Частое
19;среда;2;1;0,0833;Частое
19;среда;17;1;0,0833;Частое
19;среда;6;1;0,0833;Частое
19;среда;3;1;0,0833;Редкое
19;среда;4;1;0,0833;Редкое
19;среда;15;1;0,0833;Редкое
19;среда;5;1;0,0833;Редкое
19;среда;12;1;0,0833;Редкое
19;среда;16;1;0,0833;Редкое
19;среда;2;1;0,0833;Редкое
19;среда;17;1;0,0833;Редкое
19;среда;6;1;0,0833;Редкое
19;среда;9;1;0,0833;Редкое
19;четверг;15;4;0,1667;Частое
19;четверг;7;3;0,125;Частое
19;четверг;11;2;0,0833;Частое
19;четверг;17;2;0,0833;Частое
19;четверг;12;2;0,0833;Частое
19;четверг;18;2;0,0833;Частое
19;четверг;3;1;0,0417;Частое
19;четверг;10;1;0,0417;Частое
19;четверг;13;1;0,0417;Частое
19;четверг;19;1;0,0417;Частое
19;четверг;18;2;0,0833;Редкое
19;четверг;3;1;0,0417;Редкое
19;четверг;10;1;0,0417;Редкое
19;четверг;13;1;0,0417;Редкое
19;четверг;19;1;0,0417;Редкое
19;четверг;2;1;0,0417;Редкое
19;четверг;20;1;0,0417;Редкое
19;четверг;14;1;0,0417;Редкое
19;четверг;5;1;0,0417;Редкое
19;четверг;8;1;0,0417;Редкое
19;пятница;15;2;0,1667;Частое
19;пятница;11;1;0,0833;Частое
19;пятница;18;1;0,0833;Частое
19;пятница;9;1;0,0833;Частое
19;пятница;14;1;0,0833;Частое
19;пятница;19;1;0,0833;Частое
19;пятница;7;1;0,0833;Частое
19;пятница;16;1;0,0833;Частое
19;пятница;3;1;0,0833;Частое
19;пятница;4;1;0,0833;Частое
19;пятница;11;1;0,0833;Редкое
19;пятница;18;1;0,0833;Редкое
19;пятница;9;1;0,0833;Редкое
19;пятница;14;1;0,0833;Редкое
19;пятница;19;1;0,0833;Редкое
19;пятница;7;1;0,0833;Редкое
19;пятница;16;1;0,0833;Редкое
19;пятница;3;1;0,0833;Редкое
19;пятница;4;1;0,0833;Редкое
19;пятница;13;1;0,0833;Редкое
19;воскресенье;4;3;0,25;Частое
19;воскресенье;18;2;0,1667;Частое
19;воскресенье;3;2;0,1667;Частое
19;воскресенье;15;1;0,0833;Частое
19;воскресенье;19;1;0,0833;Частое
19;воскресенье;13;1;0,0833;Частое
19;воскресенье;17;1;0,0833;Частое
19;воскресенье;20;1;0,0833;Частое
19;воскресенье;4;3;0,25;Редкое
19;воскресенье;18;2;0,1667;Редкое
19;воскресенье;3;2;0,1667;Редкое
19;воскресенье;15;1;0,0833;Редкое
19;воскресенье;19;1;0,0833;Редкое
19;воскресенье;13;1;0,0833;Редкое
19;воскресенье;17;1;0,0833;Редкое
19;воскресенье;20;1;0,0833;Редкое
20;понедельник;7;3;0,25;Частое
20;понедельник;5;2;0,1667;Частое
20;понедельник;20;2;0,1667;Частое
20;понедельник;10;1;0,0833;Частое
20;понедельник;11;1;0,0833;Частое
20;понедельник;17;1;0,0833;Частое
20;понедельник;4;1;0,0833;Частое
20;понедельник;16;1;0,0833;Частое
20;понедельник;7;3;0,25;Редкое
20;понедельник;5;2;0,1667;Редкое
20;понедельник;20;2;0,1667;Редкое
20;понедельник;10;1;0,0833;Редкое
20;понедельник;11;1;0,0833;Редкое
20;понедельник;17;1;0,0833;Редкое
20;понедельник;4;1;0,0833;Редкое
20;понедельник;16;1;0,0833;Редкое
20;вторник;4;2;0,1667;Частое
20;вторник;3;2;0,1667;Частое
20;вторник;18;2;0,1667;Частое
20;вторник;5;1;0,0833;Частое
20;вторник;16;1;0,0833;Частое
20;вторник;14;1;0,0833;Частое
20;вторник;17;1;0,0833;Частое
20;вторник;8;1;0,0833;Частое
20;вторник;15;1;0,0833;Частое
20;вторник;4;2;0,1667;Редкое
20;вторник;3;2;0,1667;Редкое
20;вторник;18;2;0,1667;Редкое
20;вторник;5;1;0,0833;Редкое
20;вторник;16;1;0,0833;Редкое
20;вторник;14;1;0,0833;Редкое
20;вторник;17;1;0,0833;Редкое
20;вторник;8;1;0,0833;Редкое
20;вторник;15;1;0,0833;Редкое
20;среда;4;2;0,1667;Частое
20;среда;20;2;0,1667;Частое
20;среда;14;1;0,0833;Частое
20;среда;2;1;0,0833;Частое
20;среда;7;1;0,0833;Частое
20;среда;12;1;0,0833;Частое
20;среда;5;1;0,0833;Частое
20;среда;18;1;0,0833;Частое
20;среда;1;1;0,0833;Частое
20;среда;11;1;0,0833;Частое
20;среда;4;2;0,1667;Редкое
20;среда;20;2;0,1667;Редкое
20;среда;14;1;0,0833;Редкое
20;среда;2;1;0,0833;Редкое
20;среда;7;1;0,0833;Редкое
20;среда;12;1;0,0833;Редкое
20;среда;5;1;0,0833;Редкое
20;среда;18;1;0,0833;Редкое
20;среда;1;1;0,0833;Редкое
20;среда;11;1;0,0833;Редкое
20;четверг;1;2;0,1667;Частое
20;четверг;3;2;0,1667;Частое
20;четверг;9;2;0,1667;Частое
20;четверг;6;2;0,1667;Частое
20;четверг;10;1;0,0833;Частое
20;четверг;4;1;0,0833;Частое
20;четверг;17;1;0,0833;Частое
20;четверг;2;1;0,0833;Частое
20;четверг;1;2;0,1667;Редкое
20;четверг;3;2;0,1667;Редкое
20;четверг;9;2;0,1667;Редкое
20;четверг;6;2;0,1667;Редкое
20;четверг;10;1;0,0833;Редкое
20;четверг;4;1;0,0833;Редкое
20;четверг;17;1;0,0833;Редкое
20;четверг;2;1;0,0833;Редкое
20;пятница;7;4;0,1667;Частое
20;пятница;4;3;0,125;Частое
20;пятница;17;3;0,125;Частое
20;пятница;16;3;0,125;Частое
20;пятница;13;2;0,0833;Частое
20;пятница;11;2;0,0833;Частое
20;пятница;6;1;0,0417;Частое
20;пятница;1;1;0,0417;Частое
20;пятница;12;1;0,0417;Частое
20;пятница;20;1;0,0417;Частое
20;пятница;16;3;0,125;Редкое
20;пятница;13;2;0,0833;Редкое
20;пятница;11;2;0,0833;Редкое
20;пятница;6;1;0,0417;Редкое
20;пятница;1;1;0,0417;Редкое
20;пятница;12;1;0,0417;Редкое
20;пятница;20;1;0,0417;Редкое
20;пятница;18;1;0,0417;Редкое
20;пятница;15;1;0,0417;Редкое
20;пятница;5;1;0,0417;Редкое
20;суббота;16;3;0,25;Частое
20;суббота;2;1;0,0833;Частое
20;суббота;7;1;0,0833;Частое
20;суббота;3;1;0,0833;Частое
20;суббота;11;1;0,0833;Частое
20;суббота;4;1;0,0833;Частое
20;суббота;18;1;0,0833;Частое
20;суббота;1;1;0,0833;Частое
20;суббота;9;1;0,0833;Частое
20;суббота;10;1;0,0833;Частое
20;суббота;16;3;0,25;Редкое
20;суббота;2;1;0,0833;Редкое
20;суббота;7;1;0,0833;Редкое
20;суббота;3;1;0,0833;Редкое
20;суббота;11;1;0,0833;Редкое
20;суббота;4;1;0,0833;Редкое
20;суббота;18;1;0,0833;Редкое
20;суббота;1;1;0,0833;Редкое
20;суббота;9;1;0,0833;Редкое
20;суббота;10;1;0,0833;Редкое
21;вторник;12;2;0,1667;Частое
21;вторник;19;2;0,1667;Частое
21;вторник;4;1;0,0833;Частое
21;вторник;15;1;0,0833;Частое
21;вторник;2;1;0,0833;Частое
21;вторник;17;1;0,0833;Частое
21;вторник;8;1;0,0833;Частое
21;вторник;18;1;0,0833;Частое
21;вторник;1;1;0,0833;Частое
21;вторник;16;1;0,0833;Частое
21;вторник;12;2;0,1667;Редкое
21;вторник;19;2;0,1667;Редкое
21;вторник;4;1;0,0833;Редкое
21;вторник;15;1;0,0833;Редкое
21;вторник;2;1;0,0833;Редкое
21;вторник;17;1;0,0833;Редкое
21;вторник;8;1;0,0833;Редкое
21;вторник;18;1;0,0833;Редкое
21;вторник;1;1;0,0833;Редкое
21;вторник;16;1;0,0833;Редкое
21;среда;4;2;0,1667;Частое
21;среда;15;2;0,1667;Частое
21;среда;18;2;0,1667;Частое
21;среда;9;1;0,0833;Частое
21;среда;20;1;0,0833;Частое
21;среда;8;1;0,0833;Частое
21;среда;17;1;0,0833;Частое
21;среда;3;1;0,0833;Частое
21;среда;6;1;0,0833;Частое
21;среда;4;2;0,1667;Редкое
21;среда;15;2;0,1667;Редкое
21;среда;18;2;0,1667;Редкое
21;среда;9;1;0,0833;Редкое
21;среда;20;1;0,0833;Редкое
21;среда;8;1;0,0833;Редкое
21;среда;17;1;0,0833;Редкое
21;среда;3;1;0,0833;Редкое
21;среда;6;1;0,0833;Редкое
21;четверг;18;2;0,1667;Частое
21;четверг;13;1;0,0833;Частое
21;четверг;20;1;0,0833;Частое
21;четверг;4;1;0,0833;Частое
21;четверг;17;1;0,0833;Частое
21;четверг;5;1;0,0833;Частое
21;четверг;12;1;0,0833;Частое
21;четверг;15;1;0,0833;Частое
21;четверг;7;1;0,0833;Частое
21;четверг;8;1;0,0833;Частое
21;четверг;13;1;0,0833;Редкое
21;четверг;20;1;0,0833;Редкое
21;четверг;4;1;0,0833;Редкое
21;четверг;17;1;0,0833;Редкое
21;четверг;5;1;0,0833;Редкое
21;четверг;12;1;0,0833;Редкое
21;четверг;15;1;0,0833;Редкое
21;четверг;7;1;0,0833;Редкое
21;четверг;8;1;0,0833;Редкое
21;четверг;10;1;0,0833;Редкое
21;пятница;10;3;0,25;Частое
21;пятница;4;1;0,0833;Частое
21;пятница;17;1;0,0833;Частое
21;пятница;12;1;0,0833;Частое
21;пятница;18;1;0,0833;Частое
21;пятница;5;1;0,0833;Частое
21;пятница;8;1;0,0833;Частое
21;пятница;9;1;0,0833;Частое
21;пятница;11;1;0,0833;Частое
21;пятница;13;1;0,0833;Частое
21;пятница;10;3;0,25;Редкое
21;пятница;4;1;0,0833;Редкое
21;пятница;17;1;0,0833;Редкое
21;пятница;12;1;0,0833;Редкое
21;пятница;18;1;0,0833;Редкое
21;пятница;5;1;0,0833;Редкое
21;пятница;8;1;0,0833;Редкое
21;пятница;9;1;0,0833;Редкое
21;пятница;11;1;0,0833;Редкое
21;пятница;13;1;0,0833;Редкое
21;суббота;10;3;0,125;Частое
21;суббота;2;3;0,125;Частое
21;суббота;7;2;0,0833;Частое
21;суббота;13;2;0,0833;Частое
21;суббота;14;2;0,0833;Частое
21;суббота;16;2;0,0833;Частое
21;суббота;6;1;0,0417;Частое
21;суббота;11;1;0,0417;Частое
21;суббота;3;1;0,0417;Частое
21;суббота;17;1;0,0417;Частое
21;суббота;6;1;0,0417;Редкое
21;суббота;11;1;0,0417;Редкое
21;суббота;3;1;0,0417;Редкое
21;суббота;17;1;0,0417;Редкое
21;суббота;8;1;0,0417;Редкое
21;суббота;20;1;0,0417;Редкое
21;суббота;1;1;0,0417;Редкое
21;суббота;19;1;0,0417;Редкое
21;суббота;4;1;0,0417;Редкое
21;суббота;15;1;0,0417;Редкое
21;воскресенье;12;2;0,1667;Частое
21;воскресенье;14;1;0,0833;Частое
21;воскресенье;15;1;0,0833;Частое
21;воскресенье;6;1;0,0833;Частое
21;воскресенье;16;1;0,0833;Частое
21;воскресенье;19;1;0,0833;Частое
21;воскресенье;5;1;0,0833;Частое
21;воскресенье;13;1;0,0833;Частое
21;воскресенье;18;1;0,0833;Частое
21;воскресенье;9;1;0,0833;Частое
21;воскресенье;14;1;0,0833;Редкое
21;воскресенье;15;1;0,0833;Редкое
21;воскресенье;6;1;0,0833;Редкое
21;воскресенье;16;1;0,0833;Редкое
21;воскресенье;19;1;0,0833;Редкое
21;воскресенье;5;1;0,0833;Редкое
21;воскресенье;13;1;0,0833;Редкое
21;воскресенье;18;1;0,0833;Редкое
21;воскресенье;9;1;0,0833;Редкое
21;воскресенье;10;1;0,0833;Редкое
22;понедельник;18;2;0,1667;Частое
22;понедельник;8;1;0,0833;Частое
22;понедельник;11;1;0,0833;Частое
22;понедельник;6;1;0,0833;Частое
22;понедельник;14;1;0,0833;Частое
22;понедельник;15;1;0,0833;Частое
22;понедельник;16;1;0,0833;Частое
22;понедельник;19;1;0,0833;Частое
22;понедельник;12;1;0,0833;Частое
22;понедельник;17;1;0,0833;Частое
22;понедельник;8;1;0,0833;Редкое
22;понедельник;11;1;0,0833;Редкое
22;понедельник;6;1;0,0833;Редкое
22;понедельник;14;1;0,0833;Редкое
22;понедельник;15;1;0,0833;Редкое
22;понедельник;16;1;0,0833;Редкое
22;понедельник;19;1;0,0833;Редкое
22;понедельник;12;1;0,0833;Редкое
22;понедельник;17;1;0,0833;Редкое
22;понедельник;20;1;0,0833;Редкое
22;среда;16;2;0,1667;Частое
22;среда;12;2;0,1667;Частое
22;среда;5;1;0,0833;Частое
22;среда;19;1;0,0833;Частое
22;среда;1;1;0,0833;Частое
22;среда;4;1;0,0833;Частое
22;среда;8;1;0,0833;Частое
22;среда;10;1;0,0833;Частое
22;среда;7;1;0,0833;Частое
22;среда;20;1;0,0833;Частое
22;среда;16;2;0,1667;Редкое
22;среда;12;2;0,1667;Редкое
22;среда;5;1;0,0833;Редкое
22;среда;19;1;0,0833;Редкое
22;среда;1;1;0,0833;Редкое
22;среда;4;1;0,0833;Редкое
22;среда;8;1;0,0833;Редкое
22;среда;10;1;0,0833;Редкое
22;среда;7;1;0,0833;Редкое
22;среда;20;1;0,0833;Редкое
22;четверг;5;2;0,1667;Частое
22;четверг;2;2;0,1667;Частое
22;четверг;11;1;0,0833;Частое
22;четверг;17;1;0,0833;Частое
22;четверг;19;1;0,0833;Частое
22;четверг;1;1;0,0833;Частое
22;четверг;13;1;0,0833;Частое
22;четверг;20;1;0,0833;Частое
22;четверг;4;1;0,0833;Частое
22;четверг;16;1;0,0833;Частое
22;четверг;5;2;0,1667;Редкое
22;четверг;2;2;0,1667;Редкое
22;четверг;11;1;0,0833;Редкое
22;четверг;17;1;0,0833;Редкое
22;четверг;19;1;0,0833;Редкое
22;четверг;1;1;0,0833;Редкое
22;четверг;13;1;0,0833;Редкое
22;четверг;20;1;0,0833;Редкое
22;четверг;4;1;0,0833;Редкое
22;четверг;16;1;0,0833;Редкое
22;пятница;13;3;0,25;Частое
22;пятница;20;2;0,1667;Частое
22;пятница;9;1;0,0833;Частое
22;пятница;11;1;0,0833;Частое
22;пятница;17;1;0,0833;Частое
22;пятница;8;1;0,0833;Частое
22;пятница;2;1;0,0833;Частое
22;пятница;10;1;0,0833;Частое
22;пятница;4;1;0,0833;Частое
22;пятница;13;3;0,25;Редкое
22;пятница;20;2;0,1667;Редкое
22;пятница;9;1;0,0833;Редкое
22;пятница;11;1;0,0833;Редкое
22;пятница;17;1;0,0833;Редкое
22;пятница;8;1;0,0833;Редкое
22;пятница;2;1;0,0833;Редкое
22;пятница;10;1;0,0833;Редкое
22;пятница;4;1;0,0833;Редкое
22;суббота;16;2;0,1667;Частое
22;суббота;10;2;0,1667;Частое
22;суббота;8;2;0,1667;Частое
22;суббота;4;1;0,0833;Частое
22;суббота;13;1;0,0833;Частое
22;суббота;5;1;0,0833;Частое
22;суббота;12;1;0,0833;Частое
22;суббота;17;1;0,0833;Частое
22;суббота;18;1;0,0833;Частое
22;суббота;16;2;0,1667;Редкое
22;суббота;10;2;0,1667;Редкое
22;суббота;8;2;0,1667;Редкое
22;суббота;4;1;0,0833;Редкое
22;суббота;13;1;0,0833;Редкое
22;суббота;5;1;0,0833;Редкое
22;суббота;12;1;0,0833;Редкое
22;суббота;17;1;0,0833;Редкое
22;суббота;18;1;0,0833;Редкое
22;воскресенье;8;4;0,1667;Частое
22;воскресенье;20;3;0,125;Частое
22;воскресенье;2;2;0,0833;Частое
22;воскресенье;15;2;0,0833;Частое
22;воскресенье;5;2;0,0833;Частое
22;воскресенье;1;2;0,0833;Частое
22;воскресенье;18;2;0,0833;Частое
22;воскресенье;13;2;0,0833;Частое
22;воскресенье;12;1;0,0417;Частое
22;воскресенье;10;1;0,0417;Частое
22;воскресенье;15;2;0,0833;Редкое
22;воскресенье;5;2;0,0833;Редкое
22;воскресенье;1;2;0,0833;Редкое
22;воскресенье;18;2;0,0833;Редкое
22;воскресенье;13;2;0,0833;Редкое
22;воскресенье;12;1;0,0417;Редкое
22;воскресенье;10;1;0,0417;Редкое
22;воскресенье;16;1;0,0417;Редкое
22;воскресенье;3;1;0,0417;Редкое
22;воскресенье;7;1;0,0417;Редкое
23;понедельник;16;3;0,125;Частое
23;понедельник;4;2;0,0833;Частое
23;понедельник;3;2;0,0833;Частое
23;понедельник;6;2;0,0833;Частое
23;понедельник;12;2;0,0833;Частое
23;понедельник;17;2;0,0833;Частое
23;понедельник;10;2;0,0833;Частое
23;понедельник;1;1;0,0417;Частое
23;понедельник;14;1;0,0417;Частое
23;понедельник;7;1;0,0417;Частое
23;понедельник;10;2;0,0833;Редкое
23;понедельник;1;1;0,0417;Редкое
23;понедельник;14;1;0,0417;Редкое
23;понедельник;7;1;0,0417;Редкое
23;понедельник;18;1;0,0417;Редкое
23;понедельник;8;1;0,0417;Редкое
23;понедельник;2;1;0,0417;Редкое
23;понедельник;5;1;0,0417;Редкое
23;понедельник;20;1;0,0417;Редкое
23;понедельник;19;1;0,0417;Редкое
23;вторник;1;2;0,1667;Частое
23;вторник;18;2;0,1667;Частое
23;вторник;14;2;0,1667;Частое
23;вторник;2;1;0,0833;Частое
23;вторник;6;1;0,0833;Частое
23;вторник;17;1;0,0833;Частое
23;вторник;13;1;0,0833;Частое
23;вторник;15;1;0,0833;Частое
23;вторник;10;1;0,0833;Частое
23;вторник;1;2;0,1667;Редкое
23;вторник;18;2;0,1667;Редкое
23;вторник;14;2;0,1667;Редкое
23;вторник;2;1;0,0833;Редкое
23;вторник;6;1;0,0833;Редкое
23;вторник;17;1;0,0833;Редкое
23;вторник;13;1;0,0833;Редкое
23;вторник;15;1;0,0833;Редкое
23;вторник;10;1;0,0833;Редкое
23;четверг;5;2;0,1667;Частое
23;четверг;14;2;0,1667;Частое
23;четверг;15;2;0,1667;Частое
23;четверг;2;1;0,0833;Частое
23;четверг;11;1;0,0833;Частое
23;четверг;17;1;0,0833;Частое
23;четверг;6;1;0,0833;Частое
23;четверг;4;1;0,0833;Частое
23;четверг;9;1;0,0833;Частое
23;четверг;5;2;0,1667;Редкое
23;четверг;14;2;0,1667;Редкое
23;четверг;15;2;0,1667;Редкое
23;четверг;2;1;0,0833;Редкое
23;четверг;11;1;0,0833;Редкое
23;четверг;17;1;0,0833;Редкое
23;четверг;6;1;0,0833;Редкое
23;четверг;4;1;0,0833;Редкое
23;четверг;9;1;0,0833;Редкое
23;пятница;4;2;0,1667;Частое
23;пятница;9;2;0,1667;Частое
23;пятница;11;1;0,0833;Частое
23;пятница;14;1;0,0833;Частое
23;пятница;16;1;0,0833;Частое
23;пятница;10;1;0,0833;Частое
23;пятница;3;1;0,0833;Частое
23;пятница;8;1;0,0833;Частое
23;пятница;13;1;0,0833;Частое
23;пятница;20;1;0,0833;Частое
23;пятница;4;2;0,1667;Редкое
23;пятница;9;2;0,1667;Редкое
23;пятница;11;1;0,0833;Редкое
23;пятница;14;1;0,0833;Редкое
23;пятница;16;1;0,0833;Редкое
23;пятница;10;1;0,0833;Редкое
23;пятница;3;1;0,0833;Редкое
23;пятница;8;1;0,0833;Редкое
23;пятница;13;1;0,0833;Редкое
23;пятница;20;1;0,0833;Редкое
23;суббота;15;3;0,25;Частое
23;суббота;12;2;0,1667;Частое
23;суббота;13;1;0,0833;Частое
23;суббота;1;1;0,0833;Частое
23;суббота;10;1;0,0833;Частое
23;суббота;18;1;0,0833;Частое
23;суббота;14;1;0,0833;Частое
23;суббота;16;1;0,0833;Частое
23;суббота;20;1;0,0833;Частое
23;суббота;15;3;0,25;Редкое
23;суббота;12;2;0,1667;Редкое
23;суббота;13;1;0,0833;Редкое
23;суббота;1;1;0,0833;Редкое
23;суббота;10;1;0,0833;Редкое
23;суббота;18;1;0,0833;Редкое
23;суббота;14;1;0,0833;Редкое
23;суббота;16;1;0,0833;Редкое
23;суббота;20;1;0,0833;Редкое
23;воскресенье;14;2;0,1667;Частое
23;воскресенье;4;1;0,0833;Частое
23;воскресенье;6;1;0,0833;Частое
23;воскресенье;11;1;0,0833;Частое
23;воскресенье;16;1;0,0833;Частое
23;воскресенье;20;1;0,0833;Частое
23;воскресенье;9;1;0,0833;Частое
23;воскресенье;15;1;0,0833;Частое
23;воскресенье;17;1;0,0833;Частое
23;воскресенье;7;1;0,0833;Частое
23;воскресенье;4;1;0,0833;Редкое
23;воскресенье;6;1;0,0833;Редкое
23;воскресенье;11;1;0,0833;Редкое
23;воскресенье;16;1;0,0833;Редкое
23;воскресенье;20;1;0,0833;Редкое
23;воскресенье;9;1;0,0833;Редкое
23;воскресенье;15;1;0,0833;Редкое
23;воскресенье;17;1;0,0833;Редкое
23;воскресенье;7;1;0,0833;Редкое
23;воскресенье;13;1;0,0833;Редкое
24;понедельник;4;2;0,1667;Частое
24;понедельник;1;2;0,1667;Частое
24;понедельник;18;2;0,1667;Частое
24;понедельник;16;1;0,0833;Частое
24;понедельник;17;1;0,0833;Частое
24;понедельник;10;1;0,0833;Частое
24;понедельник;5;1;0,0833;Частое
24;понедельник;12;1;0,0833;Частое
24;понедельник;20;1;0,0833;Частое
24;понедельник;4;2;0,1667;Редкое
24;понедельник;1;2;0,1667;Редкое
24;понедельник;18;2;0,1667;Редкое
24;понедельник;16;1;0,0833;Редкое
24;понедельник;17;1;0,0833;Редкое
24;понедельник;10;1;0,0833;Редкое
24;понедельник;5;1;0,0833;Редкое
24;понедельник;12;1;0,0833;Редкое
24;понедельник;20;1;0,0833;Редкое
24;вторник;19;3;0,125;Частое
24;вторник;5;3;0,125;Частое
24;вторник;13;3;0,125;Частое
24;вторник;14;2;0,0833;Частое
24;вторник;2;2;0,0833;Частое
24;вторник;12;2;0,0833;Частое
24;вторник;11;2;0,0833;Частое
24;вторник;6;2;0,0833;Частое
24;вторник;10;1;0,0417;Частое
24;вторник;9;1;0,0417;Частое
24;вторник;14;2;0,0833;Редкое
24;вторник;2;2;0,0833;Редкое
24;вторник;12;2;0,0833;Редкое
24;вторник;11;2;0,0833;Редкое
24;вторник;6;2;0,0833;Редкое
24;вторник;10;1;0,0417;Редкое
24;вторник;9;1;0,0417;Редкое
24;вторник;1;1;0,0417;Редкое
24;вторник;8;1;0,0417;Редкое
24;вторник;18;1;0,0417;Редкое
24;среда;1;1;0,0833;Частое
24;среда;5;1;0,0833;Частое
24;среда;9;1;0,0833;Частое
24;среда;2;1;0,0833;Частое
24;среда;12;1;0,0833;Частое
24;среда;15;1;0,0833;Частое
24;среда;3;1;0,0833;Частое
24;среда;7;1;0,0833;Частое
24;среда;10;1;0,0833;Частое
24;среда;8;1;0,0833;Частое
24;среда;9;1;0,0833;Редкое
24;среда;2;1;0,0833;Редкое
24;среда;12;1;0,0833;Редкое
24;среда;15;1;0,0833;Редкое
24;среда;3;1;0,0833;Редкое
24;среда;7;1;0,0833;Редкое
24;среда;10;1;0,0833;Редкое
24;среда;8;1;0,0833;Редкое
24;среда;13;1;0,0833;Редкое
24;среда;18;1;0,0833;Редкое
24;пятница;8;2;0,1667;Частое
24;пятница;13;2;0,1667;Частое
24;пятница;1;1;0,0833;Частое
24;пятница;5;1;0,0833;Частое
24;пятница;14;1;0,0833;Частое
24;пятница;12;1;0,0833;Частое
24;пятница;3;1;0,0833;Частое
24;пятница;19;1;0,0833;Частое
24;пятница;2;1;0,0833;Частое
24;пятница;9;1;0,0833;Частое
24;пятница;8;2;0,1667;Редкое
24;пятница;13;2;0,1667;Редкое
24;пятница;1;1;0,0833;Редкое
24;пятница;5;1;0,0833;Редкое
24;пятница;14;1;0,0833;Редкое
24;пятница;12;1;0,0833;Редкое
24;пятница;3;1;0,0833;Редкое
24;пятница;19;1;0,0833;Редкое
24;пятница;2;1;0,0833;Редкое
24;пятница;9;1;0,0833;Редкое
24;суббота;3;3;0,25;Частое
24;суббота;17;2;0,1667;Частое
24;суббота;11;1;0,0833;Частое
24;суббота;16;1;0,0833;Частое
24;суббота;12;1;0,0833;Частое
24;суббота;19;1;0,0833;Частое
24;суббота;2;1;0,0833;Частое
24;суббота;10;1;0,0833;Частое
24;суббота;8;1;0,0833;Частое
24;суббота;3;3;0,25;Редкое
24;суббота;17;2;0,1667;Редкое
24;суббота;11;1;0,0833;Редкое
24;суббота;16;1;0,0833;Редкое
24;суббота;12;1;0,0833;Редкое
24;суббота;19;1;0,0833;Редкое
24;суббота;2;1;0,0833;Редкое
24;суббота;10;1;0,0833;Редкое
24;суббота;8;1;0,0833;Редкое
24;воскресенье;4;2;0,1667;Частое
24;воскресенье;18;2;0,1667;Частое
24;воскресенье;6;1;0,0833;Частое
24;воскресенье;7;1;0,0833;Частое
24;воскресенье;11;1;0,0833;Частое
24;воскресенье;17;1;0,0833;Частое
24;воскресенье;20;1;0,0833;Частое
24;воскресенье;1;1;0,0833;Частое
24;воскресенье;2;1;0,0833;Частое
24;воскресенье;5;1;0,0833;Частое
24;воскресенье;4;2;0,1667;Редкое
24;воскресенье;18;2;0,1667;Редкое
24;воскресенье;6;1;0,0833;Редкое
24;воскресенье;7;1;0,0833;Редкое
24;воскресенье;11;1;0,0833;Редкое
24;воскресенье;17;1;0,0833;Редкое
24;воскресенье;20;1;0,0833;Редкое
24;воскресенье;1;1;0,0833;Редкое
24;воскресенье;2;1;0,0833;Редкое
24;воскресенье;5;1;0,0833;Редкое
25;понедельник;20;3;0,25;Частое
25;понедельник;16;2;0,1667;Частое
25;понедельник;15;2;0,1667;Частое
25;понедельник;2;1;0,0833;Частое
25;понедельник;10;1;0,0833;Частое
25;понедельник;5;1;0,0833;Частое
25;понедельник;11;1;0,0833;Частое
25;понедельник;13;1;0,0833;Частое
25;понедельник;20;3;0,25;Редкое
25;понедельник;16;2;0,1667;Редкое
25;понедельник;15;2;0,1667;Редкое
25;понедельник;2;1;0,0833;Редкое
25;понедельник;10;1;0,0833;Редкое
25;понедельник;5;1;0,0833;Редкое
25;понедельник;11;1;0,0833;Редкое
25;понедельник;13;1;0,0833;Редкое
25;вторник;15;3;0,25;Частое
25;вторник;11;2;0,1667;Частое
25;вторник;1;1;0,0833;Частое
25;вторник;8;1;0,0833;Частое
25;вторник;10;1;0,0833;Частое
25;вторник;9;1;0,0833;Частое
25;вторник;16;1;0,0833;Частое
25;вторник;2;1;0,0833;Частое
25;вторник;17;1;0,0833;Частое
25;вторник;15;3;0,25;Редкое
25;вторник;11;2;0,1667;Редкое
25;вторник;1;1;0,0833;Редкое
25;вторник;8;1;0,0833;Редкое
25;вторник;10;1;0,0833;Редкое
25;вторник;9;1;0,0833;Редкое
25;вторник;16;1;0,0833;Редкое
25;вторник;2;1;0,0833;Редкое
25;вторник;17;1;0,0833;Редкое
25;среда;11;3;0,125;Частое
25;среда;20;3;0,125;Частое
25;среда;7;3;0,125;Частое
25;среда;1;2;0,0833;Частое
25;среда;18;2;0,0833;Частое
25;среда;9;2;0,0833;Частое
25;среда;12;2;0,0833;Частое
25;среда;6;1;0,0417;Частое
25;среда;2;1;0,0417;Частое
25;среда;19;1;0,0417;Частое
25;среда;18;2;0,0833;Редкое
25;среда;9;2;0,0833;Редкое
25;среда;12;2;0,0833;Редкое
25;среда;6;1;0,0417;Редкое
25;среда;2;1;0,0417;Редкое
25;среда;19;1;0,0417;Редкое
25;среда;3;1;0,0417;Редкое
25;среда;15;1;0,0417;Редкое
25;среда;4;1;0,0417;Редкое
25;среда;16;1;0,0417;Редкое
25;четверг;5;2;0,1667;Частое
25;четверг;15;2;0,1667;Частое
25;четверг;12;1;0,0833;Частое
25;четверг;2;1;0,0833;Частое
25;четверг;13;1;0,0833;Частое
25;четверг;4;1;0,0833;Частое
25;четверг;6;1;0,0833;Частое
25;четверг;3;1;0,0833;Частое
25;четверг;14;1;0,0833;Частое
25;четверг;19;1;0,0833;Частое
25;четверг;5;2;0,1667;Редкое
25;четверг;15;2;0,1667;Редкое
25;четверг;12;1;0,0833;Редкое
25;четверг;2;1;0,0833;Редкое
25;четверг;13;1;0,0833;Редкое
25;четверг;4;1;0,0833;Редкое
25;четверг;6;1;0,0833;Редкое
25;четверг;3;1;0,0833;Редкое
25;четверг;14;1;0,0833;Редкое
25;четверг;19;1;0,0833;Редкое
25;суббота;10;2;0,1667;Частое
25;суббота;13;1;0,0833;Частое
25;суббота;17;1;0,0833;Частое
25;суббота;2;1;0,0833;Частое
25;суббота;15;1;0,0833;Частое
25;суббота;18;1;0,0833;Частое
25;суббота;4;1;0,0833;Частое
25;суббота;9;1;0,0833;Частое
25;суббота;5;1;0,0833;Частое
25;суббота;6;1;0,0833;Частое
25;суббота;13;1;0,0833;Редкое
25;суббота;17;1;0,0833;Редкое
25;суббота;2;1;0,0833;Редкое
25;суббота;15;1;0,0833;Редкое
25;суббота;18;1;0,0833;Редкое
25;суббота;4;1;0,0833;Редкое
25;суббота;9;1;0,0833;Редкое
25;суббота;5;1;0,0833;Редкое
25;суббота;6;1;0,0833;Редкое
25;суббота;16;1;0,0833;Редкое
25;воскресенье;13;2;0,1667;Частое
25;воскресенье;1;1;0,0833;Частое
25;воскресенье;5;1;0,0833;Частое
25;воскресенье;6;1;0,0833;Частое
25;воскресенье;4;1;0,0833;Частое
25;воскресенье;19;1;0,0833;Частое
25;воскресенье;15;1;0,0833;Частое
25;воскресенье;16;1;0,0833;Частое
25;воскресенье;17;1;0,0833;Частое
25;воскресенье;12;1;0,0833;Частое
25;воскресенье;1;1;0,0833;Редкое
25;воскресенье;5;1;0,0833;Редкое
25;воскресенье;6;1;0,0833;Редкое
25;воскресенье;4;1;0,0833;Редкое
25;воскресенье;19;1;0,0833;Редкое
25;воскресенье;15;1;0,0833;Редкое
25;воскресенье;16;1;0,0833;Редкое
25;воскресенье;17;1;0,0833;Редкое
25;воскресенье;12;1;0,0833;Редкое
25;воскресенье;18;1;0,0833;Редкое
26;понедельник;16;2;0,1667;Частое
26;понедельник;20;2;0,1667;Частое
26;понедельник;6;2;0,1667;Частое
26;понедельник;11;2;0,1667;Частое
26;понедельник;5;1;0,0833;Частое
26;понедельник;1;1;0,0833;Частое
26;понедельник;8;1;0,0833;Частое
26;понедельник;10;1;0,0833;Частое
26;понедельник;16;2;0,1667;Редкое
26;понедельник;20;2;0,1667;Редкое
26;понедельник;6;2;0,1667;Редкое
26;понедельник;11;2;0,1667;Редкое
26;понедельник;5;1;0,0833;Редкое
26;понедельник;1;1;0,0833;Редкое
26;понедельник;8;1;0,0833;Редкое
26;понедельник;10;1;0,0833;Редкое
26;вторник;2;3;0,25;Частое
26;вторник;9;2;0,1667;Частое
26;вторник;8;2;0,1667;Частое
26;вторник;19;1;0,0833;Частое
26;вторник;12;1;0,0833;Частое
26;вторник;1;1;0,0833;Частое
26;вторник;14;1;0,0833;Частое
26;вторник;17;1;0,0833;Частое
26;вторник;2;3;0,25;Редкое
26;вторник;9;2;0,1667;Редкое
26;вторник;8;2;0,1667;Редкое
26;вторник;19;1;0,0833;Редкое
26;вторник;12;1;0,0833;Редкое
26;вторник;1;1;0,0833;Редкое
26;вторник;14;1;0,0833;Редкое
26;вторник;17;1;0,0833;Редкое
26;среда;13;2;0,1667;Частое
26;среда;18;2;0,1667;Частое
26;среда;1;1;0,0833;Частое
26;среда;6;1;0,0833;Частое
26;среда;10;1;0,0833;Частое
26;среда;7;1;0,0833;Частое
26;среда;11;1;0,0833;Частое
26;среда;16;1;0,0833;Частое
26;среда;19;1;0,0833;Частое
26;среда;2;1;0,0833;Частое
26;среда;13;2;0,1667;Редкое
26;среда;18;2;0,1667;Редкое
26;среда;1;1;0,0833;Редкое
26;среда;6;1;0,0833;Редкое
26;среда;10;1;0,0833;Редкое
26;среда;7;1;0,0833;Редкое
26;среда;11;1;0,0833;Редкое
26;среда;16;1;0,0833;Редкое
26;среда;19;1;0,0833;Редкое
26;среда;2;1;0,0833;Редкое
26;четверг;12;4;0,1667;Частое
26;четверг;18;3;0,125;Частое
26;четверг;9;3;0,125;Частое
26;четверг;16;3;0,125;Частое
26;четверг;11;2;0,0833;Частое
26;четверг;10;2;0,0833;Частое
26;четверг;15;2;0,0833;Частое
26;четверг;3;1;0,0417;Частое
26;четверг;5;1;0,0417;Частое
26;четверг;17;1;0,0417;Частое
26;четверг;9;3;0,125;Редкое
26;четверг;16;3;0,125;Редкое
26;четверг;11;2;0,0833;Редкое
26;четверг;10;2;0,0833;Редкое
26;четверг;15;2;0,0833;Редкое
26;четверг;3;1;0,0417;Редкое
26;четверг;5;1;0,0417;Редкое
26;четверг;17;1;0,0417;Редкое
26;четверг;20;1;0,0417;Редкое
26;четверг;1;1;0,0417;Редкое
26;пятница;7;2;0,1667;Частое
26;пятница;10;1;0,0833;Частое
26;пятница;12;1;0,0833;Частое
26;пятница;16;1;0,0833;Частое
26;пятница;9;1;0,0833;Частое
26;пятница;15;1;0,0833;Частое
26;пятница;11;1;0,0833;Частое
26;пятница;19;1;0,0833;Частое
26;пятница;20;1;0,0833;Частое
26;пятница;1;1;0,0833;Частое
26;пятница;10;1;0,0833;Редкое
26;пятница;12;1;0,0833;Редкое
26;пятница;16;1;0,0833;Редкое
26;пятница;9;1;0,0833;Редкое
26;пятница;15;1;0,0833;Редкое
26;пятница;11;1;0,0833;Редкое
26;пятница;19;1;0,0833;Редкое
26;пятница;20;1;0,0833;Редкое
26;пятница;1;1;0,0833;Редкое
26;пятница;18;1;0,0833;Редкое
26;воскресенье;19;2;0,1667;Частое
26;воскресенье;20;2;0,1667;Частое
26;воскресенье;9;2;0,1667;Частое
26;воскресенье;3;1;0,0833;Частое
26;воскресенье;11;1;0,0833;Частое
26;воскресенье;4;1;0,0833;Частое
26;воскресенье;13;1;0,0833;Частое
26;воскресенье;6;1;0,0833;Частое
26;воскресенье;1;1;0,0833;Частое
26;воскресенье;19;2;0,1667;Редкое
26;воскресенье;20;2;0,1667;Редкое
26;воскресенье;9;2;0,1667;Редкое
26;воскресенье;3;1;0,0833;Редкое
26;воскресенье;11;1;0,0833;Редкое
26;воскресенье;4;1;0,0833;Редкое
26;воскресенье;13;1;0,0833;Редкое
26;воскресенье;6;1;0,0833;Редкое
26;воскресенье;1;1;0,0833;Редкое
27;понедельник;6;2;0,1667;Частое
27;понедельник;11;1;0,0833;Частое
27;понедельник;19;1;0,0833;Частое
27;понедельник;20;1;0,0833;Частое
27;понедельник;12;1;0,0833;Частое
27;понедельник;17;1;0,0833;Частое
27;понедельник;1;1;0,0833;Частое
27;понедельник;10;1;0,0833;Частое
27;понедельник;2;1;0,0833;Частое
27;понедельник;15;1;0,0833;Частое
27;понедельник;11;1;0,0833;Редкое
27;понедельник;19;1;0,0833;Редкое
27;понедельник;20;1;0,0833;Редкое
27;понедельник;12;1;0,0833;Редкое
27;понедельник;17;1;0,0833;Редкое
27;понедельник;1;1;0,0833;Редкое
27;понедельник;10;1;0,0833;Редкое
27;понедельник;2;1;0,0833;Редкое
27;понедельник;15;1;0,0833;Редкое
27;понедельник;16;1;0,0833;Редкое
27;вторник;20;3;0,25;Частое
27;вторник;1;1;0,0833;Частое
27;вторник;5;1;0,0833;Частое
27;вторник;12;1;0,0833;Частое
27;вторник;4;1;0,0833;Частое
27;вторник;7;1;0,0833;Частое
27;вторник;3;1;0,0833;Частое
27;вторник;11;1;0,0833;Частое
27;вторник;2;1;0,0833;Частое
27;вторник;9;1;0,0833;Частое
27;вторник;20;3;0,25;Редкое
27;вторник;1;1;0,0833;Редкое
27;вторник;5;1;0,0833;Редкое
27;вторник;12;1;0,0833;Редкое
27;вторник;4;1;0,0833;Редкое
27;вторник;7;1;0,0833;Редкое
27;вторник;3;1;0,0833;Редкое
27;вторник;11;1;0,0833;Редкое
27;вторник;2;1;0,0833;Редкое
27;вторник;9;1;0,0833;Редкое
27;среда;5;2;0,1667;Частое
27;среда;4;2;0,1667;Частое
27;среда;6;1;0,0833;Частое
27;среда;8;1;0,0833;Частое
27;среда;16;1;0,0833;Частое
27;среда;17;1;0,0833;Частое
27;среда;9;1;0,0833;Частое
27;среда;11;1;0,0833;Частое
27;среда;2;1;0,0833;Частое
27;среда;10;1;0,0833;Частое
27;среда;5;2;0,1667;Редкое
27;среда;4;2;0,1667;Редкое
27;среда;6;1;0,0833;Редкое
27;среда;8;1;0,0833;Редкое
27;среда;16;1;0,0833;Редкое
27;среда;17;1;0,0833;Редкое
27;среда;9;1;0,0833;Редкое
27;среда;11;1;0,0833;Редкое
27;среда;2;1;0,0833;Редкое
27;среда;10;1;0,0833;Редкое
27;четверг;18;2;0,1667;Частое
27;четверг;17;2;0,1667;Частое
27;четверг;6;1;0,0833;Частое
27;четверг;11;1;0,0833;Частое
27;четверг;12;1;0,0833;Частое
27;четверг;15;1;0,0833;Частое
27;четверг;5;1;0,0833;Частое
27;четверг;14;1;0,0833;Частое
27;четверг;8;1;0,0833;Частое
27;четверг;13;1;0,0833;Частое
27;четверг;18;2;0,1667;Редкое
27;четверг;17;2;0,1667;Редкое
27;четверг;6;1;0,0833;Редкое
27;четверг;11;1;0,0833;Редкое
27;четверг;12;1;0,0833;Редкое
27;четверг;15;1;0,0833;Редкое
27;четверг;5;1;0,0833;Редкое
27;четверг;14;1;0,0833;Редкое
27;четверг;8;1;0,0833;Редкое
27;четверг;13;1;0,0833;Редкое
27;пятница;18;4;0,1667;Частое
27;пятница;15;3;0,125;Частое
27;пятница;4;2;0,0833;Частое
27;пятница;14;2;0,0833;Частое
27;пятница;20;2;0,0833;Частое
27;пятница;5;2;0,0833;Частое
27;пятница;7;1;0,0417;Частое
27;пятница;1;1;0,0417;Частое
27;пятница;9;1;0,0417;Частое
27;пятница;2;1;0,0417;Частое
27;пятница;5;2;0,0833;Редкое
27;пятница;7;1;0,0417;Редкое
27;пятница;1;1;0,0417;Редкое
27;пятница;9;1;0,0417;Редкое
27;пятница;2;1;0,0417;Редкое
27;пятница;3;1;0,0417;Редкое
27;пятница;11;1;0,0417;Редкое
27;пятница;17;1;0,0417;Редкое
27;пятница;8;1;0,0417;Редкое
27;пятница;12;1;0,0417;Редкое
27;суббота;20;3;0,25;Частое
27;суббота;10;2;0,1667;Частое
27;суббота;7;1;0,0833;Частое
27;суббота;11;1;0,0833;Частое
27;суббота;15;1;0,0833;Частое
27;суббота;1;1;0,0833;Частое
27;суббота;3;1;0,0833;Частое
27;суббота;16;1;0,0833;Частое
27;суббота;8;1;0,0833;Частое
27;суббота;20;3;0,25;Редкое
27;суббота;10;2;0,1667;Редкое
27;суббота;7;1;0,0833;Редкое
27;суббота;11;1;0,0833;Редкое
27;суббота;15;1;0,0833;Редкое
27;суббота;1;1;0,0833;Редкое
27;суббота;3;1;0,0833;Редкое
27;суббота;16;1;0,0833;Редкое
27;суббота;8;1;0,0833;Редкое
28;вторник;17;2;0,1667;Частое
28;вторник;11;2;0,1667;Частое
28;вторник;13;2;0,1667;Частое
28;вторник;6;1;0,0833;Частое
28;вторник;14;1;0,0833;Частое
28;вторник;18;1;0,0833;Частое
28;вторник;9;1;0,0833;Частое
28;вторник;19;1;0,0833;Частое
28;вторник;16;1;0,0833;Частое
28;вторник;17;2;0,1667;Редкое
28;вторник;11;2;0,1667;Редкое
28;вторник;13;2;0,1667;Редкое
28;вторник;6;1;0,0833;Редкое
28;вторник;14;1;0,0833;Редкое
28;вторник;18;1;0,0833;Редкое
28;вторник;9;1;0,0833;Редкое
28;вторник;19;1;0,0833;Редкое
28;вторник;16;1;0,0833;Редкое
28;среда;2;2;0,1667;Частое
28;среда;1;2;0,1667;Частое
28;среда;12;1;0,0833;Частое
28;среда;18;1;0,0833;Частое
28;среда;9;1;0,0833;Частое
28;среда;17;1;0,0833;Частое
28;среда;20;1;0,0833;Частое
28;среда;8;1;0,0833;Частое
28;среда;3;1;0,0833;Частое
28;среда;10;1;0,0833;Частое
28;среда;2;2;0,1667;Редкое
28;среда;1;2;0,1667;Редкое
28;среда;12;1;0,0833;Редкое
28;среда;18;1;0,0833;Редкое
28;среда;9;1;0,0833;Редкое
28;среда;17;1;0,0833;Редкое
28;среда;20;1;0,0833;Редкое
28;среда;8;1;0,0833;Редкое
28;среда;3;1;0,0833;Редкое
28;среда;10;1;0,0833;Редкое
28;четверг;12;2;0,1667;Частое
28;четверг;15;2;0,1667;Частое
28;четверг;4;1;0,0833;Частое
28;четверг;20;1;0,0833;Частое
28;четверг;19;1;0,0833;Частое
28;четверг;7;1;0,0833;Частое
28;четверг;10;1;0,0833;Частое
28;четверг;2;1;0,0833;Частое
28;четверг;6;1;0,0833;Частое
28;четверг;13;1;0,0833;Частое
28;четверг;12;2;0,1667;Редкое
28;четверг;15;2;0,1667;Редкое
28;четверг;4;1;0,0833;Редкое
28;четверг;20;1;0,0833;Редкое
28;четверг;19;1;0,0833;Редкое
28;четверг;7;1;0,0833;Редкое
28;четверг;10;1;0,0833;Редкое
28;четверг;2;1;0,0833;Редкое
28;четверг;6;1;0,0833;Редкое
28;четверг;13;1;0,0833;Редкое
28;пятница;9;3;0,25;Частое
28;пятница;17;2;0,1667;Частое
28;пятница;14;1;0,0833;Частое
28;пятница;10;1;0,0833;Частое
28;пятница;1;1;0,0833;Частое
28;пятница;16;1;0,0833;Частое
28;пятница;8;1;0,0833;Частое
28;пятница;12;1;0,0833;Частое
28;пятница;13;1;0,0833;Частое
28;пятница;9;3;0,25;Редкое
28;пятница;17;2;0,1667;Редкое
28;пятница;14;1;0,0833;Редкое
28;пятница;10;1;0,0833;Редкое
28;пятница;1;1;0,0833;Редкое
28;пятница;16;1;0,0833;Редкое
28;пятница;8;1;0,0833;Редкое
28;пятница;12;1;0,0833;Редкое
28;пятница;13;1;0,0833;Редкое
28;суббота;10;3;0,125;Частое
28;суббота;16;3;0,125;Частое
28;суббота;1;2;0,0833;Частое
28;суббота;7;2;0,0833;Частое
28;суббота;17;2;0,0833;Частое
28;суббота;4;2;0,0833;Частое
28;суббота;6;1;0,0417;Частое
28;суббота;18;1;0,0417;Частое
28;суббота;3;1;0,0417;Частое
28;суббота;14;1;0,0417;Частое
28;суббота;6;1;0,0417;Редкое
28;суббота;18;1;0,0417;Редкое
28;суббота;3;1;0,0417;Редкое
28;суббота;14;1;0,0417;Редкое
28;суббота;12;1;0,0417;Редкое
28;суббота;13;1;0,0417;Редкое
28;суббота;15;1;0,0417;Редкое
28;суббота;5;1;0,0417;Редкое
28;суббота;20;1;0,0417;Редкое
28;суббота;2;1;0,0417;Редкое
28;воскресенье;5;2;0,1667;Частое
28;воскресенье;16;2;0,1667;Частое
28;воскресенье;2;2;0,1667;Частое
28;воскресенье;18;1;0,0833;Частое
28;воскресенье;20;1;0,0833;Частое
28;воскресенье;4;1;0,0833;Частое
28;воскресенье;7;1;0,0833;Частое
28;воскресенье;6;1;0,0833;Частое
28;воскресенье;17;1;0,0833;Частое
28;воскресенье;5;2;0,1667;Редкое
28;воскресенье;16;2;0,1667;Редкое
28;воскресенье;2;2;0,1667;Редкое
28;воскресенье;18;1;0,0833;Редкое
28;воскресенье;20;1;0,0833;Редкое
28;воскресенье;4;1;0,0833;Редкое
28;воскресенье;7;1;0,0833;Редкое
28;воскресенье;6;1;0,0833;Редкое
28;воскресенье;17;1;0,0833;Редкое
29;понедельник;5;4;0,3333;Частое
29;понедельник;12;3;0,25;Частое
29;понедельник;20;2;0,1667;Частое
29;понедельник;18;1;0,0833;Частое
29;понедельник;8;1;0,0833;Частое
29;понедельник;1;1;0,0833;Частое
29;понедельник;5;4;0,3333;Редкое
29;понедельник;12;3;0,25;Редкое
29;понедельник;20;2;0,1667;Редкое
29;понедельник;18;1;0,0833;Редкое
29;понедельник;8;1;0,0833;Редкое
29;понедельник;1;1;0,0833;Редкое
29;среда;8;3;0,125;Частое
29;среда;1;3;0,125;Частое
29;среда;16;2;0,0833;Частое
29;среда;15;2;0,0833;Частое
29;среда;18;2;0,0833;Частое
29;среда;10;2;0,0833;Частое
29;среда;6;2;0,0833;Частое
29;среда;9;1;0,0417;Частое
29;среда;3;1;0,0417;Частое
29;среда;11;1;0,0417;Частое
29;среда;10;2;0,0833;Редкое
29;среда;6;2;0,0833;Редкое
29;среда;9;1;0,0417;Редкое
29;среда;3;1;0,0417;Редкое
29;среда;11;1;0,0417;Редкое
29;среда;19;1;0,0417;Редкое
29;среда;5;1;0,0417;Редкое
29;среда;13;1;0,0417;Редкое
29;среда;12;1;0,0417;Редкое
29;среда;14;1;0,0417;Редкое
29;четверг;1;3;0,25;Частое
29;четверг;17;2;0,1667;Частое
29;четверг;16;2;0,1667;Частое
29;четверг;15;1;0,0833;Частое
29;четверг;18;1;0,0833;Частое
29;четверг;5;1;0,0833;Частое
29;четверг;3;1;0,0833;Частое
29;четверг;11;1;0,0833;Частое
29;четверг;1;3;0,25;Редкое
29;четверг;17;2;0,1667;Редкое
29;четверг;16;2;0,1667;Редкое
29;четверг;15;1;0,0833;Редкое
29;четверг;18;1;0,0833;Редкое
29;четверг;5;1;0,0833;Редкое
29;четверг;3;1;0,0833;Редкое
29;четверг;11;1;0,0833;Редкое
29;пятница;7;2;0,1667;Частое
29;пятница;19;2;0,1667;Частое
29;пятница;5;2;0,1667;Частое
29;пятница;9;1;0,0833;Частое
29;пятница;4;1;0,0833;Частое
29;пятница;2;1;0,0833;Частое
29;пятница;3;1;0,0833;Частое
29;пятница;17;1;0,0833;Частое
29;пятница;18;1;0,0833;Частое
29;пятница;7;2;0,1667;Редкое
29;пятница;19;2;0,1667;Редкое
29;пятница;5;2;0,1667;Редкое
29;пятница;9;1;0,0833;Редкое
29;пятница;4;1;0,0833;Редкое
29;пятница;2;1;0,0833;Редкое
29;пятница;3;1;0,0833;Редкое
29;пятница;17;1;0,0833;Редкое
29;пятница;18;1;0,0833;Редкое
29;суббота;4;2;0,1667;Частое
29;суббота;6;2;0,1667;Частое
29;суббота;17;2;0,1667;Частое
29;суббота;13;1;0,0833;Частое
29;суббота;3;1;0,0833;Частое
29;суббота;19;1;0,0833;Частое
29;суббота;5;1;0,0833;Частое
29;суббота;11;1;0,0833;Частое
29;суббота;14;1;0,0833;Частое
29;суббота;4;2;0,1667;Редкое
29;суббота;6;2;0,1667;Редкое
29;суббота;17;2;0,1667;Редкое
29;суббота;13;1;0,0833;Редкое
29;суббота;3;1;0,0833;Редкое
29;суббота;19;1;0,0833;Редкое
29;суббота;5;1;0,0833;Редкое
29;суббота;11;1;0,0833;Редкое
29;суббота;14;1;0,0833;Редкое
29;воскресенье;3;2;0,1667;Частое
29;воскресенье;11;2;0,1667;Частое
29;воскресенье;19;2;0,1667;Частое
29;воскресенье;7;1;0,0833;Частое
29;воскресенье;10;1;0,0833;Частое
29;воскресенье;14;1;0,0833;Частое
29;воскресенье;2;1;0,0833;Частое
29;воскресенье;12;1;0,0833;Частое
29;воскресенье;17;1;0,0833;Частое
29;воскресенье;3;2;0,1667;Редкое
29;воскресенье;11;2;0,1667;Редкое
29;воскресенье;19;2;0,1667;Редкое
29;воскресенье;7;1;0,0833;Редкое
29;воскресенье;10;1;0,0833;Редкое
29;воскресенье;14;1;0,0833;Редкое
29;воскресенье;2;1;0,0833;Редкое
29;воскресенье;12;1;0,0833;Редкое
29;воскресенье;17;1;0,0833;Редкое
30;понедельник;7;3;0,25;Частое
30;понедельник;6;1;0,0833;Частое
30;понедельник;8;1;0,0833;Частое
30;понедельник;20;1;0,0833;Частое
30;понедельник;1;1;0,0833;Частое
30;понедельник;18;1;0,0833;Частое
30;понедельник;4;1;0,0833;Частое
30;понедельник;11;1;0,0833;Частое
30;понедельник;14;1;0,0833;Частое
30;понедельник;17;1;0,0833;Частое
30;понедельник;7;3;0,25;Редкое
30;понедельник;6;1;0,0833;Редкое
30;понедельник;8;1;0,0833;Редкое
30;понедельник;20;1;0,0833;Редкое
30;понедельник;1;1;0,0833;Редкое
30;понедельник;18;1;0,0833;Редкое
30;понедельник;4;1;0,0833;Редкое
30;понедельник;11;1;0,0833;Редкое
30;понедельник;14;1;0,0833;Редкое
30;понедельник;17;1;0,0833;Редкое
30;вторник;9;3;0,25;Частое
30;вторник;1;1;0,0833;Частое
30;вторник;12;1;0,0833;Частое
30;вторник;7;1;0,0833;Частое
30;вторник;19;1;0,0833;Частое
30;вторник;14;1;0,0833;Частое
30;вторник;17;1;0,0833;Частое
30;вторник;4;1;0,0833;Частое
30;вторник;11;1;0,0833;Частое
30;вторник;18;1;0,0833;Частое
30;вторник;9;3;0,25;Редкое
30;вторник;1;1;0,0833;Редкое
30;вторник;12;1;0,0833;Редкое
30;вторник;7;1;0,0833;Редкое
30;вторник;19;1;0,0833;Редкое
30;вторник;14;1;0,0833;Редкое
30;вторник;17;1;0,0833;Редкое
30;вторник;4;1;0,0833;Редкое
30;вторник;11;1;0,0833;Редкое
30;вторник;18;1;0,0833;Редкое
30;четверг;8;3;0,125;Частое
30;четверг;11;2;0,0833;Частое
30;четверг;5;2;0,0833;Частое
30;четверг;7;2;0,0833;Частое
30;четверг;13;2;0,0833;Частое
30;четверг;18;2;0,0833;Частое
30;четверг;4;2;0,0833;Частое
30;четверг;10;1;0,0417;Частое
30;четверг;2;1;0,0417;Частое
30;четверг;9;1;0,0417;Частое
30;четверг;4;2;0,0833;Редкое
30;четверг;10;1;0,0417;Редкое
30;четверг;2;1;0,0417;Редкое
30;четверг;9;1;0,0417;Редкое
30;четверг;12;1;0,0417;Редкое
30;четверг;1;1;0,0417;Редкое
30;четверг;16;1;0,0417;Редкое
30;четверг;6;1;0,0417;Редкое
30;четверг;14;1;0,0417;Редкое
30;четверг;19;1;0,0417;Редкое
30;пятница;1;2;0,1667;Частое
30;пятница;8;2;0,1667;Частое
30;пятница;9;2;0,1667;Частое
30;пятница;16;1;0,0833;Частое
30;пятница;6;1;0,0833;Частое
30;пятница;14;1;0,0833;Частое
30;пятница;17;1;0,0833;Частое
30;пятница;11;1;0,0833;Частое
30;пятница;20;1;0,0833;Частое
30;пятница;1;2;0,1667;Редкое
30;пятница;8;2;0,1667;Редкое
30;пятница;9;2;0,1667;Редкое
30;пятница;16;1;0,0833;Редкое
30;пятница;6;1;0,0833;Редкое
30;пятница;14;1;0,0833;Редкое
30;пятница;17;1;0,0833;Редкое
30;пятница;11;1;0,0833;Редкое
30;пятница;20;1;0,0833;Редкое
30;суббота;1;2;0,1667;Частое
30;суббота;6;1;0,0833;Частое
30;суббота;14;1;0,0833;Частое
30;суббота;13;1;0,0833;Частое
30;суббота;16;1;0,0833;Частое
30;суббота;2;1;0,0833;Частое
30;суббота;9;1;0,0833;Частое
30;суббота;15;1;0,0833;Частое
30;суббота;5;1;0,0833;Частое
30;суббота;18;1;0,0833;Частое
30;суббота;6;1;0,0833;Редкое
30;суббота;14;1;0,0833;Редкое
30;суббота;13;1;0,0833;Редкое
30;суббота;16;1;0,0833;Редкое
30;суббота;2;1;0,0833;Редкое
30;суббота;9;1;0,0833;Редкое
30;суббота;15;1;0,0833;Редкое
30;суббота;5;1;0,0833;Редкое
30;суббота;18;1;0,0833;Редкое
30;суббота;20;1;0,0833;Редкое
30;воскресенье;1;2;0,1667;Частое
30;воскресенье;10;2;0,1667;Частое
30;воскресенье;7;1;0,0833;Частое
30;воскресенье;11;1;0,0833;Частое
30;воскресенье;2;1;0,0833;Частое
30;воскресенье;17;1;0,0833;Частое
30;воскресенье;3;1;0,0833;Частое
30;воскресенье;9;1;0,0833;Частое
30;воскресенье;4;1;0,0833;Частое
30;воскресенье;16;1;0,0833;Частое
30;воскресенье;1;2;0,1667;Редкое
30;воскресенье;10;2;0,1667;Редкое
30;воскресенье;7;1;0,0833;Редкое
30;воскресенье;11;1;0,0833;Редкое
30;воскресенье;2;1;0,0833;Редкое
30;воскресенье;17;1;0,0833;Редкое
30;воскресенье;3;1;0,0833;Редкое
30;воскресенье;9;1;0,0833;Редкое
30;воскресенье;4;1;0,0833;Редкое
30;воскресенье;16;1;0,0833;Редкое
31;вторник;16;2;0,1667;Частое
31;вторник;3;1;0,0833;Частое
31;вторник;11;1;0,0833;Частое
31;вторник;7;1;0,0833;Частое
31;вторник;10;1;0,0833;Частое
31;вторник;1;1;0,0833;Частое
31;вторник;17;1;0,0833;Частое
31;вторник;19;1;0,0833;Частое
31;вторник;4;1;0,0833;Частое
31;вторник;6;1;0,0833;Частое
31;вторник;3;1;0,0833;Редкое
31;вторник;11;1;0,0833;Редкое
31;вторник;7;1;0,0833;Редкое
31;вторник;10;1;0,0833;Редкое
31;вторник;1;1;0,0833;Редкое
31;вторник;17;1;0,0833;Редкое
31;вторник;19;1;0,0833;Редкое
31;вторник;4;1;0,0833;Редкое
31;вторник;6;1;0,0833;Редкое
31;вторник;9;1;0,0833;Редкое
31;среда;7;2;0,1667;Частое
31;среда;6;1;0,0833;Частое
31;среда;20;1;0,0833;Частое
31;среда;8;1;0,0833;Частое
31;среда;11;1;0,0833;Частое
31;среда;2;1;0,0833;Частое
31;среда;3;1;0,0833;Частое
31;среда;17;1;0,0833;Частое
31;среда;12;1;0,0833;Частое
31;среда;16;1;0,0833;Частое
31;среда;6;1;0,0833;Редкое
31;среда;20;1;0,0833;Редкое
31;среда;8;1;0,0833;Редкое
31;среда;11;1;0,0833;Редкое
31;среда;2;1;0,0833;Редкое
31;среда;3;1;0,0833;Редкое
31;среда;17;1;0,0833;Редкое
31;среда;12;1;0,0833;Редкое
31;среда;16;1;0,0833;Редкое
31;среда;19;1;0,0833;Редкое
31;пятница;9;2;0,1667;Частое
31;пятница;1;1;0,0833;Частое
31;пятница;13;1;0,0833;Частое
31;пятница;11;1;0,0833;Частое
31;пятница;17;1;0,0833;Частое
31;пятница;6;1;0,0833;Частое
31;пятница;7;1;0,0833;Частое
31;пятница;14;1;0,0833;Частое
31;пятница;10;1;0,0833;Частое
31;пятница;16;1;0,0833;Частое
31;пятница;1;1;0,0833;Редкое
31;пятница;13;1;0,0833;Редкое
31;пятница;11;1;0,0833;Редкое
31;пятница;17;1;0,0833;Редкое
31;пятница;6;1;0,0833;Редкое
31;пятница;7;1;0,0833;Редкое
31;пятница;14;1;0,0833;Редкое
31;пятница;10;1;0,0833;Редкое
31;пятница;16;1;0,0833;Редкое
31;пятница;18;1;0,0833;Редкое
31;суббота;2;3;0,25;Частое
31;суббота;9;2;0,1667;Частое
31;суббота;1;1;0,0833;Частое
31;суббота;19;1;0,0833;Частое
31;суббота;20;1;0,0833;Частое
31;суббота;18;1;0,0833;Частое
31;суббота;7;1;0,0833;Частое
31;суббота;13;1;0,0833;Частое
31;суббота;10;1;0,0833;Частое
31;суббота;2;3;0,25;Редкое
31;суббота;9;2;0,1667;Редкое
31;суббота;1;1;0,0833;Редкое
31;суббота;19;1;0,0833;Редкое
31;суббота;20;1;0,0833;Редкое
31;суббота;18;1;0,0833;Редкое
31;суббота;7;1;0,0833;Редкое
31;суббота;13;1;0,0833;Редкое
31;суббота;10;1;0,0833;Редкое
31;воскресенье;11;2;0,1667;Частое
31;воскресенье;4;1;0,0833;Частое
31;воскресенье;10;1;0,0833;Частое
31;воскресенье;5;1;0,0833;Частое
31;воскресенье;9;1;0,0833;Частое
31;воскресенье;1;1;0,0833;Частое
31;воскресенье;14;1;0,0833;Частое
31;воскресенье;19;1;0,0833;Частое
31;воскресенье;3;1;0,0833;Частое
31;воскресенье;6;1;0,0833;Частое
31;воскресенье;4;1;0,0833;Редкое
31;воскресенье;10;1;0,0833;Редкое
31;воскресенье;5;1;0,0833;Редкое
31;воскресенье;9;1;0,0833;Редкое
31;воскресенье;1;1;0,0833;Редкое
31;воскресенье;14;1;0,0833;Редкое
31;воскресенье;19;1;0,0833;Редкое
31;воскресенье;3;1;0,0833;Редкое
31;воскресенье;6;1;0,0833;Редкое
31;воскресенье;8;1;0,0833;Редкое
