День месяца;День недели;№ Шара;Кол-во выпадений;Шанс (%);Тип
1;понедельник;18;4;0,0952;Частое
1;понедельник;7;3;0,0714;Частое
1;понедельник;19;3;0,0714;Частое
1;понедельник;4;3;0,0714;Частое
1;понедельник;5;3;0,0714;Частое
1;понедельник;16;3;0,0714;Частое
1;понедельник;13;3;0,0714;Частое
1;понедельник;2;3;0,0714;Частое
1;понедельник;1;2;0,0476;Частое
1;понедельник;8;2;0,0476;Частое
1;понедельник;1;2;0,0476;Редкое
1;понедельник;8;2;0,0476;Редкое
1;понедельник;17;2;0,0476;Редкое
1;понедельник;20;2;0,0476;Редкое
1;понедельник;9;2;0,0476;Редкое
1;понедельник;15;2;0,0476;Редкое
1;понедельник;14;2;0,0476;Редкое
1;понедельник;11;1;0,0238;Редкое
1;понедельник;6;1;0,0238;Редкое
1;понедельник;10;1;0,0238;Редкое
1;среда;8;2;0,1667;Частое
1;среда;1;2;0,1667;Частое
1;среда;3;1;0,0833;Частое
1;среда;9;1;0,0833;Частое
1;среда;7;1;0,0833;Частое
1;среда;10;1;0,0833;Частое
1;среда;4;1;0,0833;Частое
1;среда;6;1;0,0833;Частое
1;среда;11;1;0,0833;Частое
1;среда;18;1;0,0833;Частое
1;среда;8;2;0,1667;Редкое
1;среда;1;2;0,1667;Редкое
1;среда;3;1;0,0833;Редкое
1;среда;9;1;0,0833;Редкое
1;среда;7;1;0,0833;Редкое
1;среда;10;1;0,0833;Редкое
1;среда;4;1;0,0833;Редкое
1;среда;6;1;0,0833;Редкое
1;среда;11;1;0,0833;Редкое
1;среда;18;1;0,0833;Редкое
1;четверг;14;2;0,1667;Частое
1;четверг;9;2;0,1667;Частое
1;четверг;10;1;0,0833;Частое
1;четверг;17;1;0,0833;Частое
1;четверг;2;1;0,0833;Частое
1;четверг;5;1;0,0833;Частое
1;четверг;13;1;0,0833;Частое
1;четверг;12;1;0,0833;Частое
1;четверг;19;1;0,0833;Частое
1;четверг;18;1;0,0833;Частое
1;четверг;14;2;0,1667;Редкое
1;четверг;9;2;0,1667;Редкое
1;четверг;10;1;0,0833;Редкое
1;четверг;17;1;0,0833;Редкое
1;четверг;2;1;0,0833;Редкое
1;четверг;5;1;0,0833;Редкое
1;четверг;13;1;0,0833;Редкое
1;четверг;12;1;0,0833;Редкое
1;четверг;19;1;0,0833;Редкое
1;четверг;18;1;0,0833;Редкое
1;пятница;5;2;0,1667;Частое
1;пятница;9;2;0,1667;Частое
1;пятница;7;1;0,0833;Частое
1;пятница;13;1;0,0833;Частое
1;пятница;6;1;0,0833;Частое
1;пятница;12;1;0,0833;Частое
1;пятница;15;1;0,0833;Частое
1;пятница;19;1;0,0833;Частое
1;пятница;8;1;0,0833;Частое
1;пятница;20;1;0,0833;Частое
1;пятница;5;2;0,1667;Редкое
1;пятница;9;2;0,1667;Редкое
1;пятница;7;1;0,0833;Редкое
1;пятница;13;1;0,0833;Редкое
1;пятница;6;1;0,0833;Редкое
1;пятница;12;1;0,0833;Редкое
1;пятница;15;1;0,0833;Редкое
1;пятница;19;1;0,0833;Редкое
1;пятница;8;1;0,0833;Редкое
1;пятница;20;1;0,0833;Редкое
1;суббота;20;2;0,1667;Частое
1;суббота;14;2;0,1667;Частое
1;суббота;8;1;0,0833;Частое
1;суббота;16;1;0,0833;Частое
1;суббота;10;1;0,0833;Частое
1;суббота;15;1;0,0833;Частое
1;суббота;1;1;0,0833;Частое
1;суббота;2;1;0,0833;Частое
1;суббота;5;1;0,0833;Частое
1;суббота;7;1;0,0833;Частое
1;суббота;20;2;0,1667;Редкое
1;суббота;14;2;0,1667;Редкое
1;суббота;8;1;0,0833;Редкое
1;суббота;16;1;0,0833;Редкое
1;суббота;10;1;0,0833;Редкое
1;суббота;15;1;0,0833;Редкое
1;суббота;1;1;0,0833;Редкое
1;суббота;2;1;0,0833;Редкое
1;суббота;5;1;0,0833;Редкое
1;суббота;7;1;0,0833;Редкое
1;воскресенье;3;3;0,125;Частое
1;воскресенье;20;3;0,125;Частое
1;воскресенье;8;3;0,125;Частое
1;воскресенье;6;2;0,0833;Частое
1;воскресенье;7;2;0,0833;Частое
1;воскресенье;5;2;0,0833;Частое
1;воскресенье;12;2;0,0833;Частое
1;воскресенье;18;2;0,0833;Частое
1;воскресенье;2;1;0,0417;Частое
1;воскресенье;19;1;0,0417;Частое
1;воскресенье;6;2;0,0833;Редкое
1;воскресенье;7;2;0,0833;Редкое
1;воскресенье;5;2;0,0833;Редкое
1;воскресенье;12;2;0,0833;Редкое
1;воскресенье;18;2;0,0833;Редкое
1;воскресенье;2;1;0,0417;Редкое
1;воскресенье;19;1;0,0417;Редкое
1;воскресенье;16;1;0,0417;Редкое
1;воскресенье;11;1;0,0417;Редкое
1;воскресенье;9;1;0,0417;Редкое
2;понедельник;15;3;0,125;Частое
2;понедельник;5;3;0,125;Частое
2;понедельник;10;2;0,0833;Частое
2;понедельник;12;2;0,0833;Частое
2;понедельник;14;2;0,0833;Частое
2;понедельник;1;2;0,0833;Частое
2;понедельник;19;2;0,0833;Частое
2;понедельник;2;2;0,0833;Частое
2;понедельник;7;1;0,0417;Частое
2;понедельник;11;1;0,0417;Частое
2;понедельник;14;2;0,0833;Редкое
2;понедельник;1;2;0,0833;Редкое
2;понедельник;19;2;0,0833;Редкое
2;понедельник;2;2;0,0833;Редкое
2;понедельник;7;1;0,0417;Редкое
2;понедельник;11;1;0,0417;Редкое
2;понедельник;6;1;0,0417;Редкое
2;понедельник;8;1;0,0417;Редкое
2;понедельник;18;1;0,0417;Редкое
2;понедельник;20;1;0,0417;Редкое
2;вторник;17;6;0,1429;Частое
2;вторник;8;5;0,119;Частое
2;вторник;14;3;0,0714;Частое
2;вторник;19;3;0,0714;Частое
2;вторник;3;3;0,0714;Частое
2;вторник;18;3;0,0714;Частое
2;вторник;1;2;0,0476;Частое
2;вторник;2;2;0,0476;Частое
2;вторник;20;2;0,0476;Частое
2;вторник;6;2;0,0476;Частое
2;вторник;6;2;0,0476;Редкое
2;вторник;7;2;0,0476;Редкое
2;вторник;11;2;0,0476;Редкое
2;вторник;16;1;0,0238;Редкое
2;вторник;5;1;0,0238;Редкое
2;вторник;4;1;0,0238;Редкое
2;вторник;10;1;0,0238;Редкое
2;вторник;12;1;0,0238;Редкое
2;вторник;13;1;0,0238;Редкое
2;вторник;9;1;0,0238;Редкое
2;четверг;15;3;0,25;Частое
2;четверг;1;2;0,1667;Частое
2;четверг;5;1;0,0833;Частое
2;четверг;4;1;0,0833;Частое
2;четверг;17;1;0,0833;Частое
2;четверг;6;1;0,0833;Частое
2;четверг;20;1;0,0833;Частое
2;четверг;3;1;0,0833;Частое
2;четверг;10;1;0,0833;Частое
2;четверг;15;3;0,25;Редкое
2;четверг;1;2;0,1667;Редкое
2;четверг;5;1;0,0833;Редкое
2;четверг;4;1;0,0833;Редкое
2;четверг;17;1;0,0833;Редкое
2;четверг;6;1;0,0833;Редкое
2;четверг;20;1;0,0833;Редкое
2;четверг;3;1;0,0833;Редкое
2;четверг;10;1;0,0833;Редкое
2;пятница;7;2;0,1667;Частое
2;пятница;8;2;0,1667;Частое
2;пятница;1;2;0,1667;Частое
2;пятница;11;1;0,0833;Частое
2;пятница;2;1;0,0833;Частое
2;пятница;3;1;0,0833;Частое
2;пятница;13;1;0,0833;Частое
2;пятница;17;1;0,0833;Частое
2;пятница;20;1;0,0833;Частое
2;пятница;7;2;0,1667;Редкое
2;пятница;8;2;0,1667;Редкое
2;пятница;1;2;0,1667;Редкое
2;пятница;11;1;0,0833;Редкое
2;пятница;2;1;0,0833;Редкое
2;пятница;3;1;0,0833;Редкое
2;пятница;13;1;0,0833;Редкое
2;пятница;17;1;0,0833;Редкое
2;пятница;20;1;0,0833;Редкое
2;суббота;7;2;0,1667;Частое
2;суббота;8;2;0,1667;Частое
2;суббота;15;2;0,1667;Частое
2;суббота;3;1;0,0833;Частое
2;суббота;19;1;0,0833;Частое
2;суббота;9;1;0,0833;Частое
2;суббота;11;1;0,0833;Частое
2;суббота;10;1;0,0833;Частое
2;суббота;17;1;0,0833;Частое
2;суббота;7;2;0,1667;Редкое
2;суббота;8;2;0,1667;Редкое
2;суббота;15;2;0,1667;Редкое
2;суббота;3;1;0,0833;Редкое
2;суббота;19;1;0,0833;Редкое
2;суббота;9;1;0,0833;Редкое
2;суббота;11;1;0,0833;Редкое
2;суббота;10;1;0,0833;Редкое
2;суббота;17;1;0,0833;Редкое
2;воскресенье;12;3;0,25;Частое
2;воскресенье;5;1;0,0833;Частое
2;воскресенье;6;1;0,0833;Частое
2;воскресенье;11;1;0,0833;Частое
2;воскресенье;3;1;0,0833;Частое
2;воскресенье;4;1;0,0833;Частое
2;воскресенье;14;1;0,0833;Частое
2;воскресенье;15;1;0,0833;Частое
2;воскресенье;2;1;0,0833;Частое
2;воскресенье;7;1;0,0833;Частое
2;воскресенье;12;3;0,25;Редкое
2;воскресенье;5;1;0,0833;Редкое
2;воскресенье;6;1;0,0833;Редкое
2;воскресенье;11;1;0,0833;Редкое
2;воскресенье;3;1;0,0833;Редкое
2;воскресенье;4;1;0,0833;Редкое
2;воскресенье;14;1;0,0833;Редкое
2;воскресенье;15;1;0,0833;Редкое
2;воскресенье;2;1;0,0833;Редкое
2;воскресенье;7;1;0,0833;Редкое
3;понедельник;10;3;0,25;Частое
3;понедельник;8;1;0,0833;Частое
3;понедельник;12;1;0,0833;Частое
3;понедельник;13;1;0,0833;Частое
3;понедельник;11;1;0,0833;Частое
3;понедельник;15;1;0,0833;Частое
3;понедельник;5;1;0,0833;Частое
3;понедельник;7;1;0,0833;Частое
3;понедельник;2;1;0,0833;Частое
3;понедельник;14;1;0,0833;Частое
3;понедельник;10;3;0,25;Редкое
3;понедельник;8;1;0,0833;Редкое
3;понедельник;12;1;0,0833;Редкое
3;понедельник;13;1;0,0833;Редкое
3;понедельник;11;1;0,0833;Редкое
3;понедельник;15;1;0,0833;Редкое
3;понедельник;5;1;0,0833;Редкое
3;понедельник;7;1;0,0833;Редкое
3;понедельник;2;1;0,0833;Редкое
3;понедельник;14;1;0,0833;Редкое
3;вторник;3;3;0,125;Частое
3;вторник;4;2;0,0833;Частое
3;вторник;18;2;0,0833;Частое
3;вторник;5;2;0,0833;Частое
3;вторник;20;2;0,0833;Частое
3;вторник;2;2;0,0833;Частое
3;вторник;6;2;0,0833;Частое
3;вторник;8;2;0,0833;Частое
3;вторник;13;1;0,0417;Частое
3;вторник;11;1;0,0417;Частое
3;вторник;2;2;0,0833;Редкое
3;вторник;6;2;0,0833;Редкое
3;вторник;8;2;0,0833;Редкое
3;вторник;13;1;0,0417;Редкое
3;вторник;11;1;0,0417;Редкое
3;вторник;17;1;0,0417;Редкое
3;вторник;10;1;0,0417;Редкое
3;вторник;19;1;0,0417;Редкое
3;вторник;9;1;0,0417;Редкое
3;вторник;12;1;0,0417;Редкое
3;среда;12;4;0,0952;Частое
3;среда;4;4;0,0952;Частое
3;среда;15;4;0,0952;Частое
3;среда;17;4;0,0952;Частое
3;среда;1;3;0,0714;Частое
3;среда;11;3;0,0714;Частое
3;среда;3;2;0,0476;Частое
3;среда;16;2;0,0476;Частое
3;среда;14;2;0,0476;Частое
3;среда;7;2;0,0476;Частое
3;среда;14;2;0,0476;Редкое
3;среда;7;2;0,0476;Редкое
3;среда;9;2;0,0476;Редкое
3;среда;5;2;0,0476;Редкое
3;среда;19;2;0,0476;Редкое
3;среда;13;2;0,0476;Редкое
3;среда;20;1;0,0238;Редкое
3;среда;6;1;0,0238;Редкое
3;среда;8;1;0,0238;Редкое
3;среда;2;1;0,0238;Редкое
3;пятница;11;3;0,25;Частое
3;пятница;7;2;0,1667;Частое
3;пятница;12;2;0,1667;Частое
3;пятница;4;1;0,0833;Частое
3;пятница;3;1;0,0833;Частое
3;пятница;13;1;0,0833;Частое
3;пятница;14;1;0,0833;Частое
3;пятница;19;1;0,0833;Частое
3;пятница;11;3;0,25;Редкое
3;пятница;7;2;0,1667;Редкое
3;пятница;12;2;0,1667;Редкое
3;пятница;4;1;0,0833;Редкое
3;пятница;3;1;0,0833;Редкое
3;пятница;13;1;0,0833;Редкое
3;пятница;14;1;0,0833;Редкое
3;пятница;19;1;0,0833;Редкое
3;суббота;4;2;0,1667;Частое
3;суббота;1;1;0,0833;Частое
3;суббота;17;1;0,0833;Частое
3;суббота;9;1;0,0833;Частое
3;суббота;16;1;0,0833;Частое
3;суббота;19;1;0,0833;Частое
3;суббота;3;1;0,0833;Частое
3;суббота;7;1;0,0833;Частое
3;суббота;8;1;0,0833;Частое
3;суббота;2;1;0,0833;Частое
3;суббота;1;1;0,0833;Редкое
3;суббота;17;1;0,0833;Редкое
3;суббота;9;1;0,0833;Редкое
3;суббота;16;1;0,0833;Редкое
3;суббота;19;1;0,0833;Редкое
3;суббота;3;1;0,0833;Редкое
3;суббота;7;1;0,0833;Редкое
3;суббота;8;1;0,0833;Редкое
3;суббота;2;1;0,0833;Редкое
3;суббота;14;1;0,0833;Редкое
3;воскресенье;10;2;0,1667;Частое
3;воскресенье;15;2;0,1667;Частое
3;воскресенье;9;2;0,1667;Частое
3;воскресенье;16;1;0,0833;Частое
3;воскресенье;3;1;0,0833;Частое
3;воскресенье;17;1;0,0833;Частое
3;воскресенье;20;1;0,0833;Частое
3;воскресенье;4;1;0,0833;Частое
3;воскресенье;11;1;0,0833;Частое
3;воскресенье;10;2;0,1667;Редкое
3;воскресенье;15;2;0,1667;Редкое
3;воскресенье;9;2;0,1667;Редкое
3;воскресенье;16;1;0,0833;Редкое
3;воскресенье;3;1;0,0833;Редкое
3;воскресенье;17;1;0,0833;Редкое
3;воскресенье;20;1;0,0833;Редкое
3;воскресенье;4;1;0,0833;Редкое
3;воскресенье;11;1;0,0833;Редкое
4;понедельник;9;2;0,1667;Частое
4;понедельник;10;2;0,1667;Частое
4;понедельник;11;2;0,1667;Частое
4;понедельник;4;2;0,1667;Частое
4;понедельник;7;1;0,0833;Частое
4;понедельник;19;1;0,0833;Частое
4;понедельник;15;1;0,0833;Частое
4;понедельник;1;1;0,0833;Частое
4;понедельник;9;2;0,1667;Редкое
4;понедельник;10;2;0,1667;Редкое
4;понедельник;11;2;0,1667;Редкое
4;понедельник;4;2;0,1667;Редкое
4;понедельник;7;1;0,0833;Редкое
4;понедельник;19;1;0,0833;Редкое
4;понедельник;15;1;0,0833;Редкое
4;понедельник;1;1;0,0833;Редкое
4;вторник;20;3;0,25;Частое
4;вторник;2;1;0,0833;Частое
4;вторник;10;1;0,0833;Частое
4;вторник;12;1;0,0833;Частое
4;вторник;7;1;0,0833;Частое
4;вторник;18;1;0,0833;Частое
4;вторник;14;1;0,0833;Частое
4;вторник;16;1;0,0833;Частое
4;вторник;5;1;0,0833;Частое
4;вторник;19;1;0,0833;Частое
4;вторник;20;3;0,25;Редкое
4;вторник;2;1;0,0833;Редкое
4;вторник;10;1;0,0833;Редкое
4;вторник;12;1;0,0833;Редкое
4;вторник;7;1;0,0833;Редкое
4;вторник;18;1;0,0833;Редкое
4;вторник;14;1;0,0833;Редкое
4;вторник;16;1;0,0833;Редкое
4;вторник;5;1;0,0833;Редкое
4;вторник;19;1;0,0833;Редкое
4;среда;17;3;0,125;Частое
4;среда;2;2;0,0833;Частое
4;среда;20;2;0,0833;Частое
4;среда;15;2;0,0833;Частое
4;среда;10;2;0,0833;Частое
4;среда;12;2;0,0833;Частое
4;среда;7;2;0,0833;Частое
4;среда;8;1;0,0417;Частое
4;среда;6;1;0,0417;Частое
4;среда;13;1;0,0417;Частое
4;среда;7;2;0,0833;Редкое
4;среда;8;1;0,0417;Редкое
4;среда;6;1;0,0417;Редкое
4;среда;13;1;0,0417;Редкое
4;среда;16;1;0,0417;Редкое
4;среда;18;1;0,0417;Редкое
4;среда;5;1;0,0417;Редкое
4;среда;1;1;0,0417;Редкое
4;среда;11;1;0,0417;Редкое
4;среда;9;1;0,0417;Редкое
4;четверг;10;4;0,0952;Частое
4;четверг;2;3;0,0714;Частое
4;четверг;7;3;0,0714;Частое
4;четверг;11;3;0,0714;Частое
4;четверг;13;3;0,0714;Частое
4;четверг;5;3;0,0714;Частое
4;четверг;9;3;0,0714;Частое
4;четверг;6;3;0,0714;Частое
4;четверг;4;2;0,0476;Частое
4;четверг;3;2;0,0476;Частое
4;четверг;4;2;0,0476;Редкое
4;четверг;3;2;0,0476;Редкое
4;четверг;16;2;0,0476;Редкое
4;четверг;8;2;0,0476;Редкое
4;четверг;15;2;0,0476;Редкое
4;четверг;1;2;0,0476;Редкое
4;четверг;12;2;0,0476;Редкое
4;четверг;18;1;0,0238;Редкое
4;четверг;17;1;0,0238;Редкое
4;четверг;14;1;0,0238;Редкое
4;суббота;4;2;0,1667;Частое
4;суббота;7;2;0,1667;Частое
4;суббота;19;2;0,1667;Частое
4;суббота;16;1;0,0833;Частое
4;суббота;8;1;0,0833;Частое
4;суббота;14;1;0,0833;Частое
4;суббота;15;1;0,0833;Частое
4;суббота;17;1;0,0833;Частое
4;суббота;18;1;0,0833;Частое
4;суббота;4;2;0,1667;Редкое
4;суббота;7;2;0,1667;Редкое
4;суббота;19;2;0,1667;Редкое
4;суббота;16;1;0,0833;Редкое
4;суббота;8;1;0,0833;Редкое
4;суббота;14;1;0,0833;Редкое
4;суббота;15;1;0,0833;Редкое
4;суббота;17;1;0,0833;Редкое
4;суббота;18;1;0,0833;Редкое
4;воскресенье;11;3;0,25;Частое
4;воскресенье;14;2;0,1667;Частое
4;воскресенье;3;1;0,0833;Частое
4;воскресенье;1;1;0,0833;Частое
4;воскресенье;7;1;0,0833;Частое
4;воскресенье;10;1;0,0833;Частое
4;воскресенье;17;1;0,0833;Частое
4;воскресенье;13;1;0,0833;Частое
4;воскресенье;16;1;0,0833;Частое
4;воскресенье;11;3;0,25;Редкое
4;воскресенье;14;2;0,1667;Редкое
4;воскресенье;3;1;0,0833;Редкое
4;воскресенье;1;1;0,0833;Редкое
4;воскресенье;7;1;0,0833;Редкое
4;воскресенье;10;1;0,0833;Редкое
4;воскресенье;17;1;0,0833;Редкое
4;воскресенье;13;1;0,0833;Редкое
4;воскресенье;16;1;0,0833;Редкое
5;понедельник;6;2;0,1667;Частое
5;понедельник;8;2;0,1667;Частое
5;понедельник;1;2;0,1667;Частое
5;понедельник;7;1;0,0833;Частое
5;понедельник;17;1;0,0833;Частое
5;понедельник;4;1;0,0833;Частое
5;понедельник;19;1;0,0833;Частое
5;понедельник;16;1;0,0833;Частое
5;понедельник;18;1;0,0833;Частое
5;понедельник;6;2;0,1667;Редкое
5;понедельник;8;2;0,1667;Редкое
5;понедельник;1;2;0,1667;Редкое
5;понедельник;7;1;0,0833;Редкое
5;понедельник;17;1;0,0833;Редкое
5;понедельник;4;1;0,0833;Редкое
5;понедельник;19;1;0,0833;Редкое
5;понедельник;16;1;0,0833;Редкое
5;понедельник;18;1;0,0833;Редкое
5;вторник;9;2;0,1667;Частое
5;вторник;11;2;0,1667;Частое
5;вторник;20;1;0,0833;Частое
5;вторник;1;1;0,0833;Частое
5;вторник;18;1;0,0833;Частое
5;вторник;7;1;0,0833;Частое
5;вторник;8;1;0,0833;Частое
5;вторник;15;1;0,0833;Частое
5;вторник;16;1;0,0833;Частое
5;вторник;19;1;0,0833;Частое
5;вторник;9;2;0,1667;Редкое
5;вторник;11;2;0,1667;Редкое
5;вторник;20;1;0,0833;Редкое
5;вторник;1;1;0,0833;Редкое
5;вторник;18;1;0,0833;Редкое
5;вторник;7;1;0,0833;Редкое
5;вторник;8;1;0,0833;Редкое
5;вторник;15;1;0,0833;Редкое
5;вторник;16;1;0,0833;Редкое
5;вторник;19;1;0,0833;Редкое
5;среда;11;2;0,1667;Частое
5;среда;16;2;0,1667;Частое
5;среда;4;1;0,0833;Частое
5;среда;10;1;0,0833;Частое
5;среда;12;1;0,0833;Частое
5;среда;1;1;0,0833;Частое
5;среда;3;1;0,0833;Частое
5;среда;6;1;0,0833;Частое
5;среда;13;1;0,0833;Частое
5;среда;15;1;0,0833;Частое
5;среда;11;2;0,1667;Редкое
5;среда;16;2;0,1667;Редкое
5;среда;4;1;0,0833;Редкое
5;среда;10;1;0,0833;Редкое
5;среда;12;1;0,0833;Редкое
5;среда;1;1;0,0833;Редкое
5;среда;3;1;0,0833;Редкое
5;среда;6;1;0,0833;Редкое
5;среда;13;1;0,0833;Редкое
5;среда;15;1;0,0833;Редкое
5;четверг;4;3;0,125;Частое
5;четверг;5;3;0,125;Частое
5;четверг;9;3;0,125;Частое
5;четверг;3;2;0,0833;Частое
5;четверг;19;2;0,0833;Частое
5;четверг;7;2;0,0833;Частое
5;четверг;14;2;0,0833;Частое
5;четверг;12;2;0,0833;Частое
5;четверг;11;1;0,0417;Частое
5;четверг;10;1;0,0417;Частое
5;четверг;3;2;0,0833;Редкое
5;четверг;19;2;0,0833;Редкое
5;четверг;7;2;0,0833;Редкое
5;четверг;14;2;0,0833;Редкое
5;четверг;12;2;0,0833;Редкое
5;четверг;11;1;0,0417;Редкое
5;четверг;10;1;0,0417;Редкое
5;четверг;16;1;0,0417;Редкое
5;четверг;15;1;0,0417;Редкое
5;четверг;1;1;0,0417;Редкое
5;пятница;11;5;0,119;Частое
5;пятница;4;4;0,0952;Частое
5;пятница;6;4;0,0952;Частое
5;пятница;17;3;0,0714;Частое
5;пятница;7;3;0,0714;Частое
5;пятница;18;3;0,0714;Частое
5;пятница;3;3;0,0714;Частое
5;пятница;5;3;0,0714;Частое
5;пятница;9;2;0,0476;Частое
5;пятница;16;2;0,0476;Частое
5;пятница;9;2;0,0476;Редкое
5;пятница;16;2;0,0476;Редкое
5;пятница;13;2;0,0476;Редкое
5;пятница;10;2;0,0476;Редкое
5;пятница;2;1;0,0238;Редкое
5;пятница;20;1;0,0238;Редкое
5;пятница;12;1;0,0238;Редкое
5;пятница;1;1;0,0238;Редкое
5;пятница;15;1;0,0238;Редкое
5;пятница;8;1;0,0238;Редкое
5;воскресенье;20;4;0,3333;Частое
5;воскресенье;1;2;0,1667;Частое
5;воскресенье;3;2;0,1667;Частое
5;воскресенье;2;1;0,0833;Частое
5;воскресенье;14;1;0,0833;Частое
5;воскресенье;13;1;0,0833;Частое
5;воскресенье;11;1;0,0833;Частое
5;воскресенье;20;4;0,3333;Редкое
5;воскресенье;1;2;0,1667;Редкое
5;воскресенье;3;2;0,1667;Редкое
5;воскресенье;2;1;0,0833;Редкое
5;воскресенье;14;1;0,0833;Редкое
5;воскресенье;13;1;0,0833;Редкое
5;воскресенье;11;1;0,0833;Редкое
6;понедельник;7;2;0,1667;Частое
6;понедельник;9;2;0,1667;Частое
6;понедельник;8;2;0,1667;Частое
6;понедельник;19;1;0,0833;Частое
6;понедельник;3;1;0,0833;Частое
6;понедельник;6;1;0,0833;Частое
6;понедельник;14;1;0,0833;Частое
6;понедельник;4;1;0,0833;Частое
6;понедельник;5;1;0,0833;Частое
6;понедельник;7;2;0,1667;Редкое
6;понедельник;9;2;0,1667;Редкое
6;понедельник;8;2;0,1667;Редкое
6;понедельник;19;1;0,0833;Редкое
6;понедельник;3;1;0,0833;Редкое
6;понедельник;6;1;0,0833;Редкое
6;понедельник;14;1;0,0833;Редкое
6;понедельник;4;1;0,0833;Редкое
6;понедельник;5;1;0,0833;Редкое
6;вторник;17;2;0,1667;Частое
6;вторник;9;2;0,1667;Частое
6;вторник;14;1;0,0833;Частое
6;вторник;19;1;0,0833;Частое
6;вторник;16;1;0,0833;Частое
6;вторник;20;1;0,0833;Частое
6;вторник;12;1;0,0833;Частое
6;вторник;13;1;0,0833;Частое
6;вторник;6;1;0,0833;Частое
6;вторник;8;1;0,0833;Частое
6;вторник;17;2;0,1667;Редкое
6;вторник;9;2;0,1667;Редкое
6;вторник;14;1;0,0833;Редкое
6;вторник;19;1;0,0833;Редкое
6;вторник;16;1;0,0833;Редкое
6;вторник;20;1;0,0833;Редкое
6;вторник;12;1;0,0833;Редкое
6;вторник;13;1;0,0833;Редкое
6;вторник;6;1;0,0833;Редкое
6;вторник;8;1;0,0833;Редкое
6;среда;8;3;0,25;Частое
6;среда;13;2;0,1667;Частое
6;среда;20;2;0,1667;Частое
6;среда;14;1;0,0833;Частое
6;среда;18;1;0,0833;Частое
6;среда;4;1;0,0833;Частое
6;среда;12;1;0,0833;Частое
6;среда;5;1;0,0833;Частое
6;среда;8;3;0,25;Редкое
6;среда;13;2;0,1667;Редкое
6;среда;20;2;0,1667;Редкое
6;среда;14;1;0,0833;Редкое
6;среда;18;1;0,0833;Редкое
6;среда;4;1;0,0833;Редкое
6;среда;12;1;0,0833;Редкое
6;среда;5;1;0,0833;Редкое
6;четверг;13;2;0,1667;Частое
6;четверг;18;2;0,1667;Частое
6;четверг;7;1;0,0833;Частое
6;четверг;12;1;0,0833;Частое
6;четверг;5;1;0,0833;Частое
6;четверг;19;1;0,0833;Частое
6;четверг;1;1;0,0833;Частое
6;четверг;20;1;0,0833;Частое
6;четверг;6;1;0,0833;Частое
6;четверг;17;1;0,0833;Частое
6;четверг;13;2;0,1667;Редкое
6;четверг;18;2;0,1667;Редкое
6;четверг;7;1;0,0833;Редкое
6;четверг;12;1;0,0833;Редкое
6;четверг;5;1;0,0833;Редкое
6;четверг;19;1;0,0833;Редкое
6;четверг;1;1;0,0833;Редкое
6;четверг;20;1;0,0833;Редкое
6;четверг;6;1;0,0833;Редкое
6;четверг;17;1;0,0833;Редкое
6;пятница;20;3;0,125;Частое
6;пятница;3;2;0,0833;Частое
6;пятница;13;2;0,0833;Частое
6;пятница;5;2;0,0833;Частое
6;пятница;11;2;0,0833;Частое
6;пятница;14;2;0,0833;Частое
6;пятница;9;2;0,0833;Частое
6;пятница;10;2;0,0833;Частое
6;пятница;7;1;0,0417;Частое
6;пятница;8;1;0,0417;Частое
6;пятница;14;2;0,0833;Редкое
6;пятница;9;2;0,0833;Редкое
6;пятница;10;2;0,0833;Редкое
6;пятница;7;1;0,0417;Редкое
6;пятница;8;1;0,0417;Редкое
6;пятница;4;1;0,0417;Редкое
6;пятница;18;1;0,0417;Редкое
6;пятница;1;1;0,0417;Редкое
6;пятница;12;1;0,0417;Редкое
6;пятница;19;1;0,0417;Редкое
6;суббота;2;3;0,0714;Частое
6;суббота;11;3;0,0714;Частое
6;суббота;12;3;0,0714;Частое
6;суббота;16;3;0,0714;Частое
6;суббота;8;3;0,0714;Частое
6;суббота;9;3;0,0714;Частое
6;суббота;14;3;0,0714;Частое
6;суббота;20;3;0,0714;Частое
6;суббота;1;2;0,0476;Частое
6;суббота;13;2;0,0476;Частое
6;суббота;13;2;0,0476;Редкое
6;суббота;15;2;0,0476;Редкое
6;суббота;7;2;0,0476;Редкое
6;суббота;5;2;0,0476;Редкое
6;суббота;17;2;0,0476;Редкое
6;суббота;18;2;0,0476;Редкое
6;суббота;3;1;0,0238;Редкое
6;суббота;10;1;0,0238;Редкое
6;суббота;19;1;0,0238;Редкое
6;суббота;6;1;0,0238;Редкое
7;вторник;17;2;0,1667;Частое
7;вторник;7;2;0,1667;Частое
7;вторник;14;1;0,0833;Частое
7;вторник;20;1;0,0833;Частое
7;вторник;3;1;0,0833;Частое
7;вторник;1;1;0,0833;Частое
7;вторник;5;1;0,0833;Частое
7;вторник;13;1;0,0833;Частое
7;вторник;15;1;0,0833;Частое
7;вторник;18;1;0,0833;Частое
7;вторник;17;2;0,1667;Редкое
7;вторник;7;2;0,1667;Редкое
7;вторник;14;1;0,0833;Редкое
7;вторник;20;1;0,0833;Редкое
7;вторник;3;1;0,0833;Редкое
7;вторник;1;1;0,0833;Редкое
7;вторник;5;1;0,0833;Редкое
7;вторник;13;1;0,0833;Редкое
7;вторник;15;1;0,0833;Редкое
7;вторник;18;1;0,0833;Редкое
7;среда;9;3;0,25;Частое
7;среда;1;2;0,1667;Частое
7;среда;2;2;0,1667;Частое
7;среда;12;1;0,0833;Частое
7;среда;19;1;0,0833;Частое
7;среда;3;1;0,0833;Частое
7;среда;18;1;0,0833;Частое
7;среда;15;1;0,0833;Частое
7;среда;9;3;0,25;Редкое
7;среда;1;2;0,1667;Редкое
7;среда;2;2;0,1667;Редкое
7;среда;12;1;0,0833;Редкое
7;среда;19;1;0,0833;Редкое
7;среда;3;1;0,0833;Редкое
7;среда;18;1;0,0833;Редкое
7;среда;15;1;0,0833;Редкое
7;четверг;19;2;0,1667;Частое
7;четверг;2;2;0,1667;Частое
7;четверг;4;1;0,0833;Частое
7;четверг;11;1;0,0833;Частое
7;четверг;8;1;0,0833;Частое
7;четверг;16;1;0,0833;Частое
7;четверг;17;1;0,0833;Частое
7;четверг;15;1;0,0833;Частое
7;четверг;3;1;0,0833;Частое
7;четверг;20;1;0,0833;Частое
7;четверг;19;2;0,1667;Редкое
7;четверг;2;2;0,1667;Редкое
7;четверг;4;1;0,0833;Редкое
7;четверг;11;1;0,0833;Редкое
7;четверг;8;1;0,0833;Редкое
7;четверг;16;1;0,0833;Редкое
7;четверг;17;1;0,0833;Редкое
7;четверг;15;1;0,0833;Редкое
7;четверг;3;1;0,0833;Редкое
7;четверг;20;1;0,0833;Редкое
7;пятница;19;2;0,1667;Частое
7;пятница;4;2;0,1667;Частое
7;пятница;18;2;0,1667;Частое
7;пятница;3;1;0,0833;Частое
7;пятница;10;1;0,0833;Частое
7;пятница;9;1;0,0833;Частое
7;пятница;15;1;0,0833;Частое
7;пятница;12;1;0,0833;Частое
7;пятница;14;1;0,0833;Частое
7;пятница;19;2;0,1667;Редкое
7;пятница;4;2;0,1667;Редкое
7;пятница;18;2;0,1667;Редкое
7;пятница;3;1;0,0833;Редкое
7;пятница;10;1;0,0833;Редкое
7;пятница;9;1;0,0833;Редкое
7;пятница;15;1;0,0833;Редкое
7;пятница;12;1;0,0833;Редкое
7;пятница;14;1;0,0833;Редкое
7;суббота;2;5;0,2083;Частое
7;суббота;10;2;0,0833;Частое
7;суббота;15;2;0,0833;Частое
7;суббота;6;2;0,0833;Частое
7;суббота;16;2;0,0833;Частое
7;суббота;3;2;0,0833;Частое
7;суббота;4;1;0,0417;Частое
7;суббота;13;1;0,0417;Частое
7;суббота;17;1;0,0417;Частое
7;суббота;8;1;0,0417;Частое
7;суббота;3;2;0,0833;Редкое
7;суббота;4;1;0,0417;Редкое
7;суббота;13;1;0,0417;Редкое
7;суббота;17;1;0,0417;Редкое
7;суббота;8;1;0,0417;Редкое
7;суббота;11;1;0,0417;Редкое
7;суббота;14;1;0,0417;Редкое
7;суббота;1;1;0,0417;Редкое
7;суббота;18;1;0,0417;Редкое
7;суббота;5;1;0,0417;Редкое
7;воскресенье;14;5;0,119;Частое
7;воскресенье;17;4;0,0952;Частое
7;воскресенье;20;4;0,0952;Частое
7;воскресенье;4;3;0,0714;Частое
7;воскресенье;13;3;0,0714;Частое
7;воскресенье;15;2;0,0476;Частое
7;воскресенье;2;2;0,0476;Частое
7;воскресенье;5;2;0,0476;Частое
7;воскресенье;12;2;0,0476;Частое
7;воскресенье;9;2;0,0476;Частое
7;воскресенье;9;2;0,0476;Редкое
7;воскресенье;19;2;0,0476;Редкое
7;воскресенье;8;2;0,0476;Редкое
7;воскресенье;18;2;0,0476;Редкое
7;воскресенье;3;2;0,0476;Редкое
7;воскресенье;11;1;0,0238;Редкое
7;воскресенье;16;1;0,0238;Редкое
7;воскресенье;7;1;0,0238;Редкое
7;воскресенье;1;1;0,0238;Редкое
7;воскресенье;10;1;0,0238;Редкое
8;понедельник;20;4;0,0952;Частое
8;понедельник;7;4;0,0952;Частое
8;понедельник;4;3;0,0714;Частое
8;понедельник;13;3;0,0714;Частое
8;понедельник;18;3;0,0714;Частое
8;понедельник;15;3;0,0714;Частое
8;понедельник;9;3;0,0714;Частое
8;понедельник;2;2;0,0476;Частое
8;понедельник;14;2;0,0476;Частое
8;понедельник;17;2;0,0476;Частое
8;понедельник;14;2;0,0476;Редкое
8;понедельник;17;2;0,0476;Редкое
8;понедельник;5;2;0,0476;Редкое
8;понедельник;12;2;0,0476;Редкое
8;понедельник;10;2;0,0476;Редкое
8;понедельник;8;2;0,0476;Редкое
8;понедельник;1;2;0,0476;Редкое
8;понедельник;19;1;0,0238;Редкое
8;понедельник;16;1;0,0238;Редкое
8;понедельник;3;1;0,0238;Редкое
8;среда;10;2;0,1667;Частое
8;среда;12;2;0,1667;Частое
8;среда;8;2;0,1667;Частое
8;среда;11;1;0,0833;Частое
8;среда;2;1;0,0833;Частое
8;среда;7;1;0,0833;Частое
8;среда;6;1;0,0833;Частое
8;среда;18;1;0,0833;Частое
8;среда;20;1;0,0833;Частое
8;среда;10;2;0,1667;Редкое
8;среда;12;2;0,1667;Редкое
8;среда;8;2;0,1667;Редкое
8;среда;11;1;0,0833;Редкое
8;среда;2;1;0,0833;Редкое
8;среда;7;1;0,0833;Редкое
8;среда;6;1;0,0833;Редкое
8;среда;18;1;0,0833;Редкое
8;среда;20;1;0,0833;Редкое
8;четверг;16;3;0,25;Частое
8;четверг;8;2;0,1667;Частое
8;четверг;2;1;0,0833;Частое
8;четверг;6;1;0,0833;Частое
8;четверг;12;1;0,0833;Частое
8;четверг;1;1;0,0833;Частое
8;четверг;17;1;0,0833;Частое
8;четверг;10;1;0,0833;Частое
8;четверг;14;1;0,0833;Частое
8;четверг;16;3;0,25;Редкое
8;четверг;8;2;0,1667;Редкое
8;четверг;2;1;0,0833;Редкое
8;четверг;6;1;0,0833;Редкое
8;четверг;12;1;0,0833;Редкое
8;четверг;1;1;0,0833;Редкое
8;четверг;17;1;0,0833;Редкое
8;четверг;10;1;0,0833;Редкое
8;четверг;14;1;0,0833;Редкое
8;пятница;1;2;0,1667;Частое
8;пятница;16;2;0,1667;Частое
8;пятница;8;2;0,1667;Частое
8;пятница;14;1;0,0833;Частое
8;пятница;9;1;0,0833;Частое
8;пятница;10;1;0,0833;Частое
8;пятница;12;1;0,0833;Частое
8;пятница;5;1;0,0833;Частое
8;пятница;13;1;0,0833;Частое
8;пятница;1;2;0,1667;Редкое
8;пятница;16;2;0,1667;Редкое
8;пятница;8;2;0,1667;Редкое
8;пятница;14;1;0,0833;Редкое
8;пятница;9;1;0,0833;Редкое
8;пятница;10;1;0,0833;Редкое
8;пятница;12;1;0,0833;Редкое
8;пятница;5;1;0,0833;Редкое
8;пятница;13;1;0,0833;Редкое
8;суббота;4;2;0,1667;Частое
8;суббота;18;2;0,1667;Частое
8;суббота;12;1;0,0833;Частое
8;суббота;15;1;0,0833;Частое
8;суббота;20;1;0,0833;Частое
8;суббота;8;1;0,0833;Частое
8;суббота;10;1;0,0833;Частое
8;суббота;14;1;0,0833;Частое
8;суббота;11;1;0,0833;Частое
8;суббота;16;1;0,0833;Частое
8;суббота;4;2;0,1667;Редкое
8;суббота;18;2;0,1667;Редкое
8;суббота;12;1;0,0833;Редкое
8;суббота;15;1;0,0833;Редкое
8;суббота;20;1;0,0833;Редкое
8;суббота;8;1;0,0833;Редкое
8;суббота;10;1;0,0833;Редкое
8;суббота;14;1;0,0833;Редкое
8;суббота;11;1;0,0833;Редкое
8;суббота;16;1;0,0833;Редкое
8;воскресенье;19;4;0,1667;Частое
8;воскресенье;4;3;0,125;Частое
8;воскресенье;6;3;0,125;Частое
8;воскресенье;3;3;0,125;Частое
8;воскресенье;5;2;0,0833;Частое
8;воскресенье;15;2;0,0833;Частое
8;воскресенье;13;1;0,0417;Частое
8;воскресенье;20;1;0,0417;Частое
8;воскресенье;7;1;0,0417;Частое
8;воскресенье;17;1;0,0417;Частое
8;воскресенье;3;3;0,125;Редкое
8;воскресенье;5;2;0,0833;Редкое
8;воскресенье;15;2;0,0833;Редкое
8;воскресенье;13;1;0,0417;Редкое
8;воскресенье;20;1;0,0417;Редкое
8;воскресенье;7;1;0,0417;Редкое
8;воскресенье;17;1;0,0417;Редкое
8;воскресенье;8;1;0,0417;Редкое
8;воскресенье;11;1;0,0417;Редкое
8;воскресенье;16;1;0,0417;Редкое
9;понедельник;15;4;0,1667;Частое
9;понедельник;13;3;0,125;Частое
9;понедельник;1;3;0,125;Частое
9;понедельник;12;2;0,0833;Частое
9;понедельник;6;2;0,0833;Частое
9;понедельник;17;2;0,0833;Частое
9;понедельник;5;1;0,0417;Частое
9;понедельник;10;1;0,0417;Частое
9;понедельник;4;1;0,0417;Частое
9;понедельник;19;1;0,0417;Частое
9;понедельник;6;2;0,0833;Редкое
9;понедельник;17;2;0,0833;Редкое
9;понедельник;5;1;0,0417;Редкое
9;понедельник;10;1;0,0417;Редкое
9;понедельник;4;1;0,0417;Редкое
9;понедельник;19;1;0,0417;Редкое
9;понедельник;9;1;0,0417;Редкое
9;понедельник;16;1;0,0417;Редкое
9;понедельник;8;1;0,0417;Редкое
9;понедельник;11;1;0,0417;Редкое
9;вторник;4;5;0,119;Частое
9;вторник;3;5;0,119;Частое
9;вторник;14;4;0,0952;Частое
9;вторник;19;3;0,0714;Частое
9;вторник;2;3;0,0714;Частое
9;вторник;8;3;0,0714;Частое
9;вторник;18;3;0,0714;Частое
9;вторник;1;3;0,0714;Частое
9;вторник;5;2;0,0476;Частое
9;вторник;13;2;0,0476;Частое
9;вторник;1;3;0,0714;Редкое
9;вторник;5;2;0,0476;Редкое
9;вторник;13;2;0,0476;Редкое
9;вторник;11;2;0,0476;Редкое
9;вторник;16;2;0,0476;Редкое
9;вторник;17;1;0,0238;Редкое
9;вторник;10;1;0,0238;Редкое
9;вторник;6;1;0,0238;Редкое
9;вторник;7;1;0,0238;Редкое
9;вторник;20;1;0,0238;Редкое
9;четверг;3;3;0,25;Частое
9;четверг;13;1;0,0833;Частое
9;четверг;15;1;0,0833;Частое
9;четверг;11;1;0,0833;Частое
9;четверг;19;1;0,0833;Частое
9;четверг;2;1;0,0833;Частое
9;четверг;12;1;0,0833;Частое
9;четверг;14;1;0,0833;Частое
9;четверг;5;1;0,0833;Частое
9;четверг;10;1;0,0833;Частое
9;четверг;3;3;0,25;Редкое
9;четверг;13;1;0,0833;Редкое
9;четверг;15;1;0,0833;Редкое
9;четверг;11;1;0,0833;Редкое
9;четверг;19;1;0,0833;Редкое
9;четверг;2;1;0,0833;Редкое
9;четверг;12;1;0,0833;Редкое
9;четверг;14;1;0,0833;Редкое
9;четверг;5;1;0,0833;Редкое
9;четверг;10;1;0,0833;Редкое
9;пятница;1;3;0,25;Частое
9;пятница;20;2;0,1667;Частое
9;пятница;5;1;0,0833;Частое
9;пятница;11;1;0,0833;Частое
9;пятница;13;1;0,0833;Частое
9;пятница;8;1;0,0833;Частое
9;пятница;16;1;0,0833;Частое
9;пятница;6;1;0,0833;Частое
9;пятница;14;1;0,0833;Частое
9;пятница;1;3;0,25;Редкое
9;пятница;20;2;0,1667;Редкое
9;пятница;5;1;0,0833;Редкое
9;пятница;11;1;0,0833;Редкое
9;пятница;13;1;0,0833;Редкое
9;пятница;8;1;0,0833;Редкое
9;пятница;16;1;0,0833;Редкое
9;пятница;6;1;0,0833;Редкое
9;пятница;14;1;0,0833;Редкое
9;суббота;9;2;0,1667;Частое
9;суббота;4;2;0,1667;Частое
9;суббота;14;2;0,1667;Частое
9;суббота;19;2;0,1667;Частое
9;суббота;11;1;0,0833;Частое
9;суббота;17;1;0,0833;Частое
9;суббота;20;1;0,0833;Частое
9;суббота;10;1;0,0833;Частое
9;суббота;9;2;0,1667;Редкое
9;суббота;4;2;0,1667;Редкое
9;суббота;14;2;0,1667;Редкое
9;суббота;19;2;0,1667;Редкое
9;суббота;11;1;0,0833;Редкое
9;суббота;17;1;0,0833;Редкое
9;суббота;20;1;0,0833;Редкое
9;суббота;10;1;0,0833;Редкое
9;воскресенье;7;3;0,25;Частое
9;воскресенье;9;2;0,1667;Частое
9;воскресенье;10;2;0,1667;Частое
9;воскресенье;4;1;0,0833;Частое
9;воскресенье;8;1;0,0833;Частое
9;воскресенье;19;1;0,0833;Частое
9;воскресенье;12;1;0,0833;Частое
9;воскресенье;17;1;0,0833;Частое
9;воскресенье;7;3;0,25;Редкое
9;воскресенье;9;2;0,1667;Редкое
9;воскресенье;10;2;0,1667;Редкое
9;воскресенье;4;1;0,0833;Редкое
9;воскресенье;8;1;0,0833;Редкое
9;воскресенье;19;1;0,0833;Редкое
9;воскресенье;12;1;0,0833;Редкое
9;воскресенье;17;1;0,0833;Редкое
10;понедельник;3;2;0,1667;Частое
10;понедельник;12;2;0,1667;Частое
10;понедельник;10;2;0,1667;Частое
10;понедельник;4;1;0,0833;Частое
10;понедельник;20;1;0,0833;Частое
10;понедельник;1;1;0,0833;Частое
10;понедельник;2;1;0,0833;Частое
10;понедельник;11;1;0,0833;Частое
10;понедельник;16;1;0,0833;Частое
10;понедельник;3;2;0,1667;Редкое
10;понедельник;12;2;0,1667;Редкое
10;понедельник;10;2;0,1667;Редкое
10;понедельник;4;1;0,0833;Редкое
10;понедельник;20;1;0,0833;Редкое
10;понедельник;1;1;0,0833;Редкое
10;понедельник;2;1;0,0833;Редкое
10;понедельник;11;1;0,0833;Редкое
10;понедельник;16;1;0,0833;Редкое
10;вторник;2;3;0,125;Частое
10;вторник;1;3;0,125;Частое
10;вторник;8;3;0,125;Частое
10;вторник;19;2;0,0833;Частое
10;вторник;4;2;0,0833;Частое
10;вторник;6;2;0,0833;Частое
10;вторник;7;1;0,0417;Частое
10;вторник;12;1;0,0417;Частое
10;вторник;5;1;0,0417;Частое
10;вторник;20;1;0,0417;Частое
10;вторник;6;2;0,0833;Редкое
10;вторник;7;1;0,0417;Редкое
10;вторник;12;1;0,0417;Редкое
10;вторник;5;1;0,0417;Редкое
10;вторник;20;1;0,0417;Редкое
10;вторник;3;1;0,0417;Редкое
10;вторник;14;1;0,0417;Редкое
10;вторник;18;1;0,0417;Редкое
10;вторник;11;1;0,0417;Редкое
10;вторник;13;1;0,0417;Редкое
10;среда;12;5;0,119;Частое
10;среда;20;4;0,0952;Частое
10;среда;8;4;0,0952;Частое
10;среда;1;3;0,0714;Частое
10;среда;14;3;0,0714;Частое
10;среда;17;3;0,0714;Частое
10;среда;16;3;0,0714;Частое
10;среда;10;2;0,0476;Частое
10;среда;11;2;0,0476;Частое
10;среда;19;2;0,0476;Частое
10;среда;19;2;0,0476;Редкое
10;среда;5;2;0,0476;Редкое
10;среда;3;2;0,0476;Редкое
10;среда;4;1;0,0238;Редкое
10;среда;7;1;0,0238;Редкое
10;среда;6;1;0,0238;Редкое
10;среда;9;1;0,0238;Редкое
10;среда;13;1;0,0238;Редкое
10;среда;2;1;0,0238;Редкое
10;среда;15;1;0,0238;Редкое
10;пятница;3;3;0,25;Частое
10;пятница;14;2;0,1667;Частое
10;пятница;6;1;0,0833;Частое
10;пятница;7;1;0,0833;Частое
10;пятница;17;1;0,0833;Частое
10;пятница;9;1;0,0833;Частое
10;пятница;12;1;0,0833;Частое
10;пятница;19;1;0,0833;Частое
10;пятница;8;1;0,0833;Частое
10;пятница;3;3;0,25;Редкое
10;пятница;14;2;0,1667;Редкое
10;пятница;6;1;0,0833;Редкое
10;пятница;7;1;0,0833;Редкое
10;пятница;17;1;0,0833;Редкое
10;пятница;9;1;0,0833;Редкое
10;пятница;12;1;0,0833;Редкое
10;пятница;19;1;0,0833;Редкое
10;пятница;8;1;0,0833;Редкое
10;суббота;18;2;0,1667;Частое
10;суббота;7;1;0,0833;Частое
10;суббота;13;1;0,0833;Частое
10;суббота;20;1;0,0833;Частое
10;суббота;8;1;0,0833;Частое
10;суббота;16;1;0,0833;Частое
10;суббота;3;1;0,0833;Частое
10;суббота;4;1;0,0833;Частое
10;суббота;10;1;0,0833;Частое
10;суббота;14;1;0,0833;Частое
10;суббота;7;1;0,0833;Редкое
10;суббота;13;1;0,0833;Редкое
10;суббота;20;1;0,0833;Редкое
10;суббота;8;1;0,0833;Редкое
10;суббота;16;1;0,0833;Редкое
10;суббота;3;1;0,0833;Редкое
10;суббота;4;1;0,0833;Редкое
10;суббота;10;1;0,0833;Редкое
10;суббота;14;1;0,0833;Редкое
10;суббота;17;1;0,0833;Редкое
10;воскресенье;6;2;0,1667;Частое
10;воскресенье;11;2;0,1667;Частое
10;воскресенье;3;1;0,0833;Частое
10;воскресенье;19;1;0,0833;Частое
10;воскресенье;9;1;0,0833;Частое
10;воскресенье;20;1;0,0833;Частое
10;воскресенье;12;1;0,0833;Частое
10;воскресенье;15;1;0,0833;Частое
10;воскресенье;17;1;0,0833;Частое
10;воскресенье;7;1;0,0833;Частое
10;воскресенье;6;2;0,1667;Редкое
10;воскресенье;11;2;0,1667;Редкое
10;воскресенье;3;1;0,0833;Редкое
10;воскресенье;19;1;0,0833;Редкое
10;воскресенье;9;1;0,0833;Редкое
10;воскресенье;20;1;0,0833;Редкое
10;воскресенье;12;1;0,0833;Редкое
10;воскресенье;15;1;0,0833;Редкое
10;воскресенье;17;1;0,0833;Редкое
10;воскресенье;7;1;0,0833;Редкое
11;понедельник;12;2;0,1667;Частое
11;понедельник;16;2;0,1667;Частое
11;понедельник;19;2;0,1667;Частое
11;понедельник;5;1;0,0833;Частое
11;понедельник;9;1;0,0833;Частое
11;понедельник;6;1;0,0833;Частое
11;понедельник;7;1;0,0833;Частое
11;понедельник;3;1;0,0833;Частое
11;понедельник;4;1;0,0833;Частое
11;понедельник;12;2;0,1667;Редкое
11;понедельник;16;2;0,1667;Редкое
11;понедельник;19;2;0,1667;Редкое
11;понедельник;5;1;0,0833;Редкое
11;понедельник;9;1;0,0833;Редкое
11;понедельник;6;1;0,0833;Редкое
11;понедельник;7;1;0,0833;Редкое
11;понедельник;3;1;0,0833;Редкое
11;понедельник;4;1;0,0833;Редкое
11;вторник;2;2;0,1667;Частое
11;вторник;7;1;0,0833;Частое
11;вторник;9;1;0,0833;Частое
11;вторник;15;1;0,0833;Частое
11;вторник;6;1;0,0833;Частое
11;вторник;13;1;0,0833;Частое
11;вторник;17;1;0,0833;Частое
11;вторник;8;1;0,0833;Частое
11;вторник;19;1;0,0833;Частое
11;вторник;3;1;0,0833;Частое
11;вторник;7;1;0,0833;Редкое
11;вторник;9;1;0,0833;Редкое
11;вторник;15;1;0,0833;Редкое
11;вторник;6;1;0,0833;Редкое
11;вторник;13;1;0,0833;Редкое
11;вторник;17;1;0,0833;Редкое
11;вторник;8;1;0,0833;Редкое
11;вторник;19;1;0,0833;Редкое
11;вторник;3;1;0,0833;Редкое
11;вторник;11;1;0,0833;Редкое
11;среда;4;3;0,125;Частое
11;среда;14;3;0,125;Частое
11;среда;3;2;0,0833;Частое
11;среда;6;2;0,0833;Частое
11;среда;17;2;0,0833;Частое
11;среда;7;2;0,0833;Частое
11;среда;2;1;0,0417;Частое
11;среда;18;1;0,0417;Частое
11;среда;9;1;0,0417;Частое
11;среда;15;1;0,0417;Частое
11;среда;2;1;0,0417;Редкое
11;среда;18;1;0,0417;Редкое
11;среда;9;1;0,0417;Редкое
11;среда;15;1;0,0417;Редкое
11;среда;19;1;0,0417;Редкое
11;среда;20;1;0,0417;Редкое
11;среда;10;1;0,0417;Редкое
11;среда;16;1;0,0417;Редкое
11;среда;8;1;0,0417;Редкое
11;среда;12;1;0,0417;Редкое
11;четверг;20;5;0,119;Частое
11;четверг;12;5;0,119;Частое
11;четверг;5;4;0,0952;Частое
11;четверг;15;3;0,0714;Частое
11;четверг;8;3;0,0714;Частое
11;четверг;19;3;0,0714;Частое
11;четверг;2;2;0,0476;Частое
11;четверг;6;2;0,0476;Частое
11;четверг;16;2;0,0476;Частое
11;четверг;10;2;0,0476;Частое
11;четверг;10;2;0,0476;Редкое
11;четверг;11;2;0,0476;Редкое
11;четверг;17;2;0,0476;Редкое
11;четверг;7;1;0,0238;Редкое
11;четверг;3;1;0,0238;Редкое
11;четверг;9;1;0,0238;Редкое
11;четверг;13;1;0,0238;Редкое
11;четверг;4;1;0,0238;Редкое
11;четверг;1;1;0,0238;Редкое
11;четверг;14;1;0,0238;Редкое
11;суббота;16;2;0,1667;Частое
11;суббота;17;2;0,1667;Частое
11;суббота;1;1;0,0833;Частое
11;суббота;6;1;0,0833;Частое
11;суббота;7;1;0,0833;Частое
11;суббота;2;1;0,0833;Частое
11;суббота;8;1;0,0833;Частое
11;суббота;9;1;0,0833;Частое
11;суббота;10;1;0,0833;Частое
11;суббота;15;1;0,0833;Частое
11;суббота;16;2;0,1667;Редкое
11;суббота;17;2;0,1667;Редкое
11;суббота;1;1;0,0833;Редкое
11;суббота;6;1;0,0833;Редкое
11;суббота;7;1;0,0833;Редкое
11;суббота;2;1;0,0833;Редкое
11;суббота;8;1;0,0833;Редкое
11;суббота;9;1;0,0833;Редкое
11;суббота;10;1;0,0833;Редкое
11;суббота;15;1;0,0833;Редкое
11;воскресенье;15;3;0,25;Частое
11;воскресенье;8;2;0,1667;Частое
11;воскресенье;17;1;0,0833;Частое
11;воскресенье;14;1;0,0833;Частое
11;воскресенье;20;1;0,0833;Частое
11;воскресенье;12;1;0,0833;Частое
11;воскресенье;4;1;0,0833;Частое
11;воскресенье;9;1;0,0833;Частое
11;воскресенье;18;1;0,0833;Частое
11;воскресенье;15;3;0,25;Редкое
11;воскресенье;8;2;0,1667;Редкое
11;воскресенье;17;1;0,0833;Редкое
11;воскресенье;14;1;0,0833;Редкое
11;воскресенье;20;1;0,0833;Редкое
11;воскресенье;12;1;0,0833;Редкое
11;воскресенье;4;1;0,0833;Редкое
11;воскресенье;9;1;0,0833;Редкое
11;воскресенье;18;1;0,0833;Редкое
12;понедельник;5;3;0,25;Частое
12;понедельник;6;2;0,1667;Частое
12;понедельник;10;2;0,1667;Частое
12;понедельник;14;2;0,1667;Частое
12;понедельник;17;1;0,0833;Частое
12;понедельник;15;1;0,0833;Частое
12;понедельник;16;1;0,0833;Частое
12;понедельник;5;3;0,25;Редкое
12;понедельник;6;2;0,1667;Редкое
12;понедельник;10;2;0,1667;Редкое
12;понедельник;14;2;0,1667;Редкое
12;понедельник;17;1;0,0833;Редкое
12;понедельник;15;1;0,0833;Редкое
12;понедельник;16;1;0,0833;Редкое
12;вторник;2;2;0,1667;Частое
12;вторник;3;2;0,1667;Частое
12;вторник;12;1;0,0833;Частое
12;вторник;5;1;0,0833;Частое
12;вторник;15;1;0,0833;Частое
12;вторник;4;1;0,0833;Частое
12;вторник;19;1;0,0833;Частое
12;вторник;1;1;0,0833;Частое
12;вторник;9;1;0,0833;Частое
12;вторник;11;1;0,0833;Частое
12;вторник;2;2;0,1667;Редкое
12;вторник;3;2;0,1667;Редкое
12;вторник;12;1;0,0833;Редкое
12;вторник;5;1;0,0833;Редкое
12;вторник;15;1;0,0833;Редкое
12;вторник;4;1;0,0833;Редкое
12;вторник;19;1;0,0833;Редкое
12;вторник;1;1;0,0833;Редкое
12;вторник;9;1;0,0833;Редкое
12;вторник;11;1;0,0833;Редкое
12;среда;15;2;0,1667;Частое
12;среда;18;2;0,1667;Частое
12;среда;7;1;0,0833;Частое
12;среда;13;1;0,0833;Частое
12;среда;4;1;0,0833;Частое
12;среда;19;1;0,0833;Частое
12;среда;8;1;0,0833;Частое
12;среда;14;1;0,0833;Частое
12;среда;9;1;0,0833;Частое
12;среда;10;1;0,0833;Частое
12;среда;15;2;0,1667;Редкое
12;среда;18;2;0,1667;Редкое
12;среда;7;1;0,0833;Редкое
12;среда;13;1;0,0833;Редкое
12;среда;4;1;0,0833;Редкое
12;среда;19;1;0,0833;Редкое
12;среда;8;1;0,0833;Редкое
12;среда;14;1;0,0833;Редкое
12;среда;9;1;0,0833;Редкое
12;среда;10;1;0,0833;Редкое
12;четверг;8;4;0,1667;Частое
12;четверг;2;2;0,0833;Частое
12;четверг;11;2;0,0833;Частое
12;четверг;14;2;0,0833;Частое
12;четверг;10;2;0,0833;Частое
12;четверг;12;2;0,0833;Частое
12;четверг;6;2;0,0833;Частое
12;четверг;16;1;0,0417;Частое
12;четверг;3;1;0,0417;Частое
12;четверг;4;1;0,0417;Частое
12;четверг;12;2;0,0833;Редкое
12;четверг;6;2;0,0833;Редкое
12;четверг;16;1;0,0417;Редкое
12;четверг;3;1;0,0417;Редкое
12;четверг;4;1;0,0417;Редкое
12;четверг;15;1;0,0417;Редкое
12;четверг;20;1;0,0417;Редкое
12;четверг;1;1;0,0417;Редкое
12;четверг;7;1;0,0417;Редкое
12;четверг;13;1;0,0417;Редкое
12;пятница;2;5;0,119;Частое
12;пятница;12;4;0,0952;Частое
12;пятница;16;4;0,0952;Частое
12;пятница;4;3;0,0714;Частое
12;пятница;8;3;0,0714;Частое
12;пятница;11;3;0,0714;Частое
12;пятница;6;2;0,0476;Частое
12;пятница;1;2;0,0476;Частое
12;пятница;17;2;0,0476;Частое
12;пятница;5;2;0,0476;Частое
12;пятница;5;2;0,0476;Редкое
12;пятница;3;2;0,0476;Редкое
12;пятница;13;2;0,0476;Редкое
12;пятница;9;2;0,0476;Редкое
12;пятница;20;1;0,0238;Редкое
12;пятница;7;1;0,0238;Редкое
12;пятница;18;1;0,0238;Редкое
12;пятница;10;1;0,0238;Редкое
12;пятница;19;1;0,0238;Редкое
12;пятница;14;1;0,0238;Редкое
12;воскресенье;13;2;0,1667;Частое
12;воскресенье;5;1;0,0833;Частое
12;воскресенье;16;1;0,0833;Частое
12;воскресенье;19;1;0,0833;Частое
12;воскресенье;8;1;0,0833;Частое
12;воскресенье;17;1;0,0833;Частое
12;воскресенье;2;1;0,0833;Частое
12;воскресенье;9;1;0,0833;Частое
12;воскресенье;1;1;0,0833;Частое
12;воскресенье;6;1;0,0833;Частое
12;воскресенье;5;1;0,0833;Редкое
12;воскресенье;16;1;0,0833;Редкое
12;воскресенье;19;1;0,0833;Редкое
12;воскресенье;8;1;0,0833;Редкое
12;воскресенье;17;1;0,0833;Редкое
12;воскресенье;2;1;0,0833;Редкое
12;воскресенье;9;1;0,0833;Редкое
12;воскресенье;1;1;0,0833;Редкое
12;воскресенье;6;1;0,0833;Редкое
12;воскресенье;15;1;0,0833;Редкое
13;понедельник;5;2;0,1667;Частое
13;понедельник;18;2;0,1667;Частое
13;понедельник;3;2;0,1667;Частое
13;понедельник;13;1;0,0833;Частое
13;понедельник;2;1;0,0833;Частое
13;понедельник;11;1;0,0833;Частое
13;понедельник;6;1;0,0833;Частое
13;понедельник;7;1;0,0833;Частое
13;понедельник;12;1;0,0833;Частое
13;понедельник;5;2;0,1667;Редкое
13;понедельник;18;2;0,1667;Редкое
13;понедельник;3;2;0,1667;Редкое
13;понедельник;13;1;0,0833;Редкое
13;понедельник;2;1;0,0833;Редкое
13;понедельник;11;1;0,0833;Редкое
13;понедельник;6;1;0,0833;Редкое
13;понедельник;7;1;0,0833;Редкое
13;понедельник;12;1;0,0833;Редкое
13;вторник;20;2;0,1667;Частое
13;вторник;12;2;0,1667;Частое
13;вторник;7;1;0,0833;Частое
13;вторник;9;1;0,0833;Частое
13;вторник;8;1;0,0833;Частое
13;вторник;18;1;0,0833;Частое
13;вторник;1;1;0,0833;Частое
13;вторник;16;1;0,0833;Частое
13;вторник;4;1;0,0833;Частое
13;вторник;15;1;0,0833;Частое
13;вторник;20;2;0,1667;Редкое
13;вторник;12;2;0,1667;Редкое
13;вторник;7;1;0,0833;Редкое
13;вторник;9;1;0,0833;Редкое
13;вторник;8;1;0,0833;Редкое
13;вторник;18;1;0,0833;Редкое
13;вторник;1;1;0,0833;Редкое
13;вторник;16;1;0,0833;Редкое
13;вторник;4;1;0,0833;Редкое
13;вторник;15;1;0,0833;Редкое
13;среда;19;2;0,1667;Частое
13;среда;15;1;0,0833;Частое
13;среда;20;1;0,0833;Частое
13;среда;5;1;0,0833;Частое
13;среда;13;1;0,0833;Частое
13;среда;14;1;0,0833;Частое
13;среда;4;1;0,0833;Частое
13;среда;6;1;0,0833;Частое
13;среда;2;1;0,0833;Частое
13;среда;9;1;0,0833;Частое
13;среда;15;1;0,0833;Редкое
13;среда;20;1;0,0833;Редкое
13;среда;5;1;0,0833;Редкое
13;среда;13;1;0,0833;Редкое
13;среда;14;1;0,0833;Редкое
13;среда;4;1;0,0833;Редкое
13;среда;6;1;0,0833;Редкое
13;среда;2;1;0,0833;Редкое
13;среда;9;1;0,0833;Редкое
13;среда;12;1;0,0833;Редкое
13;четверг;4;2;0,1667;Частое
13;четверг;14;2;0,1667;Частое
13;четверг;17;2;0,1667;Частое
13;четверг;19;2;0,1667;Частое
13;четверг;8;2;0,1667;Частое
13;четверг;7;1;0,0833;Частое
13;четверг;16;1;0,0833;Частое
13;четверг;4;2;0,1667;Редкое
13;четверг;14;2;0,1667;Редкое
13;четверг;17;2;0,1667;Редкое
13;четверг;19;2;0,1667;Редкое
13;четверг;8;2;0,1667;Редкое
13;четверг;7;1;0,0833;Редкое
13;четверг;16;1;0,0833;Редкое
13;пятница;18;4;0,1667;Частое
13;пятница;3;3;0,125;Частое
13;пятница;20;3;0,125;Частое
13;пятница;7;2;0,0833;Частое
13;пятница;15;2;0,0833;Частое
13;пятница;1;1;0,0417;Частое
13;пятница;4;1;0,0417;Частое
13;пятница;6;1;0,0417;Частое
13;пятница;14;1;0,0417;Частое
13;пятница;5;1;0,0417;Частое
13;пятница;1;1;0,0417;Редкое
13;пятница;4;1;0,0417;Редкое
13;пятница;6;1;0,0417;Редкое
13;пятница;14;1;0,0417;Редкое
13;пятница;5;1;0,0417;Редкое
13;пятница;8;1;0,0417;Редкое
13;пятница;9;1;0,0417;Редкое
13;пятница;12;1;0,0417;Редкое
13;пятница;16;1;0,0417;Редкое
13;пятница;19;1;0,0417;Редкое
13;суббота;5;5;0,119;Частое
13;суббота;2;4;0,0952;Частое
13;суббота;18;4;0,0952;Частое
13;суббота;6;3;0,0714;Частое
13;суббота;8;3;0,0714;Частое
13;суббота;20;3;0,0714;Частое
13;суббота;10;3;0,0714;Частое
13;суббота;12;3;0,0714;Частое
13;суббота;1;2;0,0476;Частое
13;суббота;11;2;0,0476;Частое
13;суббота;1;2;0,0476;Редкое
13;суббота;11;2;0,0476;Редкое
13;суббота;16;2;0,0476;Редкое
13;суббота;15;2;0,0476;Редкое
13;суббота;3;1;0,0238;Редкое
13;суббота;4;1;0,0238;Редкое
13;суббота;17;1;0,0238;Редкое
13;суббота;19;1;0,0238;Редкое
13;суббота;14;1;0,0238;Редкое
13;суббота;13;1;0,0238;Редкое
14;вторник;1;2;0,1667;Частое
14;вторник;12;2;0,1667;Частое
14;вторник;7;1;0,0833;Частое
14;вторник;6;1;0,0833;Частое
14;вторник;10;1;0,0833;Частое
14;вторник;3;1;0,0833;Частое
14;вторник;15;1;0,0833;Частое
14;вторник;20;1;0,0833;Частое
14;вторник;2;1;0,0833;Частое
14;вторник;9;1;0,0833;Частое
14;вторник;1;2;0,1667;Редкое
14;вторник;12;2;0,1667;Редкое
14;вторник;7;1;0,0833;Редкое
14;вторник;6;1;0,0833;Редкое
14;вторник;10;1;0,0833;Редкое
14;вторник;3;1;0,0833;Редкое
14;вторник;15;1;0,0833;Редкое
14;вторник;20;1;0,0833;Редкое
14;вторник;2;1;0,0833;Редкое
14;вторник;9;1;0,0833;Редкое
14;среда;8;2;0,1667;Частое
14;среда;13;2;0,1667;Частое
14;среда;9;2;0,1667;Частое
14;среда;14;1;0,0833;Частое
14;среда;17;1;0,0833;Частое
14;среда;12;1;0,0833;Частое
14;среда;2;1;0,0833;Частое
14;среда;18;1;0,0833;Частое
14;среда;19;1;0,0833;Частое
14;среда;8;2;0,1667;Редкое
14;среда;13;2;0,1667;Редкое
14;среда;9;2;0,1667;Редкое
14;среда;14;1;0,0833;Редкое
14;среда;17;1;0,0833;Редкое
14;среда;12;1;0,0833;Редкое
14;среда;2;1;0,0833;Редкое
14;среда;18;1;0,0833;Редкое
14;среда;19;1;0,0833;Редкое
14;четверг;2;2;0,1667;Частое
14;четверг;7;2;0,1667;Частое
14;четверг;4;2;0,1667;Частое
14;четверг;16;2;0,1667;Частое
14;четверг;17;1;0,0833;Частое
14;четверг;14;1;0,0833;Частое
14;четверг;19;1;0,0833;Частое
14;четверг;5;1;0,0833;Частое
14;четверг;2;2;0,1667;Редкое
14;четверг;7;2;0,1667;Редкое
14;четверг;4;2;0,1667;Редкое
14;четверг;16;2;0,1667;Редкое
14;четверг;17;1;0,0833;Редкое
14;четверг;14;1;0,0833;Редкое
14;четверг;19;1;0,0833;Редкое
14;четверг;5;1;0,0833;Редкое
14;пятница;2;2;0,1667;Частое
14;пятница;7;2;0,1667;Частое
14;пятница;13;2;0,1667;Частое
14;пятница;5;1;0,0833;Частое
14;пятница;10;1;0,0833;Частое
14;пятница;6;1;0,0833;Частое
14;пятница;14;1;0,0833;Частое
14;пятница;17;1;0,0833;Частое
14;пятница;3;1;0,0833;Частое
14;пятница;2;2;0,1667;Редкое
14;пятница;7;2;0,1667;Редкое
14;пятница;13;2;0,1667;Редкое
14;пятница;5;1;0,0833;Редкое
14;пятница;10;1;0,0833;Редкое
14;пятница;6;1;0,0833;Редкое
14;пятница;14;1;0,0833;Редкое
14;пятница;17;1;0,0833;Редкое
14;пятница;3;1;0,0833;Редкое
14;суббота;13;3;0,125;Частое
14;суббота;10;3;0,125;Частое
14;суббота;7;3;0,125;Частое
14;суббота;11;2;0,0833;Частое
14;суббота;19;2;0,0833;Частое
14;суббота;5;2;0,0833;Частое
14;суббота;2;2;0,0833;Частое
14;суббота;20;1;0,0417;Частое
14;суббота;12;1;0,0417;Частое
14;суббота;17;1;0,0417;Частое
14;суббота;19;2;0,0833;Редкое
14;суббота;5;2;0,0833;Редкое
14;суббота;2;2;0,0833;Редкое
14;суббота;20;1;0,0417;Редкое
14;суббота;12;1;0,0417;Редкое
14;суббота;17;1;0,0417;Редкое
14;суббота;3;1;0,0417;Редкое
14;суббота;4;1;0,0417;Редкое
14;суббота;14;1;0,0417;Редкое
14;суббота;8;1;0,0417;Редкое
14;воскресенье;1;4;0,0952;Частое
14;воскресенье;15;4;0,0952;Частое
14;воскресенье;8;4;0,0952;Частое
14;воскресенье;12;3;0,0714;Частое
14;воскресенье;19;3;0,0714;Частое
14;воскресенье;20;3;0,0714;Частое
14;воскресенье;2;3;0,0714;Частое
14;воскресенье;3;3;0,0714;Частое
14;воскресенье;17;3;0,0714;Частое
14;воскресенье;13;2;0,0476;Частое
14;воскресенье;17;3;0,0714;Редкое
14;воскресенье;13;2;0,0476;Редкое
14;воскресенье;10;2;0,0476;Редкое
14;воскресенье;14;2;0,0476;Редкое
14;воскресенье;18;1;0,0238;Редкое
14;воскресенье;7;1;0,0238;Редкое
14;воскресенье;9;1;0,0238;Редкое
14;воскресенье;6;1;0,0238;Редкое
14;воскресенье;4;1;0,0238;Редкое
14;воскресенье;16;1;0,0238;Редкое
15;понедельник;11;2;0,1667;Частое
15;понедельник;14;2;0,1667;Частое
15;понедельник;13;2;0,1667;Частое
15;понедельник;15;1;0,0833;Частое
15;понедельник;2;1;0,0833;Частое
15;понедельник;17;1;0,0833;Частое
15;понедельник;4;1;0,0833;Частое
15;понедельник;12;1;0,0833;Частое
15;понедельник;18;1;0,0833;Частое
15;понедельник;11;2;0,1667;Редкое
15;понедельник;14;2;0,1667;Редкое
15;понедельник;13;2;0,1667;Редкое
15;понедельник;15;1;0,0833;Редкое
15;понедельник;2;1;0,0833;Редкое
15;понедельник;17;1;0,0833;Редкое
15;понедельник;4;1;0,0833;Редкое
15;понедельник;12;1;0,0833;Редкое
15;понедельник;18;1;0,0833;Редкое
15;среда;13;3;0,25;Частое
15;среда;16;2;0,1667;Частое
15;среда;8;1;0,0833;Частое
15;среда;12;1;0,0833;Частое
15;среда;14;1;0,0833;Частое
15;среда;6;1;0,0833;Частое
15;среда;18;1;0,0833;Частое
15;среда;2;1;0,0833;Частое
15;среда;17;1;0,0833;Частое
15;среда;13;3;0,25;Редкое
15;среда;16;2;0,1667;Редкое
15;среда;8;1;0,0833;Редкое
15;среда;12;1;0,0833;Редкое
15;среда;14;1;0,0833;Редкое
15;среда;6;1;0,0833;Редкое
15;среда;18;1;0,0833;Редкое
15;среда;2;1;0,0833;Редкое
15;среда;17;1;0,0833;Редкое
15;четверг;18;2;0,1667;Частое
15;четверг;19;2;0,1667;Частое
15;четверг;17;2;0,1667;Частое
15;четверг;4;1;0,0833;Частое
15;четверг;5;1;0,0833;Частое
15;четверг;14;1;0,0833;Частое
15;четверг;2;1;0,0833;Частое
15;четверг;9;1;0,0833;Частое
15;четверг;11;1;0,0833;Частое
15;четверг;18;2;0,1667;Редкое
15;четверг;19;2;0,1667;Редкое
15;четверг;17;2;0,1667;Редкое
15;четверг;4;1;0,0833;Редкое
15;четверг;5;1;0,0833;Редкое
15;четверг;14;1;0,0833;Редкое
15;четверг;2;1;0,0833;Редкое
15;четверг;9;1;0,0833;Редкое
15;четверг;11;1;0,0833;Редкое
15;пятница;9;2;0,1667;Частое
15;пятница;15;2;0,1667;Частое
15;пятница;8;1;0,0833;Частое
15;пятница;5;1;0,0833;Частое
15;пятница;7;1;0,0833;Частое
15;пятница;1;1;0,0833;Частое
15;пятница;3;1;0,0833;Частое
15;пятница;10;1;0,0833;Частое
15;пятница;19;1;0,0833;Частое
15;пятница;20;1;0,0833;Частое
15;пятница;9;2;0,1667;Редкое
15;пятница;15;2;0,1667;Редкое
15;пятница;8;1;0,0833;Редкое
15;пятница;5;1;0,0833;Редкое
15;пятница;7;1;0,0833;Редкое
15;пятница;1;1;0,0833;Редкое
15;пятница;3;1;0,0833;Редкое
15;пятница;10;1;0,0833;Редкое
15;пятница;19;1;0,0833;Редкое
15;пятница;20;1;0,0833;Редкое
15;суббота;1;2;0,1667;Частое
15;суббота;5;2;0,1667;Частое
15;суббота;13;1;0,0833;Частое
15;суббота;4;1;0,0833;Частое
15;суббота;19;1;0,0833;Частое
15;суббота;8;1;0,0833;Частое
15;суббота;10;1;0,0833;Частое
15;суббота;20;1;0,0833;Частое
15;суббота;11;1;0,0833;Частое
15;суббота;16;1;0,0833;Частое
15;суббота;1;2;0,1667;Редкое
15;суббота;5;2;0,1667;Редкое
15;суббота;13;1;0,0833;Редкое
15;суббота;4;1;0,0833;Редкое
15;суббота;19;1;0,0833;Редкое
15;суббота;8;1;0,0833;Редкое
15;суббота;10;1;0,0833;Редкое
15;суббота;20;1;0,0833;Редкое
15;суббота;11;1;0,0833;Редкое
15;суббота;16;1;0,0833;Редкое
15;воскресенье;13;4;0,1667;Частое
15;воскресенье;1;4;0,1667;Частое
15;воскресенье;5;3;0,125;Частое
15;воскресенье;19;3;0,125;Частое
15;воскресенье;2;3;0,125;Частое
15;воскресенье;4;2;0,0833;Частое
15;воскресенье;12;1;0,0417;Частое
15;воскресенье;8;1;0,0417;Частое
15;воскресенье;9;1;0,0417;Частое
15;воскресенье;20;1;0,0417;Частое
15;воскресенье;1;4;0,1667;Редкое
15;воскресенье;5;3;0,125;Редкое
15;воскресенье;19;3;0,125;Редкое
15;воскресенье;2;3;0,125;Редкое
15;воскресенье;4;2;0,0833;Редкое
15;воскресенье;12;1;0,0417;Редкое
15;воскресенье;8;1;0,0417;Редкое
15;воскресенье;9;1;0,0417;Редкое
15;воскресенье;20;1;0,0417;Редкое
15;воскресенье;16;1;0,0417;Редкое
16;понедельник;5;2;0,0833;Частое
16;понедельник;17;2;0,0833;Частое
16;понедельник;10;2;0,0833;Частое
16;понедельник;12;2;0,0833;Частое
16;понедельник;18;2;0,0833;Частое
16;понедельник;19;2;0,0833;Частое
16;понедельник;8;2;0,0833;Частое
16;понедельник;16;2;0,0833;Частое
16;понедельник;2;1;0,0417;Частое
16;понедельник;20;1;0,0417;Частое
16;понедельник;8;2;0,0833;Редкое
16;понедельник;16;2;0,0833;Редкое
16;понедельник;2;1;0,0417;Редкое
16;понедельник;20;1;0,0417;Редкое
16;понедельник;1;1;0,0417;Редкое
16;понедельник;9;1;0,0417;Редкое
16;понедельник;3;1;0,0417;Редкое
16;понедельник;4;1;0,0417;Редкое
16;понедельник;7;1;0,0417;Редкое
16;понедельник;11;1;0,0417;Редкое
16;вторник;18;2;0,1667;Частое
16;вторник;5;2;0,1667;Частое
16;вторник;1;1;0,0833;Частое
16;вторник;3;1;0,0833;Частое
16;вторник;6;1;0,0833;Частое
16;вторник;14;1;0,0833;Частое
16;вторник;7;1;0,0833;Частое
16;вторник;20;1;0,0833;Частое
16;вторник;2;1;0,0833;Частое
16;вторник;11;1;0,0833;Частое
16;вторник;18;2;0,1667;Редкое
16;вторник;5;2;0,1667;Редкое
16;вторник;1;1;0,0833;Редкое
16;вторник;3;1;0,0833;Редкое
16;вторник;6;1;0,0833;Редкое
16;вторник;14;1;0,0833;Редкое
16;вторник;7;1;0,0833;Редкое
16;вторник;20;1;0,0833;Редкое
16;вторник;2;1;0,0833;Редкое
16;вторник;11;1;0,0833;Редкое
16;четверг;8;3;0,25;Частое
16;четверг;3;2;0,1667;Частое
16;четверг;6;2;0,1667;Частое
16;четверг;7;1;0,0833;Частое
16;четверг;17;1;0,0833;Частое
16;четверг;9;1;0,0833;Частое
16;четверг;14;1;0,0833;Частое
16;четверг;18;1;0,0833;Частое
16;четверг;8;3;0,25;Редкое
16;четверг;3;2;0,1667;Редкое
16;четверг;6;2;0,1667;Редкое
16;четверг;7;1;0,0833;Редкое
16;четверг;17;1;0,0833;Редкое
16;четверг;9;1;0,0833;Редкое
16;четверг;14;1;0,0833;Редкое
16;четверг;18;1;0,0833;Редкое
16;пятница;1;2;0,1667;Частое
16;пятница;10;2;0,1667;Частое
16;пятница;12;2;0,1667;Частое
16;пятница;11;1;0,0833;Частое
16;пятница;15;1;0,0833;Частое
16;пятница;5;1;0,0833;Частое
16;пятница;14;1;0,0833;Частое
16;пятница;9;1;0,0833;Частое
16;пятница;4;1;0,0833;Частое
16;пятница;1;2;0,1667;Редкое
16;пятница;10;2;0,1667;Редкое
16;пятница;12;2;0,1667;Редкое
16;пятница;11;1;0,0833;Редкое
16;пятница;15;1;0,0833;Редкое
16;пятница;5;1;0,0833;Редкое
16;пятница;14;1;0,0833;Редкое
16;пятница;9;1;0,0833;Редкое
16;пятница;4;1;0,0833;Редкое
16;суббота;11;2;0,1667;Частое
16;суббота;13;2;0,1667;Частое
16;суббота;19;1;0,0833;Частое
16;суббота;3;1;0,0833;Частое
16;суббота;4;1;0,0833;Частое
16;суббота;15;1;0,0833;Частое
16;суббота;18;1;0,0833;Частое
16;суббота;9;1;0,0833;Частое
16;суббота;10;1;0,0833;Частое
16;суббота;17;1;0,0833;Частое
16;суббота;11;2;0,1667;Редкое
16;суббота;13;2;0,1667;Редкое
16;суббота;19;1;0,0833;Редкое
16;суббота;3;1;0,0833;Редкое
16;суббота;4;1;0,0833;Редкое
16;суббота;15;1;0,0833;Редкое
16;суббота;18;1;0,0833;Редкое
16;суббота;9;1;0,0833;Редкое
16;суббота;10;1;0,0833;Редкое
16;суббота;17;1;0,0833;Редкое
16;воскресенье;6;2;0,1667;Частое
16;воскресенье;8;2;0,1667;Частое
16;воскресенье;12;2;0,1667;Частое
16;воскресенье;4;1;0,0833;Частое
16;воскресенье;17;1;0,0833;Частое
16;воскресенье;19;1;0,0833;Частое
16;воскресенье;10;1;0,0833;Частое
16;воскресенье;11;1;0,0833;Частое
16;воскресенье;5;1;0,0833;Частое
16;воскресенье;6;2;0,1667;Редкое
16;воскресенье;8;2;0,1667;Редкое
16;воскресенье;12;2;0,1667;Редкое
16;воскресенье;4;1;0,0833;Редкое
16;воскресенье;17;1;0,0833;Редкое
16;воскресенье;19;1;0,0833;Редкое
16;воскресенье;10;1;0,0833;Редкое
16;воскресенье;11;1;0,0833;Редкое
16;воскресенье;5;1;0,0833;Редкое
17;понедельник;10;3;0,25;Частое
17;понедельник;15;2;0,1667;Частое
17;понедельник;6;1;0,0833;Частое
17;понедельник;5;1;0,0833;Частое
17;понедельник;8;1;0,0833;Частое
17;понедельник;3;1;0,0833;Частое
17;понедельник;7;1;0,0833;Частое
17;понедельник;12;1;0,0833;Частое
17;понедельник;13;1;0,0833;Частое
17;понедельник;10;3;0,25;Редкое
17;понедельник;15;2;0,1667;Редкое
17;понедельник;6;1;0,0833;Редкое
17;понедельник;5;1;0,0833;Редкое
17;понедельник;8;1;0,0833;Редкое
17;понедельник;3;1;0,0833;Редкое
17;понедельник;7;1;0,0833;Редкое
17;понедельник;12;1;0,0833;Редкое
17;понедельник;13;1;0,0833;Редкое
17;вторник;15;3;0,125;Частое
17;вторник;1;2;0,0833;Частое
17;вторник;5;2;0,0833;Частое
17;вторник;16;2;0,0833;Частое
17;вторник;2;2;0,0833;Частое
17;вторник;11;2;0,0833;Частое
17;вторник;20;2;0,0833;Частое
17;вторник;7;2;0,0833;Частое
17;вторник;4;1;0,0417;Частое
17;вторник;19;1;0,0417;Частое
17;вторник;11;2;0,0833;Редкое
17;вторник;20;2;0,0833;Редкое
17;вторник;7;2;0,0833;Редкое
17;вторник;4;1;0,0417;Редкое
17;вторник;19;1;0,0417;Редкое
17;вторник;17;1;0,0417;Редкое
17;вторник;13;1;0,0417;Редкое
17;вторник;14;1;0,0417;Редкое
17;вторник;9;1;0,0417;Редкое
17;вторник;18;1;0,0417;Редкое
17;среда;16;2;0,1667;Частое
17;среда;19;2;0,1667;Частое
17;среда;17;2;0,1667;Частое
17;среда;3;1;0,0833;Частое
17;среда;20;1;0,0833;Частое
17;среда;2;1;0,0833;Частое
17;среда;4;1;0,0833;Частое
17;среда;1;1;0,0833;Частое
17;среда;9;1;0,0833;Частое
17;среда;16;2;0,1667;Редкое
17;среда;19;2;0,1667;Редкое
17;среда;17;2;0,1667;Редкое
17;среда;3;1;0,0833;Редкое
17;среда;20;1;0,0833;Редкое
17;среда;2;1;0,0833;Редкое
17;среда;4;1;0,0833;Редкое
17;среда;1;1;0,0833;Редкое
17;среда;9;1;0,0833;Редкое
17;пятница;5;2;0,1667;Частое
17;пятница;19;2;0,1667;Частое
17;пятница;3;1;0,0833;Частое
17;пятница;17;1;0,0833;Частое
17;пятница;14;1;0,0833;Частое
17;пятница;2;1;0,0833;Частое
17;пятница;4;1;0,0833;Частое
17;пятница;20;1;0,0833;Частое
17;пятница;6;1;0,0833;Частое
17;пятница;18;1;0,0833;Частое
17;пятница;5;2;0,1667;Редкое
17;пятница;19;2;0,1667;Редкое
17;пятница;3;1;0,0833;Редкое
17;пятница;17;1;0,0833;Редкое
17;пятница;14;1;0,0833;Редкое
17;пятница;2;1;0,0833;Редкое
17;пятница;4;1;0,0833;Редкое
17;пятница;20;1;0,0833;Редкое
17;пятница;6;1;0,0833;Редкое
17;пятница;18;1;0,0833;Редкое
17;суббота;1;2;0,1667;Частое
17;суббота;9;2;0,1667;Частое
17;суббота;13;1;0,0833;Частое
17;суббота;15;1;0,0833;Частое
17;суббота;17;1;0,0833;Частое
17;суббота;8;1;0,0833;Частое
17;суббота;11;1;0,0833;Частое
17;суббота;16;1;0,0833;Частое
17;суббота;6;1;0,0833;Частое
17;суббота;14;1;0,0833;Частое
17;суббота;1;2;0,1667;Редкое
17;суббота;9;2;0,1667;Редкое
17;суббота;13;1;0,0833;Редкое
17;суббота;15;1;0,0833;Редкое
17;суббота;17;1;0,0833;Редкое
17;суббота;8;1;0,0833;Редкое
17;суббота;11;1;0,0833;Редкое
17;суббота;16;1;0,0833;Редкое
17;суббота;6;1;0,0833;Редкое
17;суббота;14;1;0,0833;Редкое
17;воскресенье;13;2;0,1667;Частое
17;воскресенье;18;2;0,1667;Частое
17;воскресенье;5;2;0,1667;Частое
17;воскресенье;8;1;0,0833;Частое
17;воскресенье;10;1;0,0833;Частое
17;воскресенье;17;1;0,0833;Частое
17;воскресенье;7;1;0,0833;Частое
17;воскресенье;19;1;0,0833;Частое
17;воскресенье;4;1;0,0833;Частое
17;воскресенье;13;2;0,1667;Редкое
17;воскресенье;18;2;0,1667;Редкое
17;воскресенье;5;2;0,1667;Редкое
17;воскресенье;8;1;0,0833;Редкое
17;воскресенье;10;1;0,0833;Редкое
17;воскресенье;17;1;0,0833;Редкое
17;воскресенье;7;1;0,0833;Редкое
17;воскресенье;19;1;0,0833;Редкое
17;воскресенье;4;1;0,0833;Редкое
18;понедельник;1;3;0,25;Частое
18;понедельник;10;1;0,0833;Частое
18;понедельник;11;1;0,0833;Частое
18;понедельник;15;1;0,0833;Частое
18;понедельник;2;1;0,0833;Частое
18;понедельник;6;1;0,0833;Частое
18;понедельник;18;1;0,0833;Частое
18;понедельник;19;1;0,0833;Частое
18;понедельник;4;1;0,0833;Частое
18;понедельник;14;1;0,0833;Частое
18;понедельник;1;3;0,25;Редкое
18;понедельник;10;1;0,0833;Редкое
18;понедельник;11;1;0,0833;Редкое
18;понедельник;15;1;0,0833;Редкое
18;понедельник;2;1;0,0833;Редкое
18;понедельник;6;1;0,0833;Редкое
18;понедельник;18;1;0,0833;Редкое
18;понедельник;19;1;0,0833;Редкое
18;понедельник;4;1;0,0833;Редкое
18;понедельник;14;1;0,0833;Редкое
18;вторник;6;2;0,1667;Частое
18;вторник;5;2;0,1667;Частое
18;вторник;3;1;0,0833;Частое
18;вторник;9;1;0,0833;Частое
18;вторник;20;1;0,0833;Частое
18;вторник;1;1;0,0833;Частое
18;вторник;17;1;0,0833;Частое
18;вторник;11;1;0,0833;Частое
18;вторник;13;1;0,0833;Частое
18;вторник;10;1;0,0833;Частое
18;вторник;6;2;0,1667;Редкое
18;вторник;5;2;0,1667;Редкое
18;вторник;3;1;0,0833;Редкое
18;вторник;9;1;0,0833;Редкое
18;вторник;20;1;0,0833;Редкое
18;вторник;1;1;0,0833;Редкое
18;вторник;17;1;0,0833;Редкое
18;вторник;11;1;0,0833;Редкое
18;вторник;13;1;0,0833;Редкое
18;вторник;10;1;0,0833;Редкое
18;среда;5;4;0,1667;Частое
18;среда;10;3;0,125;Частое
18;среда;1;2;0,0833;Частое
18;среда;13;2;0,0833;Частое
18;среда;16;2;0,0833;Частое
18;среда;11;2;0,0833;Частое
18;среда;20;2;0,0833;Частое
18;среда;9;1;0,0417;Частое
18;среда;18;1;0,0417;Частое
18;среда;12;1;0,0417;Частое
18;среда;16;2;0,0833;Редкое
18;среда;11;2;0,0833;Редкое
18;среда;20;2;0,0833;Редкое
18;среда;9;1;0,0417;Редкое
18;среда;18;1;0,0417;Редкое
18;среда;12;1;0,0417;Редкое
18;среда;19;1;0,0417;Редкое
18;среда;2;1;0,0417;Редкое
18;среда;6;1;0,0417;Редкое
18;среда;15;1;0,0417;Редкое
18;четверг;12;1;0,0833;Частое
18;четверг;19;1;0,0833;Частое
18;четверг;20;1;0,0833;Частое
18;четверг;6;1;0,0833;Частое
18;четверг;7;1;0,0833;Частое
18;четверг;18;1;0,0833;Частое
18;четверг;9;1;0,0833;Частое
18;четверг;11;1;0,0833;Частое
18;четверг;17;1;0,0833;Частое
18;четверг;4;1;0,0833;Частое
18;четверг;20;1;0,0833;Редкое
18;четверг;6;1;0,0833;Редкое
18;четверг;7;1;0,0833;Редкое
18;четверг;18;1;0,0833;Редкое
18;четверг;9;1;0,0833;Редкое
18;четверг;11;1;0,0833;Редкое
18;четверг;17;1;0,0833;Редкое
18;четверг;4;1;0,0833;Редкое
18;четверг;10;1;0,0833;Редкое
18;четверг;15;1;0,0833;Редкое
18;суббота;11;2;0,1667;Частое
18;суббота;3;1;0,0833;Частое
18;суббота;6;1;0,0833;Частое
18;суббота;14;1;0,0833;Частое
18;суббота;17;1;0,0833;Частое
18;суббота;18;1;0,0833;Частое
18;суббота;2;1;0,0833;Частое
18;суббота;8;1;0,0833;Частое
18;суббота;5;1;0,0833;Частое
18;суббота;9;1;0,0833;Частое
18;суббота;3;1;0,0833;Редкое
18;суббота;6;1;0,0833;Редкое
18;суббота;14;1;0,0833;Редкое
18;суббота;17;1;0,0833;Редкое
18;суббота;18;1;0,0833;Редкое
18;суббота;2;1;0,0833;Редкое
18;суббота;8;1;0,0833;Редкое
18;суббота;5;1;0,0833;Редкое
18;суббота;9;1;0,0833;Редкое
18;суббота;19;1;0,0833;Редкое
18;воскресенье;19;3;0,25;Частое
18;воскресенье;17;2;0,1667;Частое
18;воскресенье;6;2;0,1667;Частое
18;воскресенье;15;1;0,0833;Частое
18;воскресенье;18;1;0,0833;Частое
18;воскресенье;11;1;0,0833;Частое
18;воскресенье;4;1;0,0833;Частое
18;воскресенье;2;1;0,0833;Частое
18;воскресенье;19;3;0,25;Редкое
18;воскресенье;17;2;0,1667;Редкое
18;воскресенье;6;2;0,1667;Редкое
18;воскресенье;15;1;0,0833;Редкое
18;воскресенье;18;1;0,0833;Редкое
18;воскресенье;11;1;0,0833;Редкое
18;воскресенье;4;1;0,0833;Редкое
18;воскресенье;2;1;0,0833;Редкое
19;понедельник;10;2;0,1667;Частое
19;понедельник;2;2;0,1667;Частое
19;понедельник;11;2;0,1667;Частое
19;понедельник;3;2;0,1667;Частое
19;понедельник;4;1;0,0833;Частое
19;понедельник;20;1;0,0833;Частое
19;понедельник;16;1;0,0833;Частое
19;понедельник;14;1;0,0833;Частое
19;понедельник;10;2;0,1667;Редкое
19;понедельник;2;2;0,1667;Редкое
19;понедельник;11;2;0,1667;Редкое
19;понедельник;3;2;0,1667;Редкое
19;понедельник;4;1;0,0833;Редкое
19;понедельник;20;1;0,0833;Редкое
19;понедельник;16;1;0,0833;Редкое
19;понедельник;14;1;0,0833;Редкое
19;вторник;2;3;0,25;Частое
19;вторник;18;2;0,1667;Частое
19;вторник;1;1;0,0833;Частое
19;вторник;10;1;0,0833;Частое
19;вторник;13;1;0,0833;Частое
19;вторник;3;1;0,0833;Частое
19;вторник;17;1;0,0833;Частое
19;вторник;8;1;0,0833;Частое
19;вторник;15;1;0,0833;Частое
19;вторник;2;3;0,25;Редкое
19;вторник;18;2;0,1667;Редкое
19;вторник;1;1;0,0833;Редкое
19;вторник;10;1;0,0833;Редкое
19;вторник;13;1;0,0833;Редкое
19;вторник;3;1;0,0833;Редкое
19;вторник;17;1;0,0833;Редкое
19;вторник;8;1;0,0833;Редкое
19;вторник;15;1;0,0833;Редкое
19;среда;11;2;0,1667;Частое
19;среда;13;2;0,1667;Частое
19;среда;18;1;0,0833;Частое
19;среда;4;1;0,0833;Частое
19;среда;2;1;0,0833;Частое
19;среда;3;1;0,0833;Частое
19;среда;9;1;0,0833;Частое
19;среда;12;1;0,0833;Частое
19;среда;19;1;0,0833;Частое
19;среда;20;1;0,0833;Частое
19;среда;11;2;0,1667;Редкое
19;среда;13;2;0,1667;Редкое
19;среда;18;1;0,0833;Редкое
19;среда;4;1;0,0833;Редкое
19;среда;2;1;0,0833;Редкое
19;среда;3;1;0,0833;Редкое
19;среда;9;1;0,0833;Редкое
19;среда;12;1;0,0833;Редкое
19;среда;19;1;0,0833;Редкое
19;среда;20;1;0,0833;Редкое
19;четверг;18;3;0,125;Частое
19;четверг;10;2;0,0833;Частое
19;четверг;14;2;0,0833;Частое
19;четверг;9;2;0,0833;Частое
19;четверг;16;2;0,0833;Частое
19;четверг;15;2;0,0833;Частое
19;четверг;2;2;0,0833;Частое
19;четверг;1;1;0,0417;Частое
19;четверг;3;1;0,0417;Частое
19;четверг;12;1;0,0417;Частое
19;четверг;2;2;0,0833;Редкое
19;четверг;1;1;0,0417;Редкое
19;четверг;3;1;0,0417;Редкое
19;четверг;12;1;0,0417;Редкое
19;четверг;4;1;0,0417;Редкое
19;четверг;7;1;0,0417;Редкое
19;четверг;19;1;0,0417;Редкое
19;четверг;11;1;0,0417;Редкое
19;четверг;13;1;0,0417;Редкое
19;четверг;17;1;0,0417;Редкое
19;пятница;1;3;0,25;Частое
19;пятница;13;2;0,1667;Частое
19;пятница;19;2;0,1667;Частое
19;пятница;12;1;0,0833;Частое
19;пятница;8;1;0,0833;Частое
19;пятница;4;1;0,0833;Частое
19;пятница;9;1;0,0833;Частое
19;пятница;15;1;0,0833;Частое
19;пятница;1;3;0,25;Редкое
19;пятница;13;2;0,1667;Редкое
19;пятница;19;2;0,1667;Редкое
19;пятница;12;1;0,0833;Редкое
19;пятница;8;1;0,0833;Редкое
19;пятница;4;1;0,0833;Редкое
19;пятница;9;1;0,0833;Редкое
19;пятница;15;1;0,0833;Редкое
19;воскресенье;6;2;0,1667;Частое
19;воскресенье;2;1;0,0833;Частое
19;воскресенье;3;1;0,0833;Частое
19;воскресенье;4;1;0,0833;Частое
19;воскресенье;12;1;0,0833;Частое
19;воскресенье;19;1;0,0833;Частое
19;воскресенье;13;1;0,0833;Частое
19;воскресенье;16;1;0,0833;Частое
19;воскресенье;17;1;0,0833;Частое
19;воскресенье;8;1;0,0833;Частое
19;воскресенье;2;1;0,0833;Редкое
19;воскресенье;3;1;0,0833;Редкое
19;воскресенье;4;1;0,0833;Редкое
19;воскресенье;12;1;0,0833;Редкое
19;воскресенье;19;1;0,0833;Редкое
19;воскресенье;13;1;0,0833;Редкое
19;воскресенье;16;1;0,0833;Редкое
19;воскресенье;17;1;0,0833;Редкое
19;воскресенье;8;1;0,0833;Редкое
19;воскресенье;10;1;0,0833;Редкое
20;понедельник;14;3;0,25;Частое
20;понедельник;3;3;0,25;Частое
20;понедельник;10;2;0,1667;Частое
20;понедельник;16;2;0,1667;Частое
20;понедельник;17;1;0,0833;Частое
20;понедельник;15;1;0,0833;Частое
20;понедельник;14;3;0,25;Редкое
20;понедельник;3;3;0,25;Редкое
20;понедельник;10;2;0,1667;Редкое
20;понедельник;16;2;0,1667;Редкое
20;понедельник;17;1;0,0833;Редкое
20;понедельник;15;1;0,0833;Редкое
20;вторник;1;1;0,0833;Частое
20;вторник;13;1;0,0833;Частое
20;вторник;20;1;0,0833;Частое
20;вторник;7;1;0,0833;Частое
20;вторник;15;1;0,0833;Частое
20;вторник;18;1;0,0833;Частое
20;вторник;2;1;0,0833;Частое
20;вторник;5;1;0,0833;Частое
20;вторник;17;1;0,0833;Частое
20;вторник;3;1;0,0833;Частое
20;вторник;20;1;0,0833;Редкое
20;вторник;7;1;0,0833;Редкое
20;вторник;15;1;0,0833;Редкое
20;вторник;18;1;0,0833;Редкое
20;вторник;2;1;0,0833;Редкое
20;вторник;5;1;0,0833;Редкое
20;вторник;17;1;0,0833;Редкое
20;вторник;3;1;0,0833;Редкое
20;вторник;11;1;0,0833;Редкое
20;вторник;16;1;0,0833;Редкое
20;среда;16;2;0,1667;Частое
20;среда;10;2;0,1667;Частое
20;среда;6;1;0,0833;Частое
20;среда;17;1;0,0833;Частое
20;среда;9;1;0,0833;Частое
20;среда;20;1;0,0833;Частое
20;среда;4;1;0,0833;Частое
20;среда;5;1;0,0833;Частое
20;среда;1;1;0,0833;Частое
20;среда;8;1;0,0833;Частое
20;среда;16;2;0,1667;Редкое
20;среда;10;2;0,1667;Редкое
20;среда;6;1;0,0833;Редкое
20;среда;17;1;0,0833;Редкое
20;среда;9;1;0,0833;Редкое
20;среда;20;1;0,0833;Редкое
20;среда;4;1;0,0833;Редкое
20;среда;5;1;0,0833;Редкое
20;среда;1;1;0,0833;Редкое
20;среда;8;1;0,0833;Редкое
20;четверг;9;2;0,1667;Частое
20;четверг;2;1;0,0833;Частое
20;четверг;11;1;0,0833;Частое
20;четверг;12;1;0,0833;Частое
20;четверг;8;1;0,0833;Частое
20;четверг;18;1;0,0833;Частое
20;четверг;20;1;0,0833;Частое
20;четверг;13;1;0,0833;Частое
20;четверг;17;1;0,0833;Частое
20;четверг;1;1;0,0833;Частое
20;четверг;2;1;0,0833;Редкое
20;четверг;11;1;0,0833;Редкое
20;четверг;12;1;0,0833;Редкое
20;четверг;8;1;0,0833;Редкое
20;четверг;18;1;0,0833;Редкое
20;четверг;20;1;0,0833;Редкое
20;четверг;13;1;0,0833;Редкое
20;четверг;17;1;0,0833;Редкое
20;четверг;1;1;0,0833;Редкое
20;четверг;5;1;0,0833;Редкое
20;пятница;18;3;0,125;Частое
20;пятница;15;3;0,125;Частое
20;пятница;2;2;0,0833;Частое
20;пятница;10;2;0,0833;Частое
20;пятница;13;2;0,0833;Частое
20;пятница;8;2;0,0833;Частое
20;пятница;3;1;0,0417;Частое
20;пятница;12;1;0,0417;Частое
20;пятница;7;1;0,0417;Частое
20;пятница;20;1;0,0417;Частое
20;пятница;3;1;0,0417;Редкое
20;пятница;12;1;0,0417;Редкое
20;пятница;7;1;0,0417;Редкое
20;пятница;20;1;0,0417;Редкое
20;пятница;9;1;0,0417;Редкое
20;пятница;19;1;0,0417;Редкое
20;пятница;17;1;0,0417;Редкое
20;пятница;16;1;0,0417;Редкое
20;пятница;11;1;0,0417;Редкое
20;пятница;14;1;0,0417;Редкое
20;суббота;18;2;0,1667;Частое
20;суббота;3;1;0,0833;Частое
20;суббота;11;1;0,0833;Частое
20;суббота;1;1;0,0833;Частое
20;суббота;14;1;0,0833;Частое
20;суббота;20;1;0,0833;Частое
20;суббота;9;1;0,0833;Частое
20;суббота;15;1;0,0833;Частое
20;суббота;16;1;0,0833;Частое
20;суббота;4;1;0,0833;Частое
20;суббота;3;1;0,0833;Редкое
20;суббота;11;1;0,0833;Редкое
20;суббота;1;1;0,0833;Редкое
20;суббота;14;1;0,0833;Редкое
20;суббота;20;1;0,0833;Редкое
20;суббота;9;1;0,0833;Редкое
20;суббота;15;1;0,0833;Редкое
20;суббота;16;1;0,0833;Редкое
20;суббота;4;1;0,0833;Редкое
20;суббота;8;1;0,0833;Редкое
21;вторник;2;2;0,1667;Частое
21;вторник;6;2;0,1667;Частое
21;вторник;17;2;0,1667;Частое
21;вторник;19;1;0,0833;Частое
21;вторник;8;1;0,0833;Частое
21;вторник;12;1;0,0833;Частое
21;вторник;20;1;0,0833;Частое
21;вторник;9;1;0,0833;Частое
21;вторник;13;1;0,0833;Частое
21;вторник;2;2;0,1667;Редкое
21;вторник;6;2;0,1667;Редкое
21;вторник;17;2;0,1667;Редкое
21;вторник;19;1;0,0833;Редкое
21;вторник;8;1;0,0833;Редкое
21;вторник;12;1;0,0833;Редкое
21;вторник;20;1;0,0833;Редкое
21;вторник;9;1;0,0833;Редкое
21;вторник;13;1;0,0833;Редкое
21;среда;9;3;0,25;Частое
21;среда;5;2;0,1667;Частое
21;среда;2;1;0,0833;Частое
21;среда;3;1;0,0833;Частое
21;среда;16;1;0,0833;Частое
21;среда;19;1;0,0833;Частое
21;среда;4;1;0,0833;Частое
21;среда;20;1;0,0833;Частое
21;среда;13;1;0,0833;Частое
21;среда;9;3;0,25;Редкое
21;среда;5;2;0,1667;Редкое
21;среда;2;1;0,0833;Редкое
21;среда;3;1;0,0833;Редкое
21;среда;16;1;0,0833;Редкое
21;среда;19;1;0,0833;Редкое
21;среда;4;1;0,0833;Редкое
21;среда;20;1;0,0833;Редкое
21;среда;13;1;0,0833;Редкое
21;четверг;15;3;0,25;Частое
21;четверг;4;2;0,1667;Частое
21;четверг;5;1;0,0833;Частое
21;четверг;17;1;0,0833;Частое
21;четверг;3;1;0,0833;Частое
21;четверг;1;1;0,0833;Частое
21;четверг;11;1;0,0833;Частое
21;четверг;14;1;0,0833;Частое
21;четверг;19;1;0,0833;Частое
21;четверг;15;3;0,25;Редкое
21;четверг;4;2;0,1667;Редкое
21;четверг;5;1;0,0833;Редкое
21;четверг;17;1;0,0833;Редкое
21;четверг;3;1;0,0833;Редкое
21;четверг;1;1;0,0833;Редкое
21;четверг;11;1;0,0833;Редкое
21;четверг;14;1;0,0833;Редкое
21;четверг;19;1;0,0833;Редкое
21;пятница;13;2;0,1667;Частое
21;пятница;19;2;0,1667;Частое
21;пятница;9;2;0,1667;Частое
21;пятница;12;1;0,0833;Частое
21;пятница;1;1;0,0833;Частое
21;пятница;10;1;0,0833;Частое
21;пятница;2;1;0,0833;Частое
21;пятница;20;1;0,0833;Частое
21;пятница;6;1;0,0833;Частое
21;пятница;13;2;0,1667;Редкое
21;пятница;19;2;0,1667;Редкое
21;пятница;9;2;0,1667;Редкое
21;пятница;12;1;0,0833;Редкое
21;пятница;1;1;0,0833;Редкое
21;пятница;10;1;0,0833;Редкое
21;пятница;2;1;0,0833;Редкое
21;пятница;20;1;0,0833;Редкое
21;пятница;6;1;0,0833;Редкое
21;суббота;3;3;0,125;Частое
21;суббота;13;3;0,125;Частое
21;суббота;5;2;0,0833;Частое
21;суббота;2;2;0,0833;Частое
21;суббота;19;2;0,0833;Частое
21;суббота;17;2;0,0833;Частое
21;суббота;18;2;0,0833;Частое
21;суббота;20;2;0,0833;Частое
21;суббота;15;1;0,0417;Частое
21;суббота;9;1;0,0417;Частое
21;суббота;19;2;0,0833;Редкое
21;суббота;17;2;0,0833;Редкое
21;суббота;18;2;0,0833;Редкое
21;суббота;20;2;0,0833;Редкое
21;суббота;15;1;0,0417;Редкое
21;суббота;9;1;0,0417;Редкое
21;суббота;8;1;0,0417;Редкое
21;суббота;1;1;0,0417;Редкое
21;суббота;7;1;0,0417;Редкое
21;суббота;14;1;0,0417;Редкое
21;воскресенье;19;2;0,1667;Частое
21;воскресенье;10;2;0,1667;Частое
21;воскресенье;5;1;0,0833;Частое
21;воскресенье;8;1;0,0833;Частое
21;воскресенье;17;1;0,0833;Частое
21;воскресенье;9;1;0,0833;Частое
21;воскресенье;13;1;0,0833;Частое
21;воскресенье;6;1;0,0833;Частое
21;воскресенье;16;1;0,0833;Частое
21;воскресенье;20;1;0,0833;Частое
21;воскресенье;19;2;0,1667;Редкое
21;воскресенье;10;2;0,1667;Редкое
21;воскресенье;5;1;0,0833;Редкое
21;воскресенье;8;1;0,0833;Редкое
21;воскресенье;17;1;0,0833;Редкое
21;воскресенье;9;1;0,0833;Редкое
21;воскресенье;13;1;0,0833;Редкое
21;воскресенье;6;1;0,0833;Редкое
21;воскресенье;16;1;0,0833;Редкое
21;воскресенье;20;1;0,0833;Редкое
22;понедельник;14;3;0,25;Частое
22;понедельник;18;2;0,1667;Частое
22;понедельник;9;1;0,0833;Частое
22;понедельник;10;1;0,0833;Частое
22;понедельник;12;1;0,0833;Частое
22;понедельник;13;1;0,0833;Частое
22;понедельник;15;1;0,0833;Частое
22;понедельник;3;1;0,0833;Частое
22;понедельник;11;1;0,0833;Частое
22;понедельник;14;3;0,25;Редкое
22;понедельник;18;2;0,1667;Редкое
22;понедельник;9;1;0,0833;Редкое
22;понедельник;10;1;0,0833;Редкое
22;понедельник;12;1;0,0833;Редкое
22;понедельник;13;1;0,0833;Редкое
22;понедельник;15;1;0,0833;Редкое
22;понедельник;3;1;0,0833;Редкое
22;понедельник;11;1;0,0833;Редкое
22;среда;4;2;0,1667;Частое
22;среда;9;2;0,1667;Частое
22;среда;8;2;0,1667;Частое
22;среда;1;1;0,0833;Частое
22;среда;2;1;0,0833;Частое
22;среда;16;1;0,0833;Частое
22;среда;17;1;0,0833;Частое
22;среда;6;1;0,0833;Частое
22;среда;13;1;0,0833;Частое
22;среда;4;2;0,1667;Редкое
22;среда;9;2;0,1667;Редкое
22;среда;8;2;0,1667;Редкое
22;среда;1;1;0,0833;Редкое
22;среда;2;1;0,0833;Редкое
22;среда;16;1;0,0833;Редкое
22;среда;17;1;0,0833;Редкое
22;среда;6;1;0,0833;Редкое
22;среда;13;1;0,0833;Редкое
22;четверг;19;4;0,3333;Частое
22;четверг;17;2;0,1667;Частое
22;четверг;20;1;0,0833;Частое
22;четверг;11;1;0,0833;Частое
22;четверг;12;1;0,0833;Частое
22;четверг;10;1;0,0833;Частое
22;четверг;18;1;0,0833;Частое
22;четверг;2;1;0,0833;Частое
22;четверг;19;4;0,3333;Редкое
22;четверг;17;2;0,1667;Редкое
22;четверг;20;1;0,0833;Редкое
22;четверг;11;1;0,0833;Редкое
22;четверг;12;1;0,0833;Редкое
22;четверг;10;1;0,0833;Редкое
22;четверг;18;1;0,0833;Редкое
22;четверг;2;1;0,0833;Редкое
22;пятница;4;2;0,1667;Частое
22;пятница;11;2;0,1667;Частое
22;пятница;12;2;0,1667;Частое
22;пятница;10;1;0,0833;Частое
22;пятница;17;1;0,0833;Частое
22;пятница;1;1;0,0833;Частое
22;пятница;15;1;0,0833;Частое
22;пятница;3;1;0,0833;Частое
22;пятница;19;1;0,0833;Частое
22;пятница;4;2;0,1667;Редкое
22;пятница;11;2;0,1667;Редкое
22;пятница;12;2;0,1667;Редкое
22;пятница;10;1;0,0833;Редкое
22;пятница;17;1;0,0833;Редкое
22;пятница;1;1;0,0833;Редкое
22;пятница;15;1;0,0833;Редкое
22;пятница;3;1;0,0833;Редкое
22;пятница;19;1;0,0833;Редкое
22;суббота;5;3;0,25;Частое
22;суббота;3;2;0,1667;Частое
22;суббота;4;2;0,1667;Частое
22;суббота;7;2;0,1667;Частое
22;суббота;17;1;0,0833;Частое
22;суббота;15;1;0,0833;Частое
22;суббота;18;1;0,0833;Частое
22;суббота;5;3;0,25;Редкое
22;суббота;3;2;0,1667;Редкое
22;суббота;4;2;0,1667;Редкое
22;суббота;7;2;0,1667;Редкое
22;суббота;17;1;0,0833;Редкое
22;суббота;15;1;0,0833;Редкое
22;суббота;18;1;0,0833;Редкое
22;воскресенье;1;3;0,125;Частое
22;воскресенье;5;3;0,125;Частое
22;воскресенье;20;3;0,125;Частое
22;воскресенье;3;3;0,125;Частое
22;воскресенье;12;2;0,0833;Частое
22;воскресенье;7;2;0,0833;Частое
22;воскресенье;13;2;0,0833;Частое
22;воскресенье;15;1;0,0417;Частое
22;воскресенье;19;1;0,0417;Частое
22;воскресенье;9;1;0,0417;Частое
22;воскресенье;3;3;0,125;Редкое
22;воскресенье;12;2;0,0833;Редкое
22;воскресенье;7;2;0,0833;Редкое
22;воскресенье;13;2;0,0833;Редкое
22;воскресенье;15;1;0,0417;Редкое
22;воскресенье;19;1;0,0417;Редкое
22;воскресенье;9;1;0,0417;Редкое
22;воскресенье;18;1;0,0417;Редкое
22;воскресенье;2;1;0,0417;Редкое
22;воскресенье;11;1;0,0417;Редкое
23;понедельник;3;3;0,125;Частое
23;понедельник;14;3;0,125;Частое
23;понедельник;19;2;0,0833;Частое
23;понедельник;12;2;0,0833;Частое
23;понедельник;15;2;0,0833;Частое
23;понедельник;17;2;0,0833;Частое
23;понедельник;8;2;0,0833;Частое
23;понедельник;7;1;0,0417;Частое
23;понедельник;16;1;0,0417;Частое
23;понедельник;1;1;0,0417;Частое
23;понедельник;17;2;0,0833;Редкое
23;понедельник;8;2;0,0833;Редкое
23;понедельник;7;1;0,0417;Редкое
23;понедельник;16;1;0,0417;Редкое
23;понедельник;1;1;0,0417;Редкое
23;понедельник;11;1;0,0417;Редкое
23;понедельник;13;1;0,0417;Редкое
23;понедельник;18;1;0,0417;Редкое
23;понедельник;9;1;0,0417;Редкое
23;понедельник;20;1;0,0417;Редкое
23;вторник;4;3;0,25;Частое
23;вторник;1;2;0,1667;Частое
23;вторник;20;1;0,0833;Частое
23;вторник;3;1;0,0833;Частое
23;вторник;11;1;0,0833;Частое
23;вторник;17;1;0,0833;Частое
23;вторник;12;1;0,0833;Частое
23;вторник;10;1;0,0833;Частое
23;вторник;19;1;0,0833;Частое
23;вторник;4;3;0,25;Редкое
23;вторник;1;2;0,1667;Редкое
23;вторник;20;1;0,0833;Редкое
23;вторник;3;1;0,0833;Редкое
23;вторник;11;1;0,0833;Редкое
23;вторник;17;1;0,0833;Редкое
23;вторник;12;1;0,0833;Редкое
23;вторник;10;1;0,0833;Редкое
23;вторник;19;1;0,0833;Редкое
23;четверг;12;2;0,1667;Частое
23;четверг;16;2;0,1667;Частое
23;четверг;20;2;0,1667;Частое
23;четверг;10;1;0,0833;Частое
23;четверг;14;1;0,0833;Частое
23;четверг;1;1;0,0833;Частое
23;четверг;13;1;0,0833;Частое
23;четверг;17;1;0,0833;Частое
23;четверг;18;1;0,0833;Частое
23;четверг;12;2;0,1667;Редкое
23;четверг;16;2;0,1667;Редкое
23;четверг;20;2;0,1667;Редкое
23;четверг;10;1;0,0833;Редкое
23;четверг;14;1;0,0833;Редкое
23;четверг;1;1;0,0833;Редкое
23;четверг;13;1;0,0833;Редкое
23;четверг;17;1;0,0833;Редкое
23;четверг;18;1;0,0833;Редкое
23;пятница;12;2;0,1667;Частое
23;пятница;19;2;0,1667;Частое
23;пятница;3;1;0,0833;Частое
23;пятница;17;1;0,0833;Частое
23;пятница;5;1;0,0833;Частое
23;пятница;15;1;0,0833;Частое
23;пятница;1;1;0,0833;Частое
23;пятница;8;1;0,0833;Частое
23;пятница;9;1;0,0833;Частое
23;пятница;16;1;0,0833;Частое
23;пятница;12;2;0,1667;Редкое
23;пятница;19;2;0,1667;Редкое
23;пятница;3;1;0,0833;Редкое
23;пятница;17;1;0,0833;Редкое
23;пятница;5;1;0,0833;Редкое
23;пятница;15;1;0,0833;Редкое
23;пятница;1;1;0,0833;Редкое
23;пятница;8;1;0,0833;Редкое
23;пятница;9;1;0,0833;Редкое
23;пятница;16;1;0,0833;Редкое
23;суббота;9;2;0,1667;Частое
23;суббота;4;2;0,1667;Частое
23;суббота;6;1;0,0833;Частое
23;суббота;19;1;0,0833;Частое
23;суббота;1;1;0,0833;Частое
23;суббота;15;1;0,0833;Частое
23;суббота;5;1;0,0833;Частое
23;суббота;17;1;0,0833;Частое
23;суббота;2;1;0,0833;Частое
23;суббота;8;1;0,0833;Частое
23;суббота;9;2;0,1667;Редкое
23;суббота;4;2;0,1667;Редкое
23;суббота;6;1;0,0833;Редкое
23;суббота;19;1;0,0833;Редкое
23;суббота;1;1;0,0833;Редкое
23;суббота;15;1;0,0833;Редкое
23;суббота;5;1;0,0833;Редкое
23;суббота;17;1;0,0833;Редкое
23;суббота;2;1;0,0833;Редкое
23;суббота;8;1;0,0833;Редкое
23;воскресенье;15;2;0,1667;Частое
23;воскресенье;2;1;0,0833;Частое
23;воскресенье;11;1;0,0833;Частое
23;воскресенье;4;1;0,0833;Частое
23;воскресенье;6;1;0,0833;Частое
23;воскресенье;14;1;0,0833;Частое
23;воскресенье;3;1;0,0833;Частое
23;воскресенье;17;1;0,0833;Частое
23;воскресенье;20;1;0,0833;Частое
23;воскресенье;5;1;0,0833;Частое
23;воскресенье;2;1;0,0833;Редкое
23;воскресенье;11;1;0,0833;Редкое
23;воскресенье;4;1;0,0833;Редкое
23;воскресенье;6;1;0,0833;Редкое
23;воскресенье;14;1;0,0833;Редкое
23;воскресенье;3;1;0,0833;Редкое
23;воскресенье;17;1;0,0833;Редкое
23;воскресенье;20;1;0,0833;Редкое
23;воскресенье;5;1;0,0833;Редкое
23;воскресенье;13;1;0,0833;Редкое
24;понедельник;4;2;0,1667;Частое
24;понедельник;16;2;0,1667;Частое
24;понедельник;5;1;0,0833;Частое
24;понедельник;14;1;0,0833;Частое
24;понедельник;15;1;0,0833;Частое
24;понедельник;17;1;0,0833;Частое
24;понедельник;12;1;0,0833;Частое
24;понедельник;19;1;0,0833;Частое
24;понедельник;13;1;0,0833;Частое
24;понедельник;18;1;0,0833;Частое
24;понедельник;4;2;0,1667;Редкое
24;понедельник;16;2;0,1667;Редкое
24;понедельник;5;1;0,0833;Редкое
24;понедельник;14;1;0,0833;Редкое
24;понедельник;15;1;0,0833;Редкое
24;понедельник;17;1;0,0833;Редкое
24;понедельник;12;1;0,0833;Редкое
24;понедельник;19;1;0,0833;Редкое
24;понедельник;13;1;0,0833;Редкое
24;понедельник;18;1;0,0833;Редкое
24;вторник;11;3;0,125;Частое
24;вторник;12;2;0,0833;Частое
24;вторник;7;2;0,0833;Частое
24;вторник;17;2;0,0833;Частое
24;вторник;4;2;0,0833;Частое
24;вторник;13;2;0,0833;Частое
24;вторник;14;2;0,0833;Частое
24;вторник;18;2;0,0833;Частое
24;вторник;8;1;0,0417;Частое
24;вторник;16;1;0,0417;Частое
24;вторник;13;2;0,0833;Редкое
24;вторник;14;2;0,0833;Редкое
24;вторник;18;2;0,0833;Редкое
24;вторник;8;1;0,0417;Редкое
24;вторник;16;1;0,0417;Редкое
24;вторник;10;1;0,0417;Редкое
24;вторник;3;1;0,0417;Редкое
24;вторник;9;1;0,0417;Редкое
24;вторник;15;1;0,0417;Редкое
24;вторник;1;1;0,0417;Редкое
24;среда;7;2;0,1667;Частое
24;среда;8;2;0,1667;Частое
24;среда;18;2;0,1667;Частое
24;среда;3;1;0,0833;Частое
24;среда;20;1;0,0833;Частое
24;среда;1;1;0,0833;Частое
24;среда;12;1;0,0833;Частое
24;среда;17;1;0,0833;Частое
24;среда;11;1;0,0833;Частое
24;среда;7;2;0,1667;Редкое
24;среда;8;2;0,1667;Редкое
24;среда;18;2;0,1667;Редкое
24;среда;3;1;0,0833;Редкое
24;среда;20;1;0,0833;Редкое
24;среда;1;1;0,0833;Редкое
24;среда;12;1;0,0833;Редкое
24;среда;17;1;0,0833;Редкое
24;среда;11;1;0,0833;Редкое
24;пятница;11;2;0,1667;Частое
24;пятница;20;2;0,1667;Частое
24;пятница;1;1;0,0833;Частое
24;пятница;9;1;0,0833;Частое
24;пятница;7;1;0,0833;Частое
24;пятница;19;1;0,0833;Частое
24;пятница;6;1;0,0833;Частое
24;пятница;8;1;0,0833;Частое
24;пятница;10;1;0,0833;Частое
24;пятница;17;1;0,0833;Частое
24;пятница;11;2;0,1667;Редкое
24;пятница;20;2;0,1667;Редкое
24;пятница;1;1;0,0833;Редкое
24;пятница;9;1;0,0833;Редкое
24;пятница;7;1;0,0833;Редкое
24;пятница;19;1;0,0833;Редкое
24;пятница;6;1;0,0833;Редкое
24;пятница;8;1;0,0833;Редкое
24;пятница;10;1;0,0833;Редкое
24;пятница;17;1;0,0833;Редкое
24;суббота;13;2;0,1667;Частое
24;суббота;17;2;0,1667;Частое
24;суббота;10;2;0,1667;Частое
24;суббота;14;2;0,1667;Частое
24;суббота;15;2;0,1667;Частое
24;суббота;1;1;0,0833;Частое
24;суббота;20;1;0,0833;Частое
24;суббота;13;2;0,1667;Редкое
24;суббота;17;2;0,1667;Редкое
24;суббота;10;2;0,1667;Редкое
24;суббота;14;2;0,1667;Редкое
24;суббота;15;2;0,1667;Редкое
24;суббота;1;1;0,0833;Редкое
24;суббота;20;1;0,0833;Редкое
24;воскресенье;13;2;0,1667;Частое
24;воскресенье;15;2;0,1667;Частое
24;воскресенье;2;2;0,1667;Частое
24;воскресенье;17;2;0,1667;Частое
24;воскресенье;12;1;0,0833;Частое
24;воскресенье;19;1;0,0833;Частое
24;воскресенье;16;1;0,0833;Частое
24;воскресенье;18;1;0,0833;Частое
24;воскресенье;13;2;0,1667;Редкое
24;воскресенье;15;2;0,1667;Редкое
24;воскресенье;2;2;0,1667;Редкое
24;воскресенье;17;2;0,1667;Редкое
24;воскресенье;12;1;0,0833;Редкое
24;воскресенье;19;1;0,0833;Редкое
24;воскресенье;16;1;0,0833;Редкое
24;воскресенье;18;1;0,0833;Редкое
25;понедельник;16;2;0,1667;Частое
25;понедельник;17;2;0,1667;Частое
25;понедельник;7;1;0,0833;Частое
25;понедельник;9;1;0,0833;Частое
25;понедельник;19;1;0,0833;Частое
25;понедельник;10;1;0,0833;Частое
25;понедельник;14;1;0,0833;Частое
25;понедельник;18;1;0,0833;Частое
25;понедельник;3;1;0,0833;Частое
25;понедельник;4;1;0,0833;Частое
25;понедельник;16;2;0,1667;Редкое
25;понедельник;17;2;0,1667;Редкое
25;понедельник;7;1;0,0833;Редкое
25;понедельник;9;1;0,0833;Редкое
25;понедельник;19;1;0,0833;Редкое
25;понедельник;10;1;0,0833;Редкое
25;понедельник;14;1;0,0833;Редкое
25;понедельник;18;1;0,0833;Редкое
25;понедельник;3;1;0,0833;Редкое
25;понедельник;4;1;0,0833;Редкое
25;вторник;10;2;0,1667;Частое
25;вторник;14;2;0,1667;Частое
25;вторник;9;1;0,0833;Частое
25;вторник;11;1;0,0833;Частое
25;вторник;16;1;0,0833;Частое
25;вторник;3;1;0,0833;Частое
25;вторник;5;1;0,0833;Частое
25;вторник;19;1;0,0833;Частое
25;вторник;13;1;0,0833;Частое
25;вторник;18;1;0,0833;Частое
25;вторник;10;2;0,1667;Редкое
25;вторник;14;2;0,1667;Редкое
25;вторник;9;1;0,0833;Редкое
25;вторник;11;1;0,0833;Редкое
25;вторник;16;1;0,0833;Редкое
25;вторник;3;1;0,0833;Редкое
25;вторник;5;1;0,0833;Редкое
25;вторник;19;1;0,0833;Редкое
25;вторник;13;1;0,0833;Редкое
25;вторник;18;1;0,0833;Редкое
25;среда;6;3;0,125;Частое
25;среда;5;2;0,0833;Частое
25;среда;10;2;0,0833;Частое
25;среда;2;2;0,0833;Частое
25;среда;16;2;0,0833;Частое
25;среда;8;2;0,0833;Частое
25;среда;1;2;0,0833;Частое
25;среда;3;2;0,0833;Частое
25;среда;18;1;0,0417;Частое
25;среда;12;1;0,0417;Частое
25;среда;8;2;0,0833;Редкое
25;среда;1;2;0,0833;Редкое
25;среда;3;2;0,0833;Редкое
25;среда;18;1;0,0417;Редкое
25;среда;12;1;0,0417;Редкое
25;среда;14;1;0,0417;Редкое
25;среда;20;1;0,0417;Редкое
25;среда;7;1;0,0417;Редкое
25;среда;11;1;0,0417;Редкое
25;среда;19;1;0,0417;Редкое
25;четверг;8;2;0,1667;Частое
25;четверг;11;2;0,1667;Частое
25;четверг;17;2;0,1667;Частое
25;четверг;2;1;0,0833;Частое
25;четверг;14;1;0,0833;Частое
25;четверг;4;1;0,0833;Частое
25;четверг;16;1;0,0833;Частое
25;четверг;7;1;0,0833;Частое
25;четверг;18;1;0,0833;Частое
25;четверг;8;2;0,1667;Редкое
25;четверг;11;2;0,1667;Редкое
25;четверг;17;2;0,1667;Редкое
25;четверг;2;1;0,0833;Редкое
25;четверг;14;1;0,0833;Редкое
25;четверг;4;1;0,0833;Редкое
25;четверг;16;1;0,0833;Редкое
25;четверг;7;1;0,0833;Редкое
25;четверг;18;1;0,0833;Редкое
25;суббота;2;2;0,1667;Частое
25;суббота;6;2;0,1667;Частое
25;суббота;20;2;0,1667;Частое
25;суббота;19;1;0,0833;Частое
25;суббота;11;1;0,0833;Частое
25;суббота;5;1;0,0833;Частое
25;суббота;12;1;0,0833;Частое
25;суббота;1;1;0,0833;Частое
25;суббота;8;1;0,0833;Частое
25;суббота;2;2;0,1667;Редкое
25;суббота;6;2;0,1667;Редкое
25;суббота;20;2;0,1667;Редкое
25;суббота;19;1;0,0833;Редкое
25;суббота;11;1;0,0833;Редкое
25;суббота;5;1;0,0833;Редкое
25;суббота;12;1;0,0833;Редкое
25;суббота;1;1;0,0833;Редкое
25;суббота;8;1;0,0833;Редкое
25;воскресенье;3;3;0,25;Частое
25;воскресенье;12;1;0,0833;Частое
25;воскресенье;13;1;0,0833;Частое
25;воскресенье;11;1;0,0833;Частое
25;воскресенье;14;1;0,0833;Частое
25;воскресенье;17;1;0,0833;Частое
25;воскресенье;18;1;0,0833;Частое
25;воскресенье;5;1;0,0833;Частое
25;воскресенье;10;1;0,0833;Частое
25;воскресенье;20;1;0,0833;Частое
25;воскресенье;3;3;0,25;Редкое
25;воскресенье;12;1;0,0833;Редкое
25;воскресенье;13;1;0,0833;Редкое
25;воскресенье;11;1;0,0833;Редкое
25;воскресенье;14;1;0,0833;Редкое
25;воскресенье;17;1;0,0833;Редкое
25;воскресенье;18;1;0,0833;Редкое
25;воскресенье;5;1;0,0833;Редкое
25;воскресенье;10;1;0,0833;Редкое
25;воскресенье;20;1;0,0833;Редкое
26;понедельник;9;3;0,25;Частое
26;понедельник;2;2;0,1667;Частое
26;понедельник;7;1;0,0833;Частое
26;понедельник;8;1;0,0833;Частое
26;понедельник;15;1;0,0833;Частое
26;понедельник;4;1;0,0833;Частое
26;понедельник;1;1;0,0833;Частое
26;понедельник;14;1;0,0833;Частое
26;понедельник;18;1;0,0833;Частое
26;понедельник;9;3;0,25;Редкое
26;понедельник;2;2;0,1667;Редкое
26;понедельник;7;1;0,0833;Редкое
26;понедельник;8;1;0,0833;Редкое
26;понедельник;15;1;0,0833;Редкое
26;понедельник;4;1;0,0833;Редкое
26;понедельник;1;1;0,0833;Редкое
26;понедельник;14;1;0,0833;Редкое
26;понедельник;18;1;0,0833;Редкое
26;вторник;6;2;0,1667;Частое
26;вторник;4;2;0,1667;Частое
26;вторник;18;2;0,1667;Частое
26;вторник;11;1;0,0833;Частое
26;вторник;17;1;0,0833;Частое
26;вторник;20;1;0,0833;Частое
26;вторник;1;1;0,0833;Частое
26;вторник;2;1;0,0833;Частое
26;вторник;5;1;0,0833;Частое
26;вторник;6;2;0,1667;Редкое
26;вторник;4;2;0,1667;Редкое
26;вторник;18;2;0,1667;Редкое
26;вторник;11;1;0,0833;Редкое
26;вторник;17;1;0,0833;Редкое
26;вторник;20;1;0,0833;Редкое
26;вторник;1;1;0,0833;Редкое
26;вторник;2;1;0,0833;Редкое
26;вторник;5;1;0,0833;Редкое
26;среда;8;2;0,1667;Частое
26;среда;9;2;0,1667;Частое
26;среда;19;2;0,1667;Частое
26;среда;13;2;0,1667;Частое
26;среда;2;2;0,1667;Частое
26;среда;17;1;0,0833;Частое
26;среда;18;1;0,0833;Частое
26;среда;8;2;0,1667;Редкое
26;среда;9;2;0,1667;Редкое
26;среда;19;2;0,1667;Редкое
26;среда;13;2;0,1667;Редкое
26;среда;2;2;0,1667;Редкое
26;среда;17;1;0,0833;Редкое
26;среда;18;1;0,0833;Редкое
26;четверг;18;4;0,1667;Частое
26;четверг;15;2;0,0833;Частое
26;четверг;4;2;0,0833;Частое
26;четверг;9;2;0,0833;Частое
26;четверг;3;2;0,0833;Частое
26;четверг;20;2;0,0833;Частое
26;четверг;12;2;0,0833;Частое
26;четверг;5;1;0,0417;Частое
26;четверг;8;1;0,0417;Частое
26;четверг;2;1;0,0417;Частое
26;четверг;20;2;0,0833;Редкое
26;четверг;12;2;0,0833;Редкое
26;четверг;5;1;0,0417;Редкое
26;четверг;8;1;0,0417;Редкое
26;четверг;2;1;0,0417;Редкое
26;четверг;14;1;0,0417;Редкое
26;четверг;19;1;0,0417;Редкое
26;четверг;17;1;0,0417;Редкое
26;четверг;16;1;0,0417;Редкое
26;четверг;10;1;0,0417;Редкое
26;пятница;16;2;0,1667;Частое
26;пятница;20;2;0,1667;Частое
26;пятница;2;1;0,0833;Частое
26;пятница;17;1;0,0833;Частое
26;пятница;18;1;0,0833;Частое
26;пятница;19;1;0,0833;Частое
26;пятница;5;1;0,0833;Частое
26;пятница;8;1;0,0833;Частое
26;пятница;6;1;0,0833;Частое
26;пятница;15;1;0,0833;Частое
26;пятница;16;2;0,1667;Редкое
26;пятница;20;2;0,1667;Редкое
26;пятница;2;1;0,0833;Редкое
26;пятница;17;1;0,0833;Редкое
26;пятница;18;1;0,0833;Редкое
26;пятница;19;1;0,0833;Редкое
26;пятница;5;1;0,0833;Редкое
26;пятница;8;1;0,0833;Редкое
26;пятница;6;1;0,0833;Редкое
26;пятница;15;1;0,0833;Редкое
26;воскресенье;16;3;0,25;Частое
26;воскресенье;14;2;0,1667;Частое
26;воскресенье;8;2;0,1667;Частое
26;воскресенье;4;2;0,1667;Частое
26;воскресенье;17;1;0,0833;Частое
26;воскресенье;5;1;0,0833;Частое
26;воскресенье;15;1;0,0833;Частое
26;воскресенье;16;3;0,25;Редкое
26;воскресенье;14;2;0,1667;Редкое
26;воскресенье;8;2;0,1667;Редкое
26;воскресенье;4;2;0,1667;Редкое
26;воскресенье;17;1;0,0833;Редкое
26;воскресенье;5;1;0,0833;Редкое
26;воскресенье;15;1;0,0833;Редкое
27;понедельник;19;2;0,1667;Частое
27;понедельник;12;2;0,1667;Частое
27;понедельник;5;1;0,0833;Частое
27;понедельник;10;1;0,0833;Частое
27;понедельник;1;1;0,0833;Частое
27;понедельник;4;1;0,0833;Частое
27;понедельник;8;1;0,0833;Частое
27;понедельник;3;1;0,0833;Частое
27;понедельник;17;1;0,0833;Частое
27;понедельник;13;1;0,0833;Частое
27;понедельник;19;2;0,1667;Редкое
27;понедельник;12;2;0,1667;Редкое
27;понедельник;5;1;0,0833;Редкое
27;понедельник;10;1;0,0833;Редкое
27;понедельник;1;1;0,0833;Редкое
27;понедельник;4;1;0,0833;Редкое
27;понедельник;8;1;0,0833;Редкое
27;понедельник;3;1;0,0833;Редкое
27;понедельник;17;1;0,0833;Редкое
27;понедельник;13;1;0,0833;Редкое
27;вторник;1;1;0,0833;Частое
27;вторник;4;1;0,0833;Частое
27;вторник;19;1;0,0833;Частое
27;вторник;6;1;0,0833;Частое
27;вторник;11;1;0,0833;Частое
27;вторник;13;1;0,0833;Частое
27;вторник;2;1;0,0833;Частое
27;вторник;16;1;0,0833;Частое
27;вторник;18;1;0,0833;Частое
27;вторник;3;1;0,0833;Частое
27;вторник;19;1;0,0833;Редкое
27;вторник;6;1;0,0833;Редкое
27;вторник;11;1;0,0833;Редкое
27;вторник;13;1;0,0833;Редкое
27;вторник;2;1;0,0833;Редкое
27;вторник;16;1;0,0833;Редкое
27;вторник;18;1;0,0833;Редкое
27;вторник;3;1;0,0833;Редкое
27;вторник;7;1;0,0833;Редкое
27;вторник;10;1;0,0833;Редкое
27;среда;18;2;0,1667;Частое
27;среда;6;2;0,1667;Частое
27;среда;3;1;0,0833;Частое
27;среда;7;1;0,0833;Частое
27;среда;5;1;0,0833;Частое
27;среда;9;1;0,0833;Частое
27;среда;12;1;0,0833;Частое
27;среда;8;1;0,0833;Частое
27;среда;13;1;0,0833;Частое
27;среда;16;1;0,0833;Частое
27;среда;18;2;0,1667;Редкое
27;среда;6;2;0,1667;Редкое
27;среда;3;1;0,0833;Редкое
27;среда;7;1;0,0833;Редкое
27;среда;5;1;0,0833;Редкое
27;среда;9;1;0,0833;Редкое
27;среда;12;1;0,0833;Редкое
27;среда;8;1;0,0833;Редкое
27;среда;13;1;0,0833;Редкое
27;среда;16;1;0,0833;Редкое
27;четверг;5;2;0,1667;Частое
27;четверг;9;2;0,1667;Частое
27;четверг;13;1;0,0833;Частое
27;четверг;17;1;0,0833;Частое
27;четверг;20;1;0,0833;Частое
27;четверг;1;1;0,0833;Частое
27;четверг;14;1;0,0833;Частое
27;четверг;16;1;0,0833;Частое
27;четверг;3;1;0,0833;Частое
27;четверг;15;1;0,0833;Частое
27;четверг;5;2;0,1667;Редкое
27;четверг;9;2;0,1667;Редкое
27;четверг;13;1;0,0833;Редкое
27;четверг;17;1;0,0833;Редкое
27;четверг;20;1;0,0833;Редкое
27;четверг;1;1;0,0833;Редкое
27;четверг;14;1;0,0833;Редкое
27;четверг;16;1;0,0833;Редкое
27;четверг;3;1;0,0833;Редкое
27;четверг;15;1;0,0833;Редкое
27;пятница;9;3;0,125;Частое
27;пятница;13;3;0,125;Частое
27;пятница;6;2;0,0833;Частое
27;пятница;11;2;0,0833;Частое
27;пятница;19;2;0,0833;Частое
27;пятница;14;2;0,0833;Частое
27;пятница;18;2;0,0833;Частое
27;пятница;15;2;0,0833;Частое
27;пятница;3;1;0,0417;Частое
27;пятница;8;1;0,0417;Частое
27;пятница;19;2;0,0833;Редкое
27;пятница;14;2;0,0833;Редкое
27;пятница;18;2;0,0833;Редкое
27;пятница;15;2;0,0833;Редкое
27;пятница;3;1;0,0417;Редкое
27;пятница;8;1;0,0417;Редкое
27;пятница;1;1;0,0417;Редкое
27;пятница;4;1;0,0417;Редкое
27;пятница;2;1;0,0417;Редкое
27;пятница;17;1;0,0417;Редкое
27;суббота;13;2;0,1667;Частое
27;суббота;3;2;0,1667;Частое
27;суббота;10;1;0,0833;Частое
27;суббота;18;1;0,0833;Частое
27;суббота;2;1;0,0833;Частое
27;суббота;11;1;0,0833;Частое
27;суббота;14;1;0,0833;Частое
27;суббота;19;1;0,0833;Частое
27;суббота;5;1;0,0833;Частое
27;суббота;17;1;0,0833;Частое
27;суббота;13;2;0,1667;Редкое
27;суббота;3;2;0,1667;Редкое
27;суббота;10;1;0,0833;Редкое
27;суббота;18;1;0,0833;Редкое
27;суббота;2;1;0,0833;Редкое
27;суббота;11;1;0,0833;Редкое
27;суббота;14;1;0,0833;Редкое
27;суббота;19;1;0,0833;Редкое
27;суббота;5;1;0,0833;Редкое
27;суббота;17;1;0,0833;Редкое
28;вторник;5;2;0,1667;Частое
28;вторник;3;2;0,1667;Частое
28;вторник;12;2;0,1667;Частое
28;вторник;1;1;0,0833;Частое
28;вторник;10;1;0,0833;Частое
28;вторник;4;1;0,0833;Частое
28;вторник;13;1;0,0833;Частое
28;вторник;8;1;0,0833;Частое
28;вторник;19;1;0,0833;Частое
28;вторник;5;2;0,1667;Редкое
28;вторник;3;2;0,1667;Редкое
28;вторник;12;2;0,1667;Редкое
28;вторник;1;1;0,0833;Редкое
28;вторник;10;1;0,0833;Редкое
28;вторник;4;1;0,0833;Редкое
28;вторник;13;1;0,0833;Редкое
28;вторник;8;1;0,0833;Редкое
28;вторник;19;1;0,0833;Редкое
28;среда;12;2;0,1667;Частое
28;среда;8;2;0,1667;Частое
28;среда;3;1;0,0833;Частое
28;среда;5;1;0,0833;Частое
28;среда;9;1;0,0833;Частое
28;среда;14;1;0,0833;Частое
28;среда;20;1;0,0833;Частое
28;среда;10;1;0,0833;Частое
28;среда;17;1;0,0833;Частое
28;среда;19;1;0,0833;Частое
28;среда;12;2;0,1667;Редкое
28;среда;8;2;0,1667;Редкое
28;среда;3;1;0,0833;Редкое
28;среда;5;1;0,0833;Редкое
28;среда;9;1;0,0833;Редкое
28;среда;14;1;0,0833;Редкое
28;среда;20;1;0,0833;Редкое
28;среда;10;1;0,0833;Редкое
28;среда;17;1;0,0833;Редкое
28;среда;19;1;0,0833;Редкое
28;четверг;8;2;0,1667;Частое
28;четверг;11;2;0,1667;Частое
28;четверг;7;2;0,1667;Частое
28;четверг;14;1;0,0833;Частое
28;четверг;5;1;0,0833;Частое
28;четверг;6;1;0,0833;Частое
28;четверг;10;1;0,0833;Частое
28;четверг;2;1;0,0833;Частое
28;четверг;17;1;0,0833;Частое
28;четверг;8;2;0,1667;Редкое
28;четверг;11;2;0,1667;Редкое
28;четверг;7;2;0,1667;Редкое
28;четверг;14;1;0,0833;Редкое
28;четверг;5;1;0,0833;Редкое
28;четверг;6;1;0,0833;Редкое
28;четверг;10;1;0,0833;Редкое
28;четверг;2;1;0,0833;Редкое
28;четверг;17;1;0,0833;Редкое
28;пятница;11;3;0,25;Частое
28;пятница;1;2;0,1667;Частое
28;пятница;19;1;0,0833;Частое
28;пятница;14;1;0,0833;Частое
28;пятница;4;1;0,0833;Частое
28;пятница;7;1;0,0833;Частое
28;пятница;17;1;0,0833;Частое
28;пятница;8;1;0,0833;Частое
28;пятница;13;1;0,0833;Частое
28;пятница;11;3;0,25;Редкое
28;пятница;1;2;0,1667;Редкое
28;пятница;19;1;0,0833;Редкое
28;пятница;14;1;0,0833;Редкое
28;пятница;4;1;0,0833;Редкое
28;пятница;7;1;0,0833;Редкое
28;пятница;17;1;0,0833;Редкое
28;пятница;8;1;0,0833;Редкое
28;пятница;13;1;0,0833;Редкое
28;суббота;7;4;0,1667;Частое
28;суббота;6;4;0,1667;Частое
28;суббота;16;2;0,0833;Частое
28;суббота;18;2;0,0833;Частое
28;суббота;8;2;0,0833;Частое
28;суббота;17;2;0,0833;Частое
28;суббота;20;2;0,0833;Частое
28;суббота;9;1;0,0417;Частое
28;суббота;15;1;0,0417;Частое
28;суббота;4;1;0,0417;Частое
28;суббота;18;2;0,0833;Редкое
28;суббота;8;2;0,0833;Редкое
28;суббота;17;2;0,0833;Редкое
28;суббота;20;2;0,0833;Редкое
28;суббота;9;1;0,0417;Редкое
28;суббота;15;1;0,0417;Редкое
28;суббота;4;1;0,0417;Редкое
28;суббота;11;1;0,0417;Редкое
28;суббота;1;1;0,0417;Редкое
28;суббота;2;1;0,0417;Редкое
28;воскресенье;7;2;0,1667;Частое
28;воскресенье;17;2;0,1667;Частое
28;воскресенье;3;1;0,0833;Частое
28;воскресенье;4;1;0,0833;Частое
28;воскресенье;19;1;0,0833;Частое
28;воскресенье;15;1;0,0833;Частое
28;воскресенье;20;1;0,0833;Частое
28;воскресенье;1;1;0,0833;Частое
28;воскресенье;18;1;0,0833;Частое
28;воскресенье;6;1;0,0833;Частое
28;воскресенье;7;2;0,1667;Редкое
28;воскресенье;17;2;0,1667;Редкое
28;воскресенье;3;1;0,0833;Редкое
28;воскресенье;4;1;0,0833;Редкое
28;воскресенье;19;1;0,0833;Редкое
28;воскресенье;15;1;0,0833;Редкое
28;воскресенье;20;1;0,0833;Редкое
28;воскресенье;1;1;0,0833;Редкое
28;воскресенье;18;1;0,0833;Редкое
28;воскресенье;6;1;0,0833;Редкое
29;понедельник;13;2;0,1667;Частое
29;понедельник;20;2;0,1667;Частое
29;понедельник;18;1;0,0833;Частое
29;понедельник;19;1;0,0833;Частое
29;понедельник;2;1;0,0833;Частое
29;понедельник;10;1;0,0833;Частое
29;понедельник;3;1;0,0833;Частое
29;понедельник;4;1;0,0833;Частое
29;понедельник;5;1;0,0833;Частое
29;понедельник;14;1;0,0833;Частое
29;понедельник;13;2;0,1667;Редкое
29;понедельник;20;2;0,1667;Редкое
29;понедельник;18;1;0,0833;Редкое
29;понедельник;19;1;0,0833;Редкое
29;понедельник;2;1;0,0833;Редкое
29;понедельник;10;1;0,0833;Редкое
29;понедельник;3;1;0,0833;Редкое
29;понедельник;4;1;0,0833;Редкое
29;понедельник;5;1;0,0833;Редкое
29;понедельник;14;1;0,0833;Редкое
29;среда;1;3;0,125;Частое
29;среда;3;2;0,0833;Частое
29;среда;19;2;0,0833;Частое
29;среда;5;2;0,0833;Частое
29;среда;10;2;0,0833;Частое
29;среда;11;2;0,0833;Частое
29;среда;6;2;0,0833;Частое
29;среда;13;2;0,0833;Частое
29;среда;12;1;0,0417;Частое
29;среда;17;1;0,0417;Частое
29;среда;11;2;0,0833;Редкое
29;среда;6;2;0,0833;Редкое
29;среда;13;2;0,0833;Редкое
29;среда;12;1;0,0417;Редкое
29;среда;17;1;0,0417;Редкое
29;среда;15;1;0,0417;Редкое
29;среда;8;1;0,0417;Редкое
29;среда;18;1;0,0417;Редкое
29;среда;2;1;0,0417;Редкое
29;среда;4;1;0,0417;Редкое
29;четверг;3;2;0,1667;Частое
29;четверг;8;2;0,1667;Частое
29;четверг;16;1;0,0833;Частое
29;четверг;7;1;0,0833;Частое
29;четверг;12;1;0,0833;Частое
29;четверг;5;1;0,0833;Частое
29;четверг;6;1;0,0833;Частое
29;четверг;17;1;0,0833;Частое
29;четверг;2;1;0,0833;Частое
29;четверг;10;1;0,0833;Частое
29;четверг;3;2;0,1667;Редкое
29;четверг;8;2;0,1667;Редкое
29;четверг;16;1;0,0833;Редкое
29;четверг;7;1;0,0833;Редкое
29;четверг;12;1;0,0833;Редкое
29;четверг;5;1;0,0833;Редкое
29;четверг;6;1;0,0833;Редкое
29;четверг;17;1;0,0833;Редкое
29;четверг;2;1;0,0833;Редкое
29;четверг;10;1;0,0833;Редкое
29;пятница;1;2;0,1667;Частое
29;пятница;11;1;0,0833;Частое
29;пятница;13;1;0,0833;Частое
29;пятница;19;1;0,0833;Частое
29;пятница;7;1;0,0833;Частое
29;пятница;8;1;0,0833;Частое
29;пятница;6;1;0,0833;Частое
29;пятница;10;1;0,0833;Частое
29;пятница;14;1;0,0833;Частое
29;пятница;3;1;0,0833;Частое
29;пятница;11;1;0,0833;Редкое
29;пятница;13;1;0,0833;Редкое
29;пятница;19;1;0,0833;Редкое
29;пятница;7;1;0,0833;Редкое
29;пятница;8;1;0,0833;Редкое
29;пятница;6;1;0,0833;Редкое
29;пятница;10;1;0,0833;Редкое
29;пятница;14;1;0,0833;Редкое
29;пятница;3;1;0,0833;Редкое
29;пятница;9;1;0,0833;Редкое
29;суббота;8;2;0,1667;Частое
29;суббота;13;2;0,1667;Частое
29;суббота;15;2;0,1667;Частое
29;суббота;1;1;0,0833;Частое
29;суббота;2;1;0,0833;Частое
29;суббота;3;1;0,0833;Частое
29;суббота;9;1;0,0833;Частое
29;суббота;18;1;0,0833;Частое
29;суббота;19;1;0,0833;Частое
29;суббота;8;2;0,1667;Редкое
29;суббота;13;2;0,1667;Редкое
29;суббота;15;2;0,1667;Редкое
29;суббота;1;1;0,0833;Редкое
29;суббота;2;1;0,0833;Редкое
29;суббота;3;1;0,0833;Редкое
29;суббота;9;1;0,0833;Редкое
29;суббота;18;1;0,0833;Редкое
29;суббота;19;1;0,0833;Редкое
29;воскресенье;1;2;0,1667;Частое
29;воскресенье;17;2;0,1667;Частое
29;воскресенье;8;1;0,0833;Частое
29;воскресенье;18;1;0,0833;Частое
29;воскресенье;19;1;0,0833;Частое
29;воскресенье;9;1;0,0833;Частое
29;воскресенье;12;1;0,0833;Частое
29;воскресенье;13;1;0,0833;Частое
29;воскресенье;15;1;0,0833;Частое
29;воскресенье;6;1;0,0833;Частое
29;воскресенье;1;2;0,1667;Редкое
29;воскресенье;17;2;0,1667;Редкое
29;воскресенье;8;1;0,0833;Редкое
29;воскресенье;18;1;0,0833;Редкое
29;воскресенье;19;1;0,0833;Редкое
29;воскресенье;9;1;0,0833;Редкое
29;воскресенье;12;1;0,0833;Редкое
29;воскресенье;13;1;0,0833;Редкое
29;воскресенье;15;1;0,0833;Редкое
29;воскресенье;6;1;0,0833;Редкое
30;понедельник;13;3;0,25;Частое
30;понедельник;5;2;0,1667;Частое
30;понедельник;15;2;0,1667;Частое
30;понедельник;16;2;0,1667;Частое
30;понедельник;7;1;0,0833;Частое
30;понедельник;3;1;0,0833;Частое
30;понедельник;1;1;0,0833;Частое
30;понедельник;13;3;0,25;Редкое
30;понедельник;5;2;0,1667;Редкое
30;понедельник;15;2;0,1667;Редкое
30;понедельник;16;2;0,1667;Редкое
30;понедельник;7;1;0,0833;Редкое
30;понедельник;3;1;0,0833;Редкое
30;понедельник;1;1;0,0833;Редкое
30;вторник;11;3;0,25;Частое
30;вторник;18;2;0,1667;Частое
30;вторник;7;2;0,1667;Частое
30;вторник;3;1;0,0833;Частое
30;вторник;13;1;0,0833;Частое
30;вторник;2;1;0,0833;Частое
30;вторник;15;1;0,0833;Частое
30;вторник;17;1;0,0833;Частое
30;вторник;11;3;0,25;Редкое
30;вторник;18;2;0,1667;Редкое
30;вторник;7;2;0,1667;Редкое
30;вторник;3;1;0,0833;Редкое
30;вторник;13;1;0,0833;Редкое
30;вторник;2;1;0,0833;Редкое
30;вторник;15;1;0,0833;Редкое
30;вторник;17;1;0,0833;Редкое
30;четверг;17;4;0,1667;Частое
30;четверг;18;4;0,1667;Частое
30;четверг;4;2;0,0833;Частое
30;четверг;9;2;0,0833;Частое
30;четверг;5;2;0,0833;Частое
30;четверг;1;1;0,0417;Частое
30;четверг;10;1;0,0417;Частое
30;четверг;13;1;0,0417;Частое
30;четверг;7;1;0,0417;Частое
30;четверг;19;1;0,0417;Частое
30;четверг;1;1;0,0417;Редкое
30;четверг;10;1;0,0417;Редкое
30;четверг;13;1;0,0417;Редкое
30;четверг;7;1;0,0417;Редкое
30;четверг;19;1;0,0417;Редкое
30;четверг;8;1;0,0417;Редкое
30;четверг;15;1;0,0417;Редкое
30;четверг;6;1;0,0417;Редкое
30;четверг;11;1;0,0417;Редкое
30;четверг;14;1;0,0417;Редкое
30;пятница;7;2;0,1667;Частое
30;пятница;13;2;0,1667;Частое
30;пятница;4;1;0,0833;Частое
30;пятница;9;1;0,0833;Частое
30;пятница;3;1;0,0833;Частое
30;пятница;12;1;0,0833;Частое
30;пятница;16;1;0,0833;Частое
30;пятница;18;1;0,0833;Частое
30;пятница;6;1;0,0833;Частое
30;пятница;8;1;0,0833;Частое
30;пятница;7;2;0,1667;Редкое
30;пятница;13;2;0,1667;Редкое
30;пятница;4;1;0,0833;Редкое
30;пятница;9;1;0,0833;Редкое
30;пятница;3;1;0,0833;Редкое
30;пятница;12;1;0,0833;Редкое
30;пятница;16;1;0,0833;Редкое
30;пятница;18;1;0,0833;Редкое
30;пятница;6;1;0,0833;Редкое
30;пятница;8;1;0,0833;Редкое
30;суббота;5;2;0,1667;Частое
30;суббота;20;2;0,1667;Частое
30;суббота;2;1;0,0833;Частое
30;суббота;13;1;0,0833;Частое
30;суббота;17;1;0,0833;Частое
30;суббота;8;1;0,0833;Частое
30;суббота;10;1;0,0833;Частое
30;суббота;7;1;0,0833;Частое
30;суббота;9;1;0,0833;Частое
30;суббота;14;1;0,0833;Частое
30;суббота;5;2;0,1667;Редкое
30;суббота;20;2;0,1667;Редкое
30;суббота;2;1;0,0833;Редкое
30;суббота;13;1;0,0833;Редкое
30;суббота;17;1;0,0833;Редкое
30;суббота;8;1;0,0833;Редкое
30;суббота;10;1;0,0833;Редкое
30;суббота;7;1;0,0833;Редкое
30;суббота;9;1;0,0833;Редкое
30;суббота;14;1;0,0833;Редкое
30;воскресенье;14;2;0,1667;Частое
30;воскресенье;6;2;0,1667;Частое
30;воскресенье;11;1;0,0833;Частое
30;воскресенье;17;1;0,0833;Частое
30;воскресенье;10;1;0,0833;Частое
30;воскресенье;18;1;0,0833;Частое
30;воскресенье;3;1;0,0833;Частое
30;воскресенье;7;1;0,0833;Частое
30;воскресенье;4;1;0,0833;Частое
30;воскресенье;13;1;0,0833;Частое
30;воскресенье;14;2;0,1667;Редкое
30;воскресенье;6;2;0,1667;Редкое
30;воскресенье;11;1;0,0833;Редкое
30;воскресенье;17;1;0,0833;Редкое
30;воскресенье;10;1;0,0833;Редкое
30;воскресенье;18;1;0,0833;Редкое
30;воскресенье;3;1;0,0833;Редкое
30;воскресенье;7;1;0,0833;Редкое
30;воскресенье;4;1;0,0833;Редкое
30;воскресенье;13;1;0,0833;Редкое
31;вторник;4;1;0,0833;Частое
31;вторник;14;1;0,0833;Частое
31;вторник;17;1;0,0833;Частое
31;вторник;7;1;0,0833;Частое
31;вторник;8;1;0,0833;Частое
31;вторник;12;1;0,0833;Частое
31;вторник;9;1;0,0833;Частое
31;вторник;13;1;0,0833;Частое
31;вторник;15;1;0,0833;Частое
31;вторник;1;1;0,0833;Частое
31;вторник;17;1;0,0833;Редкое
31;вторник;7;1;0,0833;Редкое
31;вторник;8;1;0,0833;Редкое
31;вторник;12;1;0,0833;Редкое
31;вторник;9;1;0,0833;Редкое
31;вторник;13;1;0,0833;Редкое
31;вторник;15;1;0,0833;Редкое
31;вторник;1;1;0,0833;Редкое
31;вторник;2;1;0,0833;Редкое
31;вторник;11;1;0,0833;Редкое
31;среда;13;2;0,1667;Частое
31;среда;14;2;0,1667;Частое
31;среда;3;1;0,0833;Частое
31;среда;6;1;0,0833;Частое
31;среда;19;1;0,0833;Частое
31;среда;15;1;0,0833;Частое
31;среда;18;1;0,0833;Частое
31;среда;17;1;0,0833;Частое
31;среда;5;1;0,0833;Частое
31;среда;10;1;0,0833;Частое
31;среда;13;2;0,1667;Редкое
31;среда;14;2;0,1667;Редкое
31;среда;3;1;0,0833;Редкое
31;среда;6;1;0,0833;Редкое
31;среда;19;1;0,0833;Редкое
31;среда;15;1;0,0833;Редкое
31;среда;18;1;0,0833;Редкое
31;среда;17;1;0,0833;Редкое
31;среда;5;1;0,0833;Редкое
31;среда;10;1;0,0833;Редкое
31;пятница;6;2;0,1667;Частое
31;пятница;14;2;0,1667;Частое
31;пятница;20;1;0,0833;Частое
31;пятница;2;1;0,0833;Частое
31;пятница;3;1;0,0833;Частое
31;пятница;7;1;0,0833;Частое
31;пятница;9;1;0,0833;Частое
31;пятница;4;1;0,0833;Частое
31;пятница;16;1;0,0833;Частое
31;пятница;19;1;0,0833;Частое
31;пятница;6;2;0,1667;Редкое
31;пятница;14;2;0,1667;Редкое
31;пятница;20;1;0,0833;Редкое
31;пятница;2;1;0,0833;Редкое
31;пятница;3;1;0,0833;Редкое
31;пятница;7;1;0,0833;Редкое
31;пятница;9;1;0,0833;Редкое
31;пятница;4;1;0,0833;Редкое
31;пятница;16;1;0,0833;Редкое
31;пятница;19;1;0,0833;Редкое
31;суббота;5;2;0,1667;Частое
31;суббота;18;2;0,1667;Частое
31;суббота;1;1;0,0833;Частое
31;суббота;16;1;0,0833;Частое
31;суббота;19;1;0,0833;Частое
31;суббота;3;1;0,0833;Частое
31;суббота;8;1;0,0833;Частое
31;суббота;4;1;0,0833;Частое
31;суббота;9;1;0,0833;Частое
31;суббота;14;1;0,0833;Частое
31;суббота;5;2;0,1667;Редкое
31;суббота;18;2;0,1667;Редкое
31;суббота;1;1;0,0833;Редкое
31;суббота;16;1;0,0833;Редкое
31;суббота;19;1;0,0833;Редкое
31;суббота;3;1;0,0833;Редкое
31;суббота;8;1;0,0833;Редкое
31;суббота;4;1;0,0833;Редкое
31;суббота;9;1;0,0833;Редкое
31;суббота;14;1;0,0833;Редкое
31;воскресенье;17;2;0,1667;Частое
31;воскресенье;10;2;0,1667;Частое
31;воскресенье;1;1;0,0833;Частое
31;воскресенье;20;1;0,0833;Частое
31;воскресенье;3;1;0,0833;Частое
31;воскресенье;8;1;0,0833;Частое
31;воскресенье;9;1;0,0833;Частое
31;воскресенье;18;1;0,0833;Частое
31;воскресенье;2;1;0,0833;Частое
31;воскресенье;15;1;0,0833;Частое
31;воскресенье;17;2;0,1667;Редкое
31;воскресенье;10;2;0,1667;Редкое
31;воскресенье;1;1;0,0833;Редкое
31;воскресенье;20;1;0,0833;Редкое
31;воскресенье;3;1;0,0833;Редкое
31;воскресенье;8;1;0,0833;Редкое
31;воскресенье;9;1;0,0833;Редкое
31;воскресенье;18;1;0,0833;Редкое
31;воскресенье;2;1;0,0833;Редкое
31;воскресенье;15;1;0,0833;Редкое
